track_id,canonical_key,artist_key,hit,stratified_partition,artist_disjoint_partition
TRAACZR12903CDD291,anal cunt || brain dead,anal cunt,0,train,train
TRAAHZP12903CA25F4,organized konfusion || hate,organized konfusion,0,test,train
TRAAIHL128F92E6DDA,boyz ii men || on bended knee,boyz ii men,1,train,train
TRAAJYX128F4255568,maxi priest || groovin in the midnight,maxi priest,1,train,train
TRAALAH128E078234A,the verve || bitter sweet symphony,the verve,1,train,test
TRAAMJY128F92F5919,dj quik || born and raised in compton,dj quik,0,train,train
TRAAMRE128F4298E7D,keith urban || everybody,keith urban,1,train,train
TRAARHS128F931689D,the killers || spaceman,the killers,1,train,train
TRAAXUY12903CBE3D1,kris kross || tonites tha night,kris kross,1,train,train
TRABAFJ128F42AF24E,backstreet boys || larger than life,backstreet boys,1,train,test
TRABBUM128EF34C0FF,the pop group || snowgirl,the pop group,0,train,test
TRABELS128F422CEA9,the dreamside || somewhere before,the dreamside,0,test,test
TRABGMB128F92E8CF7,lily allen || smile,lily allen,1,train,test
TRABRXB128F92F3F94,outkast || hey ya,outkast,1,test,train
TRACAKD128F92D5D38,kelly clarkson || my life would suck without you,kelly clarkson,1,train,test
TRACAYL128F931EEA0,ill repute || its real,ill repute,0,train,test
TRACBNP128F4278243,mariah carey || vision of love,mariah carey,1,train,train
TRACBYL12903CFDBC6,eric church || love your love the most,eric church,1,train,test
TRACDED128F4259D38,taylor dayne || send me a lover,taylor dayne,1,train,train
TRACNJR128F4262E27,john hammond || come to find out,john hammond,0,train,train
TRACNMH12903CA9CCC,lady gaga || lovegame,lady gaga,1,test,train
TRACXJN128E0791F95,boomkat || the wreckoning,boomkat,1,test,train
TRADDCI128F42B2621,hayseed dixie || love gun,hayseed dixie,0,train,train
TRADDXS12903CEDB38,rihanna || dont stop the music,rihanna,1,train,test
TRADMQG128F932574A,the far east movement featuring lil rob and baby bash || youve got a friend,the far east movement featuring lil rob and baby bash,0,test,train
TRADMRP128F147CBF6,rishi rich || come here feat jay sean,rishi rich,0,train,train
TRADMUH128F146D3CD,kanye west || through the wire,kanye west,1,train,test
TRADODV128F4283EB6,mobb deep || got it twisted,mobb deep,1,test,test
TRADQXE128F1466AB9,queensryche || lady jane,queensryche,0,test,train
TRADTGS128F9326A6A,unwound || off this century,unwound,0,train,train
TRADWNF128E0792485,bryan adams || lets make a night to remember,bryan adams,1,train,test
TRAECBR128F429F8C0,britney spears || everytime,britney spears,1,train,train
TRAEJFS128F92DE220,taylor swift || fearless,taylor swift,1,train,test
TRAELQO128F42AC767,montgomery gentry || something to be proud of,montgomery gentry,1,train,train
TRAENGY128F4272846,buddy jewell || sweet southern comfort,buddy jewell,1,train,train
TRAERWQ128F92C2024,daniel powter || bad day,daniel powter,1,train,test
TRAETTU12903CC4FFF,earth to andy || everafter,earth to andy,0,train,train
TRAEUIW12903D018F0,jack johnson || you and your heart,jack johnson,1,train,train
TRAEVZX128F1498A3D,aimee mann || thats just what you are,aimee mann,1,train,train
TRAEZLQ128F427F954,snow patrol || chasing cars,snow patrol,1,train,train
TRAEZRK128F425CF62,subsonica || nei nostri luoghi,subsonica,0,train,test
TRAFCZI12903CD10B5,jan garbarek_ rainer bruninghaus_ yuri daniel_ manu katche || heitor,jan garbarek_ rainer bruninghaus_ yuri daniel_ manu katche,0,train,train
TRAFERA12903CB8AC8,eric prydz || pjanoo high contrast remix,eric prydz,0,train,test
TRAFKXU128F429CCFF,spice girls || say youll be there,spice girls,1,train,test
TRAFLZY128F148959F,my chemical romance || house of wolves,my chemical romance,0,train,test
TRAFQFM128E078EC97,eminem || the way i am,eminem,1,test,train
TRAFQFV128F9326217,onerepublic || good life,onerepublic,1,test,train
TRAFTOQ128F9338C3E,katie noonan || michelle,katie noonan,0,train,train
TRAFWCT128F42918E5,macy gray || i try,macy gray,1,train,test
TRAFWZH128F92D5266,luther vandross || dance with my father,luther vandross,1,test,train
TRAFZKE128F92CA976,tesla || signs,tesla,1,train,test
TRAFZKY128F424C628,miley cyrus || see you again,miley cyrus,1,train,train
TRAFZRL128F428E465,the white stripes || im slowly turning into you,the white stripes,0,train,train
TRAGAJR128F423AB35,mano solo || animals,mano solo,0,train,train
TRAGAPY128F92F5DDE,george michael || praying for time,george michael,1,train,train
TRAGARS128F427216A,the vaughan brothersstevie ray vaughanjimmy vaughan || telephone song,the vaughan brothersstevie ray vaughanjimmy vaughan,0,test,train
TRAGERD12903CA7308,strong arm steady || outro,strong arm steady,0,test,test
TRAGIIH128F92E4B1A,jonathan coulton || baby got back,jonathan coulton,0,train,train
TRAGNBQ128F149CB93,fall out boy || the carpal tunnel of love,fall out boy,1,test,test
TRAGOTQ128F42B8203,miley cyrus || fly on the wall,miley cyrus,1,train,train
TRAGREL12903CC2F14,stereo mcs || connected,stereo mcs,1,train,train
TRAGUHD128F92DE226,taylor swift || white horse,taylor swift,1,train,test
TRAHCDM128F148D60C,toby keith || american soldier,toby keith,1,train,train
TRAHEEY128F9335ECD,sean kingston || face drop,sean kingston,1,train,test
TRAHNDD128F429B545,mccarthy trenching || wedding song,mccarthy trenching,0,train,train
TRAHOZQ128F422B9CA,godsmack || straight out of line,godsmack,1,train,train
TRAHWZY128F93395F3,new monsoon || bridge of the gods,new monsoon,0,train,train
TRAHYBI128F933674C,mc solaar || baby love,mc solaar,0,test,train
TRAIBCU128F9331A37,textbook traitors || force fed voices,textbook traitors,0,test,train
TRAIBXJ128F4260700,a tribe called quest || scenario,a tribe called quest,1,train,train
TRAIFMB12903CF1219,robert le magnifique || oh yeah baby,robert le magnifique,0,train,train
TRAIIEX12903CE4185,edsel || laugh him to scorn,edsel,0,test,train
TRAIIML128F4230F75,stone sour || through glass,stone sour,1,train,test
TRAILFA128EF349FE5,nine inch nails || survivalism,nine inch nails,1,train,train
TRAILPT128F4266A57,the northern pikes || she aint pretty,the northern pikes,1,train,test
TRAIMRN128E0791E72,toby keith || whos your daddy,toby keith,1,train,train
TRAINIF128F426416B,backstreet boys || the call,backstreet boys,1,train,test
TRAIPRO128F429AE69,dynamite boy || avondale,dynamite boy,0,train,train
TRAIVTG128F429DAD1,hymies basement || i am a sewer at heart,hymies basement,0,test,train
TRAIVZI128F42642DE,backstreet boys || shape of my heart,backstreet boys,1,test,test
TRAIXQS128F14ACD1F,john carpenter || halloween,john carpenter,0,test,train
TRAIXXC128F1466EC9,dangelo || cruisin,dangelo,1,train,train
TRAJBGL128F145C7A8,tom cochrane || washed away,tom cochrane,1,test,train
TRAJGAB12903CCBA42,juvenile || set it off,juvenile,1,train,test
TRAJGQM128E0782823,mazzy star || ride it on,mazzy star,0,train,train
TRAJHFR128F9333791,menudo || fuego,menudo,0,train,train
TRAJSOD128F9339CD6,vanessa hudgens || sneakernight,vanessa hudgens,1,train,train
TRAJVHI128F930EFAF,beyonce || ring the alarm,beyonce,1,train,train
TRAJWOQ128EF34E94D,alain goraguer || blues de memphis,alain goraguer,0,train,train
TRAJXQL128F428CAF0,los del rio || macarena,los del rio,1,train,test
TRAKBHB128F4267AF3,signal the escape || exorcism in the er,signal the escape,0,train,train
TRAKDJO128E07811D8,ashlee simpson || pieces of me,ashlee simpson,1,train,train
TRAKFPX128F4235FEF,sonora carruseles || chela,sonora carruseles,0,test,test
TRAKIKH128EF33FE4C,electrelane || at sea,electrelane,0,train,train
TRAKYMO128F4244AAC,ryan auffenberg || pictures of someone else,ryan auffenberg,0,test,train
TRAKYTI128C7196464,nelly || 1,nelly,1,train,train
TRAKZLJ12903CB91A6,the coctails || china song,the coctails,0,train,test
TRAKZSN12903CFCF04,fragma || tocas miracle,fragma,1,test,train
TRALGCA128E078EC5F,sheryl crow || all i wanna do,sheryl crow,1,train,train
TRALHRB128F4267197,celine dion || think twice,celine dion,1,train,train
TRALIEV128F92DE23C,taylor swift || shouldve said no,taylor swift,1,train,test
TRALJBT128F4266FD8,jennifer lopez || play,jennifer lopez,1,train,test
TRALLSG128F425A685,dido || white flag,dido,1,train,train
TRALOVV128EF357F36,the wedding || the last stand wake the regiment 2 new version,the wedding,0,train,test
TRALTRW128F92F614A,the krewmen || lords of the night,the krewmen,0,train,train
TRALWUX128F93465C1,teena marie || you baby,teena marie,0,train,test
TRALWXA128F4270DF3,seal || the beginning giro e giro mix,seal,0,train,train
TRALZBP128F4263E1A,ty herndon || a man holdin on to a woman lettin go,ty herndon,1,train,train
TRAMBEY128F42408F1,sinch || plasma,sinch,0,test,train
TRAMDHN128F92F5E19,sierra maestra || abandonada blancas azucenas,sierra maestra,0,test,train
TRAMFJR128F92C1DB1,toni braxton || he wasnt man enough,toni braxton,1,train,train
TRAMFKG128F92F5ED9,jeff buckley || strange fruit,jeff buckley,0,train,train
TRAMHMO128F93167EA,juana molina || isabel,juana molina,0,test,train
TRAMPDH128F426C002,da brat || thats what im looking for,da brat,1,test,train
TRAMTZM12903D01F9E,kenny chesney || the good stuff,kenny chesney,1,train,test
TRAMWFF12903CBC2F1,rank 1 || such is life marco v remix,rank 1,0,test,train
TRANAAU128F92E9228,jonas brothers || paranoid,jonas brothers,1,train,train
TRANEFR12903CF6040,vanilla ice || ice ice baby,vanilla ice,1,test,train
TRANEIV128F92E3AA6,daughtry || its not over,daughtry,1,train,train
TRANGYF128E0786C33,madonna || bedtime story,madonna,1,test,train
TRANHYE128F92DE232,taylor swift || the way i loved you,taylor swift,1,train,test
TRANNZZ128F92C22F7,justin timberlake || what goes aroundcomes around,justin timberlake,1,test,train
TRANPBI128F9313477,wisin yandel || rakata,wisin yandel,1,train,test
TRANTYE128F4235B89,ec scott || wise as a fool,ec scott,0,train,train
TRANYGG128F42A478B,n sync || god must have spent a little more time on you,n sync,1,train,test
TRANZLM128F92F741E,rihanna || sos,rihanna,1,train,test
TRAOBKM128F92F894E,chalk farm || lillie anne,chalk farm,0,train,test
TRAOGAZ128F42B7FFC,the killers || when you were young,the killers,1,test,train
TRAOGHG12903CA3B89,usher || moving mountains,usher,1,train,train
TRAOIAH128F92F707B,ice cube || it was a good day,ice cube,1,test,train
TRAOSMP128F429344F,expose || ill never get over you getting over me,expose,1,train,train
TRAOVQE128F42950A2,cherry ghost || mountain bird,cherry ghost,0,test,train
TRAOXSV12903CC1D0E,mr gelatine || frank,mr gelatine,0,train,train
TRAPDCB128F42824A6,jessica simpson || take my breath away,jessica simpson,1,train,train
TRAPJGX128F92F43A7,edwin mccain || ill be,edwin mccain,1,test,train
TRAPLBK128F930FDB4,boyz ii men || motownphilly,boyz ii men,1,train,train
TRAPSLA12903CACB8A,godsmack || what if,godsmack,0,train,train
TRAPTOE128F4272000,akon || dont matter,akon,1,train,test
TRAPVUT128F4267198,celine dion || only one road,celine dion,1,train,train
TRAQIFA128F932F367,gavin degraw || i dont want to be,gavin degraw,1,test,train
TRAQJHQ12903CEAFFC,kelis || milkshake,kelis,1,train,test
TRAQNAU128F425804A,dave gahan || deeper and deeper shrubbn dub,dave gahan,0,train,test
TRAQULW128F4282459,the veronicas || untouched,the veronicas,1,train,train
TRAQXJY12903CF3A0E,steel pulse || house of love,steel pulse,0,train,test
TRAQYWF128F4260468,the breeders || cannonball,the breeders,1,train,train
TRARDSR128F42698B3,blessid union of souls || i wanna be there,blessid union of souls,1,train,test
TRARHDP128F4270549,babyface || for the cool in you,babyface,1,train,train
TRARHNW128F9350564,lauryn hill || everything is everything,lauryn hill,1,test,train
TRARQIJ128F424DD68,system 7 || hangar 84,system 7,0,train,train
TRARQSD128F427E2AA,pearl jam || wishlist,pearl jam,1,test,train
TRARSKA128F9336A04,britney spears || 3,britney spears,1,train,train
TRARTPH128E0789C05,dierks bentley || settle for a slowdown,dierks bentley,1,train,train
TRARUTP128E0797FC7,linkin park || crawling,linkin park,1,test,train
TRARUVW128F1456D5D,the cootees || hidden track outro to they dont know,the cootees,0,train,test
TRASBJU128F9324EFA,angie stone || wish i didnt miss you,angie stone,1,test,train
TRASBVS12903CF4537,alicia keys || if i aint got you,alicia keys,1,test,test
TRASHZB128E0791E81,dave hollister || one woman man,dave hollister,1,train,test
TRASNXV128F93370C1,robots in disguise || the tears i haunt wizards,robots in disguise,0,train,test
TRASQGR128F14557AA,matchbox twenty || unwell,matchbox twenty,1,train,train
TRASUJK128E0789C12,coldplay || speed of sound,coldplay,1,test,train
TRATAZS12903CB8D7F,ulver || ulvsblakk,ulver,0,train,train
TRATKDP128F9311128,fanfarlo || fire escape,fanfarlo,0,test,train
TRATKVY128EF35F97A,maroon 5 || harder to breathe,maroon 5,1,train,train
TRATPRX128F933E1BF,wiley ft mc dream || the olly,wiley ft mc dream,0,train,train
TRATYUK128F932A6F7,curtis stigers || youre all that matters to me,curtis stigers,1,train,train
TRAUBOV128F428BC3C,public enemy featuring paris || hard rhymin,public enemy featuring paris,0,train,train
TRAUCZX128F149D9AE,tracy byrd || walking to jerusalem,tracy byrd,1,train,train
TRAUEFD128F42AB2B2,808 state || moses,808 state,0,train,test
TRAUFOD12903CF8AAB,langhorne slim || be set free,langhorne slim,0,train,train
TRAUGFL128F9343241,r kelly || feelin on yo booty,r kelly,1,train,train
TRAUHFI128F9326238,metro station || seventeen forever,metro station,1,train,train
TRAUMUT128F9323694,supreme love gods || temptation,supreme love gods,0,train,test
TRAUMVS128F42922A8,the presidents of the united states of america || poke and destroy,the presidents of the united states of america,0,train,train
TRAUOPE128EF367610,linkin park || given up,linkin park,1,train,train
TRAUUIH128F422B70A,liberty n justice || if the world could be mine,liberty n justice,0,test,train
TRAUXNG128F933AA28,john legend || ordinary people,john legend,1,test,test
TRAUYZG12903CDA4E9,bon jovi || this aint a love song,bon jovi,1,test,train
TRAUZDH128F42B86F4,shawn christopher || another sleepless night,shawn christopher,1,train,train
TRAVANT128F92E3F71,mariah carey || someday,mariah carey,1,train,train
TRAVDMC128F147680D,rob zombie || ride,rob zombie,0,train,train
TRAVESR128F424FE7A,teenagers in tokyo || black bones,teenagers in tokyo,0,train,train
TRAVJHK128E078370B,ll cool j || headsprung,ll cool j,1,train,train
TRAVNSX12903CB507F,madvillain || great day,madvillain,0,test,train
TRAVVLI128F92F7053,50 cent || if i cant,50 cent,1,test,train
TRAWCBC128F92ECDE9,kid cudi || day n nite,kid cudi,1,train,test
TRAWCCM128F146E3E6,nine inch nails || the hand that feeds,nine inch nails,1,train,train
TRAWFTQ12903CAC1FA,natasha bedingfield || these words,natasha bedingfield,1,train,train
TRAWFUR128F1463CCD,hoobastank || running away,hoobastank,1,test,train
TRAWGXD128F428A36B,mindy mccready || guys do it all the time,mindy mccready,1,train,train
TRAWIPG128F92F00EF,dru hill || beauty,dru hill,1,test,test
TRAWIXF12903CEACE3,come ons_ the || dollar in my pocket,come ons_ the,0,train,train
TRAWNOJ128F4241807,dark new day || free,dark new day,0,train,train
TRAWPFX128F92E58B5,bebo norman || sunday,bebo norman,0,train,train
TRAWPNC128F92EAA90,toby love featuring rakim keny || tengo un amor,toby love featuring rakim keny,1,train,train
TRAWULX128F4291255,martina mcbride || gods will,martina mcbride,1,train,train
TRAWVYP128F9305DF2,boys like girls featuring taylor swift || two is better than one,boys like girls featuring taylor swift,1,train,test
TRAXACQ128F9333037,tarwater || farn,tarwater,0,train,train
TRAXIAY128F145DE8B,ronny jordan || london lowdown,ronny jordan,0,test,train
TRAXJHG128F427EA02,3 doors down || be like that,3 doors down,1,test,train
TRAXPAV128F42A6F70,meat loaf || id do anything for love but i wont do that,meat loaf,1,train,train
TRAXSYH128F9307A73,99 posse || salario garantito versione strumentale,99 posse,0,train,train
TRAXVGE128E0783F1D,gwen stefani || what you waiting for,gwen stefani,1,train,train
TRAXVZB128E0786351,erasure || in my arms,erasure,1,train,train
TRAYBXW128F92DFC6B,vinegar joe || leg up,vinegar joe,0,train,train
TRAYKOC128F930D2B8,aerosmith || cryin,aerosmith,1,train,train
TRAYLNV128F42383F4,robert miles || children,robert miles,1,train,train
TRAYLVX12903CB44D9,the black keys || no trust,the black keys,0,train,train
TRAYSLN128F933F133,cristian marchi feat dr feelx || love sex american express,cristian marchi feat dr feelx,0,train,train
TRAYSMO128F9318E7C,the fray || absolute,the fray,1,train,train
TRAYTAL128F4286E76,enchant || below zero,enchant,0,test,train
TRAYUXO12903C99CBF,the fray || you found me,the fray,1,train,train
TRAZASM128F932FBEE,franz ferdinand || do you want to,franz ferdinand,1,train,train
TRAZCRN128F1466692,econoline crush || purge ii,econoline crush,0,train,test
TRAZDPO128E078ECE6,aerosmith || crazy,aerosmith,1,train,train
TRAZHUK128E0789114,akon || lonely,akon,1,test,test
TRAZOSB128F9302A07,maroon 5 || this love,maroon 5,1,test,train
TRAZSDN128F42B65CD,sunshine anderson || heard it all before,sunshine anderson,1,train,train
TRAZSRC128F425A06C,mc hammer || here comes the hammer,mc hammer,1,test,test
TRAZTBZ128F4274A59,gavin rossdale || love remains the same,gavin rossdale,1,train,test
TRAZUFU128F42AF80E,aretha franklin || here we go again,aretha franklin,1,train,train
TRAZWGK128F93141E3,lady gaga || poker face,lady gaga,1,train,train
TRAZWGV128F425DA7C,tracy byrd || just let me be in love,tracy byrd,1,train,train
TRBAFJQ128F4259FB5,annie lennox || little bird,annie lennox,1,train,train
TRBAHID128F4278EAF,shakira || objection tango,shakira,1,train,train
TRBAJNF128F92E3154,malu || a esto le llamas amor,malu,0,test,train
TRBAMHJ128F9302A08,maroon 5 || she will be loved,maroon 5,1,train,train
TRBAQAK12903CE6858,trey songz || neighbors know my name,trey songz,1,train,train
TRBASRX12903C9FDA8,nickelback || savin me,nickelback,1,train,test
TRBAUHT128F92F0657,nickelback || if today was your last day,nickelback,1,test,test
TRBAUVN128F932FEF8,britney spears || oopsi did it again,britney spears,1,train,train
TRBAWVZ128F93125B2,nando reis || tao diferente,nando reis,0,test,train
TRBAXMR128F14623A4,hitman sammy sam || step daddy,hitman sammy sam,1,train,train
TRBAYFP128F1454204,ja rule || clap back,ja rule,1,train,test
TRBAZFD12903CB641D,brooke white || hold up my heart,brooke white,1,test,test
TRBBAEQ128F42B18B9,journey || when you love a woman,journey,1,test,test
TRBBDAH128F92E625E,city high || what would you do,city high,1,train,test
TRBBEBZ128F426B298,will smith featuring dru hill kool mo dee || wild wild west,will smith featuring dru hill kool mo dee,1,train,test
TRBBIEX128F92ECDA8,nevertheless || the real,nevertheless,0,train,train
TRBBLTI128F4288413,pressha || splackavellie,pressha,1,train,train
TRBBOUN128F425A4E6,rick astley || hopelessly,rick astley,1,train,test
TRBBTJL128F9311B15,lmfao || la la la,lmfao,1,train,test
TRBBXSE128F42798F6,mariah carey || honey,mariah carey,1,test,train
TRBCBEU128F92C2F02,michael jackson || butterflies,michael jackson,1,train,train
TRBCFLI128F429F370,defari || xtra thump featuring tash from tha alkaholiks,defari,0,train,train
TRBCFQK12903CA5CE2,jason derulo || whatcha say,jason derulo,1,train,test
TRBCHPT128F425E20D,foo fighters || long road to ruin,foo fighters,1,train,test
TRBCOIH12903CE7C7D,sandy rivera haze || freak,sandy rivera haze,0,test,train
TRBCQSK128F92DF8BB,culture beat || mr vain,culture beat,1,test,train
TRBCTCG128F92EB1B7,wutang clan || method man,wutang clan,1,train,train
TRBCWVZ128F427A8DC,ozzy osbourne || no more tears,ozzy osbourne,1,train,test
TRBDCAH128EF362D31,the pharcyde || passin me by,the pharcyde,1,train,train
TRBDCXE128F4268C1D,kris kross || jump,kris kross,1,train,train
TRBDDIO12903D0C9C7,canaman || tu peor enemigo,canaman,0,train,test
TRBDEKL12903D0CD42,wutang clan || its yourz,wutang clan,0,train,train
TRBDENB128F42B7798,bone thugsnharmony || 2 glocks,bone thugsnharmony,0,train,train
TRBDLVX128F42B0283,whitney houston || i learned from the best,whitney houston,1,train,train
TRBDUIU128F42727EB,our lady peace || somewhere out there,our lady peace,1,train,train
TRBDWDQ128F1455787,3 doors down || here without you,3 doors down,1,train,train
TRBEASU128F42AA4E3,mae || home,mae,0,train,test
TRBECBM128F426AA34,ricky martin || shes all i ever had,ricky martin,1,train,train
TRBECQJ128F92C2278,kiko shara || sin ton ni son,kiko shara,0,train,train
TRBEFXF128F4263CE9,musiq || dontchange,musiq,1,train,train
TRBERTJ128F92E094B,slim gaillard || scotchin with soda,slim gaillard,0,train,train
TRBEXEH128E0791C69,puressence || shes gotten over you,puressence,0,train,train
TRBEZNN12903CDBCA9,barkays || 48 hours,barkays,0,train,train
TRBEZWU128F932D1F6,sheryl crow || leaving las vegas,sheryl crow,1,test,train
TRBFAES12903CE2660,kelly clarkson || breakaway,kelly clarkson,1,train,test
TRBFCHB128F9317C92,greg billings band || lightnin in my pocket,greg billings band,0,train,train
TRBFCHC128F933A3F6,the sunny cowgirls || acting stupid,the sunny cowgirls,0,train,train
TRBFLXG128F42ADAC5,pnk || stupid girls,pnk,1,test,test
TRBFOCI128F930C8F2,four bitchin babes || dyslexic camille co,four bitchin babes,0,train,train
TRBFTBY128F426663E,montgomery gentry || she couldnt change me,montgomery gentry,1,test,train
TRBFYIS128F4257F0A,disturbed || indestructible,disturbed,1,test,test
TRBFYNY128F92F8755,keha || your love is my drug,keha,1,test,train
TRBGASN128F427BF8F,jennifer lopez || im glad,jennifer lopez,1,train,test
TRBGEMT128F42B2E0C,paula deanda featuring baby bash || doing too much,paula deanda featuring baby bash,1,test,train
TRBGJDW128F4292EDB,alicia keys || karma,alicia keys,1,test,test
TRBGMNM128F428E610,robin mckelle || lullaby of birdland,robin mckelle,0,train,test
TRBGMUX12903CFAD92,steve coleman five elements || plagal transitions,steve coleman five elements,0,train,train
TRBGRIP128F147FCA6,phil collins || everyday,phil collins,1,train,train
TRBGTDT128F4237502,seal || killer,seal,1,train,train
TRBHBSN128F427164E,seether || fake it,seether,1,test,train
TRBHEVR128F4263CE0,firehouse || dont treat me bad,firehouse,1,train,test
TRBHFNJ128F428B3B4,heather headley || he is,heather headley,1,train,train
TRBHHDJ128F427CD27,norah jones || sinkin soon,norah jones,0,train,test
TRBHKFD128F9330DDE,better luck next time || second chances,better luck next time,0,train,train
TRBHLDQ128F423EF10,the white stripes || blue orchid,the white stripes,1,train,train
TRBHMTJ128E079911B,depeche mode || precious,depeche mode,1,train,train
TRBHNID128F42B0D21,whitney houston || my love is your love,whitney houston,1,test,train
TRBHPJS128F4270609,the loud family || controlled burn parts 1 and 2,the loud family,0,train,train
TRBHUSP128F4242DD0,toby keith || shouldve been a cowboy,toby keith,1,train,train
TRBHVDQ128E0788919,the smashing pumpkins || bullet with butterfly wings,the smashing pumpkins,1,train,train
TRBHYPZ128F42639B0,robin thicke || lost without u,robin thicke,1,test,train
TRBHZKB128F931ADA0,jinny || keep warm,jinny,1,test,train
TRBHZLM128EF3630DA,good clean fun || in defense of all life,good clean fun,0,test,train
TRBIEIZ128F148D778,kanye west || diamonds from sierra leone,kanye west,1,train,test
TRBIGJK128E0783FCB,jojo || leave get out,jojo,1,test,train
TRBIHSU128C71969B4,the commitments || try a little tenderness,the commitments,1,test,train
TRBIKYN128F426D409,sierra leone refugee all stars || garbage to the showglass,sierra leone refugee all stars,0,train,train
TRBIMCV128F4272B3C,lincoln brewster || king of majesty,lincoln brewster,0,train,train
TRBIVHT128F4270A82,regina belle || if i could,regina belle,1,test,test
TRBIYQO128F424842F,blood has been shed || beatnik,blood has been shed,0,train,train
TRBJLNW128F932000C,afroman || in your pussy,afroman,0,test,train
TRBJMWA128F42365BE,life of agony || coffee break alt version,life of agony,0,train,train
TRBJPOI128F1477B40,adrian belew || member of the tribe lp version,adrian belew,0,train,train
TRBJQDI128E078F973,erykah badu || bag lady,erykah badu,1,train,train
TRBJRUG128E078CCF6,deville_ willy || cant do without it,deville_ willy,0,train,train
TRBJVUJ128F428067B,future leaders of the world || make you believe,future leaders of the world,0,test,train
TRBKGQY128F9318ECA,martina mcbride || ride,martina mcbride,1,train,train
TRBKJUP128F92CE25D,the hilos || georgia on my mind,the hilos,0,train,train
TRBKRTH128E078A7EC,madonna || take a bow,madonna,1,train,train
TRBKWOC128F9316949,britney spears || if u seek amy,britney spears,1,train,train
TRBKYVE128F93350D1,mims || move if you wanna,mims,1,train,test
TRBKZCT128F146B177,liz phair || nashville,liz phair,0,train,test
TRBLANS128F92FD3FF,audioslave || like a stone,audioslave,1,test,train
TRBLLKQ128F426C372,the presets || this boys in love,the presets,0,train,train
TRBLNIK128E078889F,mariah carey || its like that,mariah carey,1,train,train
TRBLNQK128F42149CC,sheryl crow || soak up the sun,sheryl crow,1,train,train
TRBLPQA128F425AEED,boys like girls || the great escape,boys like girls,1,train,train
TRBLTFG128F148325C,lionel richie || i call it love,lionel richie,1,test,train
TRBLUTW128F42BA8E3,shwayze || corona and lime,shwayze,1,train,train
TRBLWXP128F427F1E6,the krayolas || nolan street bridge,the krayolas,0,train,train
TRBLYWB128F92E513E,rem || supernatural superserious,rem,1,test,test
TRBMKVF128E0789440,stevie wonder || so what the fuss,stevie wonder,1,train,train
TRBMLAL128F933BAA9,florent marchet || notre jeunesse,florent marchet,0,test,train
TRBMRAI128F427B204,adele || chasing pavements,adele,1,train,train
TRBMRIP128F92D4A1C,hot leg || ashamed,hot leg,0,train,train
TRBMRZD128F4265E62,mick harvey || the sun directly overhead,mick harvey,0,train,train
TRBMXGA128F147F27A,julie roberts || smile,julie roberts,0,test,train
TRBNCNL128F145FC80,default || wasting my time,default,1,train,train
TRBNDZE128F42B93E9,songs of green pheasant || stars from birds,songs of green pheasant,0,train,test
TRBNEYY128F4227218,the badloves || sugar daddy,the badloves,0,train,train
TRBNKEI128F422EC4B,sean kingston || beautiful girls,sean kingston,1,train,test
TRBNLBX128F92CB2B5,jonas brothers || a little bit longer,jonas brothers,1,train,train
TRBNMTW12903D06112,4troops || youll never walk alone,4troops,0,train,test
TRBNTSA12903CCDEED,unanimated || fire storm demo 1991 bonus tracks the blackness of the fallen star,unanimated,0,train,test
TRBNXIX128F428E905,bruce hornsby || fields of gray,bruce hornsby,1,test,train
TRBNYBX128F422EC61,plain white ts || hey there delilah,plain white ts,1,train,train
TRBOEAS128F932FE7E,britney spears || from the bottom of my broken heart,britney spears,1,test,train
TRBOFYN128E078EFA7,702 || steelo,702,1,train,test
TRBOGEC128F425D9AD,wilson phillips || youre in love,wilson phillips,1,train,train
TRBOIJW128F428A2F6,home grown || employers market,home grown,0,train,train
TRBOXAW128F92EDC55,natalia lafourcade || siempre prisa,natalia lafourcade,0,test,train
TRBPBYN12903CC78B0,easton corbin || roll with it,easton corbin,1,train,train
TRBPDLR128F92C5DD7,katy perry || hot n cold,katy perry,1,test,train
TRBPDXQ128F42652EB,soul asylum || misery,soul asylum,1,train,train
TRBPFNG128F426C12F,the ark || hey kwanongoma,the ark,0,train,train
TRBPKMI128F92E6F37,rihanna || disturbia,rihanna,1,test,test
TRBPNHC128F428A346,brooks dunn || my heart is lost to you,brooks dunn,1,train,train
TRBPNPN128F92EC5F5,celine dion || all by myself,celine dion,1,train,train
TRBPOAX128E078F6F0,jodeci || stay,jodeci,1,train,train
TRBPUNJ128F148CB28,disiz la peste || le challenger,disiz la peste,0,train,train
TRBPWVZ128F4214A7E,ashlee simpson || shadow,ashlee simpson,1,train,train
TRBQAWT128F1495BA5,johnny gill || wrap my body tight,johnny gill,1,train,test
TRBQDIQ128E07914D8,rihanna || pon de replay,rihanna,1,train,test
TRBQIFQ128F14585B2,shabba ranks featuring maxi priest || housecall,shabba ranks featuring maxi priest,1,train,test
TRBQIKR128F148BE55,mariah carey || we belong together,mariah carey,1,train,train
TRBQTGM128F9316AF6,burkhard dallwitz || aquaphobia,burkhard dallwitz,0,train,train
TRBRBHN128F429DDEF,fergie || clumsy,fergie,1,train,test
TRBRDAA128F429C8B4,marilyn crispell || minstrels,marilyn crispell,0,test,train
TRBRJQK12903CB7325,deerhoof || new sneakers,deerhoof,0,train,train
TRBRKOB128F932AE02,20 minute loop || jubliation,20 minute loop,0,test,train
TRBRMAC128F92C1D08,nick lachey || whats left of me,nick lachey,1,test,train
TRBRQYA128F42724B0,jon mclaughlin || just give it time,jon mclaughlin,0,train,train
TRBRTTV128F933AF4C,gwen stefani || wind it up,gwen stefani,1,test,train
TRBSBBC128F9328DBF,sugarland || just might make me believe,sugarland,1,train,train
TRBSBNC12903CC459E,rihanna || russian roulette,rihanna,1,test,test
TRBSHKL128F424A71D,frank stallone || baby wont you please come home,frank stallone,0,train,train
TRBSIZW128F4284C4C,liz story || menuett 6,liz story,0,test,train
TRBSQIW128F9306A32,dr alban || its my life,dr alban,1,train,train
TRBSWCE128F42556A1,rihanna || take a bow,rihanna,1,test,test
TRBSXDJ128F4284782,sonic syndicate || blue eyed fiend,sonic syndicate,0,train,train
TRBSYNQ128F14683AE,faith no more || pristina,faith no more,0,test,train
TRBTHVC128E0795E9B,francisco cespedes || olvidarte,francisco cespedes,0,train,train
TRBTJNA128E0793804,ace of base || beautiful life,ace of base,1,train,test
TRBTNPR12903D13765,adam lambert || if i had you,adam lambert,1,train,train
TRBTRAD128F42A964C,kelly clarkson || since u been gone,kelly clarkson,1,test,test
TRBTTDG128F930D559,bon jovi || always,bon jovi,1,train,train
TRBTUOU128F42B01C3,heather headley || in my mind,heather headley,1,train,train
TRBTVET128F42AD778,kelly clarkson || because of you,kelly clarkson,1,train,test
TRBTVVD128F146D742,red hot chili peppers || otherside,red hot chili peppers,1,test,train
TRBTWJK128EF366021,cascada || everytime we touch,cascada,1,test,train
TRBTYHA128F14B027A,black box || strike it up,black box,1,train,train
TRBUCDV12903CD3762,christina milian || am to pm,christina milian,1,test,test
TRBUCED128F149F6B5,corinne bailey rae || put your records on,corinne bailey rae,1,train,train
TRBUIPK12903CA52AD,kenny chesney || keg in the closet,kenny chesney,1,train,test
TRBUJIM128F1491076,sum 41 || fat lip,sum 41,1,train,train
TRBUQPA128E0781F35,unbelievable truth || stone,unbelievable truth,0,train,train
TRBUSEG128F93586D0,part chimp || today 2,part chimp,0,train,train
TRBUTBZ12903CE75B1,joe rogan || qa taken a lot of jobs because im a whore,joe rogan,0,test,test
TRBUTXG128F145FC12,saliva || rest in pieces,saliva,1,test,train
TRBUTXM128F931DD1B,os travessos || maravilha te amar,os travessos,0,train,train
TRBUUHI128F427D61B,everclear || the boys are back in town,everclear,0,train,train
TRBUUHS128E0799696,faith hill || like we never loved at all,faith hill,1,train,train
TRBUYMR128F427D59A,bwitched || cest la vie,bwitched,1,train,train
TRBVGPM128F4267587,gloria estefan || live for loving you,gloria estefan,1,train,train
TRBVKOX128F422DF3B,foreign born || we had pleasure bonus track,foreign born,0,test,train
TRBVLJY128F4257A9F,darkseed || desire,darkseed,0,test,train
TRBVQYK128F4272647,chris cornell || you know my name,chris cornell,1,train,train
TRBVRFY128F93456B1,erykah badu || on on,erykah badu,1,train,train
TRBVUIY12903CBD5BB,satanic surfers || callousness,satanic surfers,0,train,train
TRBVXSN128EF35E29F,black box || everybody everybody,black box,1,train,train
TRBWBNA128F425E73F,nas || it aint hard to tell,nas,1,train,train
TRBWJTA128F149A143,joao gilberto || da cor do pecado,joao gilberto,0,test,train
TRBWLEJ128F427BE54,andrew bird || song of foot,andrew bird,0,train,train
TRBWNTC128F9309A59,the killers || all these things that ive done,the killers,1,train,train
TRBWVII128F92F6560,the 2 live crew || me so horny,the 2 live crew,1,train,train
TRBXADA128F9316C50,the pussycat dolls || when i grow up,the pussycat dolls,1,train,train
TRBXBFO128E078EB3F,sheryl crow || everyday is a winding road,sheryl crow,1,train,train
TRBXEGV128F4234D20,the whigs || give em all a big fat lip,the whigs,0,train,test
TRBXPBD128F14953ED,smalltown poets || love so divine,smalltown poets,0,train,train
TRBXRBU128F9300D3F,the cadillacs || speedo,the cadillacs,0,test,train
TRBXVRQ128F1483BCE,bonnie raitt || love sneakin up on you,bonnie raitt,1,test,train
TRBXWOK128F1492235,zhane || hey mr dj,zhane,1,train,train
TRBYDJX12903CF319C,severed heads || advertisement,severed heads,0,train,train
TRBYFDK128F9335B61,la phaze || jamma inapunkadub style mix,la phaze,0,test,train
TRBYRQW128F422B970,soul for real || candy rain,soul for real,1,train,test
TRBYTZB128F4260589,swv || im so into you,swv,1,train,train
TRBYUKF128F92C1D06,jessica simpson || a public affair,jessica simpson,1,train,train
TRBYWZA128F148F720,julie doiron || dont ask,julie doiron,0,train,train
TRBYXFT12903CD0277,the underwolves || in the picture intega remix,the underwolves,0,train,train
TRBYZSV128F42B023B,gavin degraw || chariot,gavin degraw,1,train,train
TRBZCPB128F92E5AD3,craig morgan || sticks,craig morgan,0,train,train
TRBZFCH128F428871D,monica || u shouldve known better,monica,1,train,train
TRBZFIU128F92C9095,midnight oil || blue sky mine,midnight oil,1,train,train
TRBZGSM128E078EDB4,eminem || without me,eminem,1,train,train
TRBZIIG128F42817E3,theory of a deadman || all or nothing,theory of a deadman,1,test,test
TRBZLDR128F426FF03,to my boy || model,to my boy,0,train,train
TRBZMFF12903D0F199,emmon || slow emotion,emmon,0,train,test
TRBZNIQ128F426809C,terry riley || anthem of the trinity,terry riley,0,train,test
TRBZSKY128E0783922,the eighties matchbox bline disaster || migrate migraine,the eighties matchbox bline disaster,0,train,test
TRBZVAU128F932DC28,jayz || i just wanna love u give it 2 me,jayz,1,train,train
TRBZVUJ128F4214DF6,sting || all this time,sting,1,test,train
TRCABSN12903CC52F3,tevin campbell || goodbye,tevin campbell,1,train,train
TRCACDI128F934B31F,mikromusic || sennik,mikromusic,0,train,test
TRCADQW128F4260C6D,avril lavigne || losing grip,avril lavigne,1,train,train
TRCAEZB128F424FBB5,fanfare ciocarlia || devlesa,fanfare ciocarlia,0,train,train
TRCAFTG128F428C458,public enemy || cant truss it,public enemy,1,train,train
TRCAQXK128F92EB3DA,david archuleta || angels,david archuleta,1,train,train
TRCBDGX128F92C2EFD,michael jackson || blood on the dance floor,michael jackson,1,train,train
TRCBEZX128F4278C78,hepburn || here comes napoleon,hepburn,0,train,test
TRCBHDA128F42AC47A,toni braxton || spanish guitar,toni braxton,1,train,train
TRCBJZD128F9302B2A,bonnie raitt || i cant make you love me,bonnie raitt,1,train,train
TRCBMXF128F93055B1,onerepublic || all the right moves,onerepublic,1,train,train
TRCBOSA128F92FBCD2,dilute || bea,dilute,0,train,train
TRCBSSP128F92E1497,the konki duet || le mariage dans les nuages,the konki duet,0,train,train
TRCBUDZ128F934DECB,the tyde || north county times,the tyde,0,train,train
TRCBUVI128F92DD93F,natasha bedingfield featuring sean kingston || love like this,natasha bedingfield featuring sean kingston,1,test,train
TRCBZEO128F427E24F,u2 || whos gonna ride your wild horses,u2,1,train,test
TRCBZLW128F428CF55,brooks dunn || boot scootin boogie,brooks dunn,1,train,train
TRCCJKN128F426E04D,da brat || funkdafied,da brat,1,train,train
TRCCKLL128F4296C2A,petey pablo || raise up,petey pablo,1,train,train
TRCCOZQ128F426665E,sophie b hawkins || damn i wish i was your lover,sophie b hawkins,1,train,train
TRCCRQF128E0786B9E,garbage || only happy when it rains,garbage,1,train,train
TRCCSPD128F4282347,omarion || touch,omarion,1,train,train
TRCCUKH128F429CBD5,lifehouse || first time,lifehouse,1,train,test
TRCDDEA128F92E1F5F,theory of a deadman || not meant to be,theory of a deadman,1,train,test
TRCDMMM128F4261EB9,groove theory || baby luv,groove theory,1,train,test
TRCDPEG128F9310E51,ghinzu || blow,ghinzu,0,test,train
TRCDWFO128F4289D2D,the ataris || ray,the ataris,0,train,train
TRCDWWD128F422F4D2,shakespears sister || i dont care,shakespears sister,1,train,train
TRCEAOL12903CCB283,boozoo bajou || divers,boozoo bajou,0,train,train
TRCEEXA12903CED273,avril lavigne || hot,avril lavigne,1,train,train
TRCEIOT128EF343596,10 years || wasteland,10 years,1,train,train
TRCEKTO12903C9ADEA,no lo soporto || trueno,no lo soporto,0,test,train
TRCEPMA12903CA31FE,organismen || rok utan eld prod dj large,organismen,0,train,train
TRCEROA128F92FDC11,snap || rhythm is a dancer,snap,1,train,test
TRCETKM128F1455834,cerys matthews || louisiana,cerys matthews,0,test,test
TRCEUMC128F42924FF,restless heart || when she cries,restless heart,1,train,train
TRCEYSS128F933CA28,the greenhornes || dont come running to me,the greenhornes,0,train,train
TRCEZTJ128F146672D,jon secada || whipped,jon secada,1,train,train
TRCFEQF128F1456DAA,lil romeo || my baby,lil romeo,1,train,train
TRCFFVR128F145D6DF,keith urban || your everything,keith urban,1,train,train
TRCFHDK128F4238ACA,buju banton || tra la la,buju banton,0,train,test
TRCFKJD128F429C1BE,pygmy lush || slave to a teenager,pygmy lush,0,test,train
TRCFLSZ128F425E9B2,alicia keys || superwoman,alicia keys,1,train,test
TRCFOYB128F42AD413,r kelly || your bodys callin,r kelly,1,test,train
TRCFRNN128F4282485,cute is what we aim for || practice makes perfect,cute is what we aim for,0,test,train
TRCFTWU128F428DE24,switchfoot || dare you to move,switchfoot,1,train,test
TRCFVMT128F4296BE6,kenny chesney || young,kenny chesney,1,test,test
TRCFXLT128F4232068,alice || for this is not america this is not america,alice,0,train,test
TRCGAVX12903CFBC61,ashanti || rock wit u awww baby,ashanti,1,train,train
TRCGDSJ128F930D6B3,dennis jernigan || we win,dennis jernigan,0,train,test
TRCGQJE128F42AF429,ruben studdard || change me,ruben studdard,1,train,train
TRCGSVQ128E0787DB8,devision || anywhere,devision,0,train,test
TRCGSZF128F426E849,doug stone || i never knew love,doug stone,1,train,train
TRCGVJT128E0793E7F,white zombie || real solution 9,white zombie,0,train,train
TRCGYOB128F92DFA37,jordin sparks || one step at a time,jordin sparks,1,train,test
TRCHAJL128F9325737,hilary duff || stranger,hilary duff,1,train,train
TRCHCCM12903CB6115,subway to sally || elvis lives,subway to sally,0,test,train
TRCHHHC128F428A398,alan jackson || where were you when the world stopped turning,alan jackson,1,train,test
TRCHPRC12903CC8F84,cause 4 concern || soul,cause 4 concern,0,train,train
TRCHSSH128F42762D1,asylum street spankers || introduction,asylum street spankers,0,train,train
TRCHTLH128F42960BB,hypatia lake || the funeral for martha bigsby,hypatia lake,0,train,test
TRCHYNJ128F42A4750,arctic monkeys || plastic tramp,arctic monkeys,0,test,test
TRCHZEV12903CDE19F,mock toof || day ken died,mock toof,0,train,test
TRCHZML128F9315AED,art pepper || youd be so nice to come home to,art pepper,0,train,train
TRCHZRN12903CC607B,joe diffie || third rock from the sun,joe diffie,1,test,train
TRCICNG12903CAC448,evanescence || call me when youre sober,evanescence,1,test,train
TRCIERX128EF357CB2,michael buble || everything bob rock mix,michael buble,0,train,test
TRCINAY128F4247F94,mint condition || what kind of man would i be,mint condition,1,train,train
TRCISOV128E07929B3,beck || loser,beck,1,train,train
TRCIXKP128EF35CB1A,eric champion || smilin,eric champion,0,train,test
TRCIYJV128E0793802,la bouche || be my lover,la bouche,1,train,train
TRCJAHJ128E07815B6,fountains of wayne || stacys mom,fountains of wayne,1,train,train
TRCJFEJ12903CE5B47,crazy horse || medley,crazy horse,0,train,test
TRCJGGQ128F1495BA4,johnny gill || fairweather friend,johnny gill,1,train,test
TRCJIIJ128F426689B,color me badd || remember when,color me badd,1,train,train
TRCJNHM128F92C3172,avril lavigne || nobodys home,avril lavigne,1,train,train
TRCKCLP12903CDA921,ab logic || the hitman,ab logic,1,train,train
TRCKFIF128F42583B5,chin chin || cant walk no more,chin chin,0,train,train
TRCKIOU128F92D531D,nuclear assault || no time,nuclear assault,0,train,train
TRCKODS128F9328DB8,sugarland || something more,sugarland,1,train,train
TRCKSUW128F4284EBB,kenny g || the moment,kenny g,1,test,train
TRCKTIY128F92D7A22,cesaria evora || mae velha,cesaria evora,0,test,train
TRCKWGF12903CD2DCD,justin bieber || never let you go,justin bieber,1,test,train
TRCKXDA128F422B936,sheryl crow || my favorite mistake,sheryl crow,1,train,train
TRCKYRR128F9330318,the spits || suzys face,the spits,0,train,train
TRCLAUG12903CAB598,killah priest || o emmanuel zoom,killah priest,0,train,train
TRCLBXD128F932472C,everything but the girl || missing,everything but the girl,1,train,train
TRCLIQV128F428B926,bon jovi || have a nice day,bon jovi,1,train,train
TRCLQTD128F146E956,amel larrieux || unanswered question,amel larrieux,0,train,train
TRCLVVI128F9364550,blahzay blahzay || danger,blahzay blahzay,1,test,train
TRCLXTI128F932D0C9,justin bieber || one time,justin bieber,1,train,train
TRCLYDS12903CBAA23,noisufx || fire c64 tribute,noisufx,0,train,test
TRCLYRC128F146E9A9,chris cagle || chicks dig it,chris cagle,1,train,train
TRCMAHC128F1462BB8,poor old lu || sunlight shadows,poor old lu,0,train,test
TRCMBYB128F92EDF4A,the fray || look after you,the fray,1,train,train
TRCMFAF128F9306118,anya marina || whatever you like,anya marina,1,train,test
TRCMGES128E078F4B9,new edition || one more day,new edition,1,train,train
TRCMLCV128F424EACD,3 doors down || citizensoldier,3 doors down,1,test,train
TRCMMYC128F92CF78D,reverend horton heat || its martini time,reverend horton heat,0,test,train
TRCMNJL128F42B9CA2,sneaker pimps || 6 underground,sneaker pimps,1,train,train
TRCMQSU128F931F111,michael jackson || who is it,michael jackson,1,test,train
TRCMRNV128F42149CF,sheryl crow || the first cut is the deepest,sheryl crow,1,train,train
TRCMWIQ128F93167E0,epmd || crossover,epmd,1,train,train
TRCMXAW12903CC5BC6,monomen || drum of glass,monomen,0,train,train
TRCNKTQ128F4266766,jessica simpson || i wanna love you forever,jessica simpson,1,train,train
TRCNWGS128F145BAF3,albert ammons || nagasaki,albert ammons,0,train,train
TRCNYKW12903CAE4AC,forever einstein || this aint disneyland,forever einstein,0,train,test
TRCNYTV128F92E93D5,snog || hey_ christian god,snog,0,train,train
TRCOEST128F92EBC43,ira stein || daveys song,ira stein,0,test,test
TRCOETJ128F14530AA,beastie boys || chcheck it out,beastie boys,1,train,train
TRCOMLA128F92ED75C,tpain featuring ludacris || chopped n skrewed,tpain featuring ludacris,1,test,train
TRCOQFO128F145463B,rachid taha || foqt foqt,rachid taha,0,train,train
TRCOTKL12903CF932A,the depreciation guild || white moth,the depreciation guild,0,train,train
TRCOUVF128F4249CF5,deborah allen || baby i lied,deborah allen,0,train,train
TRCPFNQ128F426B612,metabass n breath || lock up doing time with the fierce turntables of faust,metabass n breath,0,train,train
TRCPQWI128F9334FBB,candlebox || far behind,candlebox,1,train,train
TRCPSEN128F4293E99,rascal flatts || fast cars and freedom,rascal flatts,1,train,train
TRCPXID128F92D5D3C,beyonce || halo,beyonce,1,train,train
TRCQBDV128F9317160,four tet || clouding,four tet,0,test,train
TRCQGGK12903CC3616,kelly clarkson || a moment like this,kelly clarkson,1,test,test
TRCQGTP128F930FB66,dear nora || a polar bear,dear nora,0,test,train
TRCQIZS128F423C4ED,eric clapton || change the world,eric clapton,1,train,train
TRCQLNB128F4283878,kashmir || make it grand,kashmir,0,train,test
TRCQLSK128F92F9388,titus andronicus || no future part two the days after no future,titus andronicus,0,train,train
TRCQTMN128F930B84C,sonic boom six || rum little skallywag,sonic boom six,0,train,test
TRCRAAM12903CCC098,lady antebellum || i run to you,lady antebellum,1,train,train
TRCRCPC128F42867C9,relient k || the stenographer demo,relient k,0,train,train
TRCRIPX128F92F3515,rascal flatts || life is a highway,rascal flatts,1,train,train
TRCRISW12903CF0F32,walela || when love was all we knew,walela,0,test,test
TRCRIWW128F1459DD0,billy currington || walk a little straighter,billy currington,1,train,train
TRCRJEP128F427708A,ruff endz || someone to love you,ruff endz,1,train,train
TRCRLTL128F92DC583,shaila || fuego en la venas,shaila,0,train,train
TRCRSTL128F42459E6,last tuesday || have a nice day,last tuesday,0,train,train
TRCRTBQ128F148C3E7,sugababes || hole in the head,sugababes,1,train,train
TRCRZOM128F92D630A,katy perry || waking up in vegas,katy perry,1,train,train
TRCSBDQ12903CF4221,yuppie flu || drained by diamonds,yuppie flu,0,test,train
TRCSCVP128F9342C96,chicago || chasin the wind,chicago,1,test,train
TRCSJTV12903CD2DC4,justin bieber || love me,justin bieber,1,test,train
TRCSNWY128E07818B9,the divine comedy || our mutual friend,the divine comedy,0,train,train
TRCSRUC128F145F5D4,tracie spencer || still in my heart,tracie spencer,1,train,test
TRCSRYN128F92EB224,christina aguilera || aint no other man,christina aguilera,1,train,train
TRCSTKO12903C9A569,ashley tisdale || be good to me,ashley tisdale,1,train,train
TRCSULK128F93172A8,outkast with erykah badu || humble mumble,outkast with erykah badu,0,train,train
TRCSWWO12903CEE456,brighteye brison || the harvest,brighteye brison,0,test,train
TRCSYWO128F9315F00,count basie big band || a night in tunisia,count basie big band,0,train,test
TRCTEPW128E0792478,guns n roses || yesterdays,guns n roses,1,train,train
TRCTKZC128E0792658,bilal || soul sista,bilal,1,train,test
TRCTPAJ128F4237508,seal || waiting for you,seal,1,train,train
TRCTVFN128F148D0FD,bloodhound gang || the bad touch,bloodhound gang,1,train,test
TRCTVMR128F425C4F2,lil mama featuring chris brown tpain || shawty get loose,lil mama featuring chris brown tpain,1,train,train
TRCUDNR128F4242013,brandy || i wanna be down,brandy,1,train,train
TRCUDTE128F92CAA08,sarah mclachlan || fallen,sarah mclachlan,1,train,test
TRCUDVT128F1465DDE,richard marx || until i find you again,richard marx,1,train,train
TRCUFUI128F42857AA,brad paisley || two people fell in love,brad paisley,1,train,train
TRCUKAI128F1484D85,the allamerican rejects || it ends tonight,the allamerican rejects,1,test,train
TRCUKHR128F92DF656,sara bareilles || love song,sara bareilles,1,train,train
TRCUULJ128F931FC63,thedream || shawty is a 10,thedream,1,train,train
TRCUUNT128F92E003D,the sheer || cruisin my mind,the sheer,0,train,train
TRCUWXB128F92D5C12,the allamerican rejects || i wanna,the allamerican rejects,1,train,train
TRCUYKJ12903CA2F42,youssou ndour || new africa,youssou ndour,0,test,train
TRCUZFH128F4278239,mariah carey || make it happen,mariah carey,1,train,train
TRCVBOV12903CFE8DF,taylor swift || today was a fairytale,taylor swift,1,train,test
TRCVEFU128F9308098,gloria trevi || la pasabas bien conmigo,gloria trevi,0,train,train
TRCVIWD128F92FFC83,beyonce || at last,beyonce,1,train,train
TRCVQTP128F92EE8A8,thee hydrogen terrors || plate in my head,thee hydrogen terrors,0,train,train
TRCVSDT128F424C631,joe jonas || gotta find you,joe jonas,1,train,test
TRCVYQM128F934B8A1,madison avenue || dont call me baby,madison avenue,1,test,test
TRCWBIU128F933AA56,jennifer hudson || if this isnt love,jennifer hudson,1,train,train
TRCWLAW128F422B9D4,godsmack || speak,godsmack,1,train,train
TRCWLEP128F428115D,frida || lat tanken vara med,frida,0,train,test
TRCWPSH128F422AD93,sitd || rosecoloured skies,sitd,0,train,test
TRCWSML128F423051E,rob zombie || superbeast,rob zombie,0,train,train
TRCWUDS128F4218776,terry_ blair anouchka || lucky in luv,terry_ blair anouchka,0,train,test
TRCWVBI128F92D15B3,willie clayton || its time you made up your mind,willie clayton,0,train,train
TRCWWSE12903D080AD,faith no more || easy,faith no more,1,train,train
TRCXAPJ128F92EE4B8,chaka demus || original kuff,chaka demus,0,train,train
TRCXEJO128F42BC8C3,jamiroquai || alright,jamiroquai,1,test,train
TRCXIBD128F1452296,morcheeba || diabolical brothers remix,morcheeba,0,test,train
TRCXKZF128F4278FEB,drag the river || allnall,drag the river,0,train,test
TRCXTNH12903CC6CE2,lightning seeds || the life of riley,lightning seeds,1,train,test
TRCXZKY128F92E81CD,dishwalla || counting blue cars,dishwalla,1,train,train
TRCYGVG12903CDA4C4,bon jovi || ill sleep when im dead,bon jovi,1,train,train
TRCYIKG12903CDE2A8,the black dog || empty seat calculations,the black dog,0,test,train
TRCYOOG128F425C1DC,lindsay lohan || confessions of a broken heart daughter to father,lindsay lohan,1,test,test
TRCYPGP128F42760E9,fettes brot || krankenhausreif,fettes brot,0,test,train
TRCYPQV128F428CB1C,right said fred || im too sexy,right said fred,1,test,train
TRCYRJF128F9326C29,snap || ooops up,snap,1,test,test
TRCYWQD128F4256AF3,caliban || love taken away,caliban,0,train,train
TRCYWSN12903CFAAAD,marsen jules || harfenklang,marsen jules,0,train,train
TRCZAKQ128E0785F5D,ashanti || baby,ashanti,1,train,train
TRCZIUO12903CE5274,scorpions || wind of change,scorpions,1,train,train
TRCZTVS128F4271325,the lesser birds of paradise || you are my sunshine,the lesser birds of paradise,0,train,test
TRCZUAW128F427D44E,martin sexton || the american lp version,martin sexton,0,test,train
TRCZWQM128F42B4762,syd matters || motion,syd matters,0,train,train
TRCZXXQ128F932F48B,jayz || ride or die,jayz,0,test,train
TRCZZVU128F4285B0A,mystikal featuring nivea || danger been so long,mystikal featuring nivea,1,train,train
TRDABHX128F42ACE76,maroon 5 || makes me wonder,maroon 5,1,train,train
TRDABQJ128F93229F0,jennifer lopez || do it well,jennifer lopez,1,train,test
TRDAEHK128F1480BBF,soul junk || psalm 51,soul junk,0,train,train
TRDAHQY128F92F027F,beyonce || listen,beyonce,1,train,train
TRDAIXW128F92F4085,trace adkins || marry for money,trace adkins,1,train,train
TRDAMCK128F42783A8,momus || life of the fields,momus,0,train,test
TRDAMNT12903CA3369,o children || ruins,o children,0,train,test
TRDAPDY128F149C227,laura voutilainen || surun suuri meri,laura voutilainen,0,train,train
TRDAQAH128F4285EE4,kenny g || baby g,kenny g,0,train,train
TRDATLH128F92F28AA,kanye west || love lockdown,kanye west,1,train,test
TRDAVUX12903CA44F7,corinne bailey rae || like a star,corinne bailey rae,1,train,train
TRDAXDK128F4298E72,keith urban || once in a lifetime,keith urban,1,train,train
TRDAYNM128F92E0D76,musiq soulchild || teachme,musiq soulchild,1,train,train
TRDBBVD128F421BCFE,musiq || just friends sunny,musiq,1,train,train
TRDBBXP128F4292E08,das efx || if only,das efx,0,train,train
TRDBHSO12903D0816B,terror squad || lean back,terror squad,1,train,train
TRDBQWM128F92C9DE3,jazmine sullivan || need u bad,jazmine sullivan,1,train,train
TRDBRKM128F4260715,a tribe called quest || award tour,a tribe called quest,1,test,train
TRDBVLY128F92E320F,pugh rogefeldt || vinn hjarta vinn,pugh rogefeldt,0,test,train
TRDBXBQ128F4282ECC,blue october || hate me,blue october,1,train,train
TRDBZYB128F9350D18,daughtry || you dont belong,daughtry,1,test,train
TRDCDRW128F931FAFB,demi lovato || la la land,demi lovato,1,train,test
TRDCEJL128F1475162,indiaarie || i am not my hair,indiaarie,1,train,train
TRDCEMY12903CA5DF5,mary j blige || i am,mary j blige,1,test,train
TRDCHNE128F92E99B8,florian silbereisen || flitzefinger,florian silbereisen,0,train,train
TRDCLHB128F425EE4A,sean kingston || me love,sean kingston,1,train,test
TRDCNNP128F92E5177,the veronicas || take me on the floor,the veronicas,1,train,train
TRDCXPI128F1459CD8,jamie oneal || when i think about angels,jamie oneal,1,train,train
TRDCXRU128F92C77E5,colbie caillat || bubbly,colbie caillat,1,train,train
TRDCYXW128F932EBFD,radioactive man || eat em ali,radioactive man,0,test,train
TRDDILH128F92C2615,miranda lambert || more like her,miranda lambert,1,train,train
TRDDIPS128F92ED747,david cook || come back to me,david cook,1,test,test
TRDDJNA128F930DFB1,man like me || carny,man like me,0,train,test
TRDDJSC128E078910F,eminem || mockingbird,eminem,1,train,train
TRDDOME128F92F98D6,robyn ludwick || what do i know,robyn ludwick,0,test,train
TRDDTKY128EF34C407,aldebert || lalbum photo,aldebert,0,train,test
TRDDTQN128EF341D16,50 cent || in da club,50 cent,1,train,train
TRDDWAD128F933AE5F,a hawk and a hacksaw || foni tu argile,a hawk and a hacksaw,0,test,test
TRDDXVJ12903CB5B4A,kris kross || live and die for hip hop,kris kross,1,train,train
TRDDZBE128F42B9F1C,bjork || human behaviour underworld mix darren emerson,bjork,0,train,train
TRDDZMP128EF35F98E,maroon 5 || sunday morning,maroon 5,1,train,train
TRDEBKR12903CC324F,manhattan transfer || sing a study in brown lp version,manhattan transfer,0,train,train
TRDEGTO12903CC7AC5,necro facility || downstairs,necro facility,0,train,train
TRDEINI128F427C662,freekbass || minute to forever,freekbass,0,train,train
TRDELKO128F421D3CE,five fingers of funk || whoose loadin,five fingers of funk,0,train,train
TRDEOSW128F42435D0,snoop dogg || sensual seduction,snoop dogg,1,test,train
TRDEQKL128F932FEDC,koffee brown || after party,koffee brown,1,train,train
TRDEQYA128F42803F3,danny elfman || the growing montage,danny elfman,0,test,train
TRDETAQ128F93223A9,euros childs || twll yn yr awyr,euros childs,0,train,test
TRDEUFW128F426B1C9,celine dion || if you asked me to,celine dion,1,train,train
TRDEUJM128F42916CC,britney spears featuring madonna || me against the music,britney spears featuring madonna,1,test,train
TRDEVMK128F42999DC,brad paisley || me neither,brad paisley,1,train,train
TRDEYEQ128F9362731,el canto del loco || peter pan,el canto del loco,0,train,train
TRDEZCG128F1494BA3,roxette || church of your heart,roxette,1,train,train
TRDFFCQ128F428BEF5,the sunny cowgirls || holding on,the sunny cowgirls,0,test,train
TRDFGHV128F42AD2A2,anssi kela || joki,anssi kela,0,train,test
TRDFGPG128F9305CDD,steinski || number three on flight eleven,steinski,0,train,test
TRDFNLR12903CB0FE4,camila || alejate de mi,camila,0,train,test
TRDFONV128E0784676,hoobastank || crawling in the dark,hoobastank,1,test,train
TRDFWPG128F148D4DF,madonna || die another day,madonna,1,train,train
TRDFYWZ128F93023FD,danser med drenge || gor vi det godt nok,danser med drenge,0,test,train
TRDGDGL128F934C4D6,the almighty trigger happy || classic end,the almighty trigger happy,0,train,train
TRDGKHL128F146B8C7,jayz || 99 problems,jayz,1,train,train
TRDGPQO12903CFDBEC,dierks bentley || sideways,dierks bentley,1,train,train
TRDGWMG128F42AD29C,simone cristicchi || studentessa universitaria,simone cristicchi,0,train,train
TRDGWOF128E07924CC,enrique iglesias || rhythm divine,enrique iglesias,1,test,test
TRDHBPQ128F425EA1E,leona lewis || bleeding love,leona lewis,1,train,train
TRDHCYC128F422A118,alex smoke || titti,alex smoke,0,train,train
TRDHEPW128F933AD5B,kings of leon || sex on fire,kings of leon,1,train,train
TRDHGYI128F42B50D5,r kelly || bump n grind,r kelly,1,train,train
TRDHKMB128F9328CE5,farm fresh || pat the single parent,farm fresh,0,train,train
TRDHWYE128F425F80F,yana kay || ronny v remix,yana kay,0,train,test
TRDIAFN128F42B31B9,mario vazquez || gallery,mario vazquez,1,train,train
TRDIGBT128F426F3FF,connie kaldor || i have you,connie kaldor,0,train,test
TRDIJOQ128F147C56E,the click five || just the girl,the click five,1,test,train
TRDIMZJ128F9320A9A,nural || the root of all evil,nural,0,test,train
TRDIWRJ12903C9A8A4,pleasure p || under,pleasure p,1,train,train
TRDJDZX128F9308F10,v v brown || shark in the water,v v brown,1,train,train
TRDJHBO128F4240C0B,aly aj || potential breakup song,aly aj,1,train,test
TRDJHNW128F4260EBA,saafi brothers || green cloud,saafi brothers,0,train,train
TRDJIPJ128F9321317,colbie caillat || realize,colbie caillat,1,test,train
TRDJIWI128F426498B,kenny loggins || conviction of the heart,kenny loggins,1,train,train
TRDJJBQ12903C9FFB1,aerosmith || pink,aerosmith,1,train,train
TRDJPXL128F93030FD,maxwell || this womans work,maxwell,1,train,train
TRDJRVW128F428232C,ryan cabrera || shine on,ryan cabrera,1,train,train
TRDJUFL128F4262F59,ginuwine || none of ur friends business,ginuwine,1,train,train
TRDJVSO128E078B632,vangelis || tales of the future,vangelis,0,test,train
TRDJYPA128F4293194,monica || knock knock,monica,1,test,train
TRDKAGD128F9313DFF,the bastard sons of dioniso || dal risveglio in poi,the bastard sons of dioniso,0,train,train
TRDKDKD128EF341D12,zhane || request line,zhane,1,train,train
TRDKFGU128F93235A0,ricky martin || tal vez,ricky martin,1,train,train
TRDKNBY128F932D94B,the curse of the golden vampire || ultrasonic meltdown,the curse of the golden vampire,0,train,train
TRDKPTG128F4281EC4,vangelis || roxanes dance,vangelis,0,train,train
TRDKQHG128F92F4609,zeca baleiro || muzak,zeca baleiro,0,train,train
TRDKUNI128F9312C83,sun kil moon || lost verses,sun kil moon,0,train,train
TRDKWSS128F4235E0C,yolintu || yolintu,yolintu,0,test,train
TRDLAQE128F42ACA7C,jamie foxx featuring ludacris || unpredictable,jamie foxx featuring ludacris,1,train,train
TRDLHTY128F42617AE,caesars || run no more,caesars,0,test,train
TRDLIHW128F92DE23B,taylor swift || teardrops on my guitar,taylor swift,1,train,test
TRDLMBW128F14824EE,linkin park || breaking the habit,linkin park,1,test,train
TRDLQUS128F423C181,livin joy || dreamer,livin joy,1,train,train
TRDLVAD128F42B6138,ugly kid joe || everything about you,ugly kid joe,1,test,train
TRDLVGE12903CB1F21,loco dice || la esquina,loco dice,0,test,train
TRDLWAP128F428F6B9,christina aguilera || candyman,christina aguilera,1,train,train
TRDLXAE128F930AC7B,rusted root || send me on my way,rusted root,1,train,train
TRDLYBZ128F930019C,don caballero || why is the couch always wet,don caballero,0,test,test
TRDMCCY128F425E723,backstreet boys || inconsolable,backstreet boys,1,train,test
TRDMFHX128F427F485,frankie j || how to deal,frankie j,1,train,test
TRDMJWM128F42776BB,big punisher || im not a player,big punisher,1,test,test
TRDMPPL128F4240D98,remy zero || bitter lp version,remy zero,0,train,train
TRDMSFW128F4293D2A,jhelisa || hold my peace,jhelisa,0,train,train
TRDMWVY128E0780EAF,sugababes || groove is going on,sugababes,0,train,train
TRDMXRB128F92E23B3,poison || ride the wind,poison,1,train,train
TRDNEDU128F4293708,tracy byrd || put your hand in mine,tracy byrd,1,test,train
TRDNFYE128F92CA52F,ace of base || munchhausen just chaos,ace of base,0,test,test
TRDNJZH12903CBA5C0,toni braxton || unbreak my heart,toni braxton,1,test,train
TRDNPZG128F92EF503,jessica simpson || these boots are made for walkin,jessica simpson,1,train,train
TRDNTAP128F4235B97,colbie caillat || mistletoe,colbie caillat,1,test,train
TRDNUVC128F9349345,new model army || rumour rapture 1650,new model army,0,train,train
TRDNVND128F4235434,cascada || what hurts the most,cascada,1,test,train
TRDNZIJ128F423BBA0,james blunt || youre beautiful,james blunt,1,test,train
TRDOBWS128F92EAF3E,tbone || pentecostal horseracing,tbone,0,train,test
TRDOEEB128F42B4456,neyo || so sick,neyo,1,train,train
TRDOORA128F424A011,jim jones || we fly high,jim jones,1,train,train
TRDORHR12903C98D18,cueshe || hump ahead,cueshe,0,train,test
TRDPBKT128E0783EB2,shania twain || come on over,shania twain,1,train,train
TRDPCBJ128F1476818,jill scott || the way,jill scott,1,test,test
TRDPKOE128F14AC48F,mouse on mars || albion rose,mouse on mars,0,train,train
TRDPZQR12903CE54AC,larry carlton || high steppin,larry carlton,0,train,train
TRDQMYI128F4259DDC,george michael || waiting for that day,george michael,1,train,train
TRDQOJI128F92D50C7,natasha bedingfield || were all mad in our way,natasha bedingfield,0,train,train
TRDQQWU128F9306CFD,concretes || if were lucky we dont get there on time,concretes,0,train,test
TRDQRDW128F4255F86,jonas brothers || hold on,jonas brothers,1,train,train
TRDRBBG12903CE2953,dennis alcapone || it must come,dennis alcapone,0,train,train
TRDRCTE128F9327BF7,soap || this is how we party,soap,1,train,train
TRDRGRT12903CE7491,faith hill || this kiss,faith hill,1,test,train
TRDRKSJ12903CAB628,miley cyrus || when i look at you,miley cyrus,1,train,train
TRDRKTS12903CBEF4E,dysrhythmia || lifted by skin,dysrhythmia,0,test,test
TRDRSHC128F9338D3D,to rococo rot || tour de repechage,to rococo rot,0,train,train
TRDRXGT128F4296815,rick astley || move right out,rick astley,1,test,test
TRDRZWA128F9317968,iscintilla || havestar,iscintilla,0,train,train
TRDSASB12903D0432A,natalie merchant || i saw a ship asailing,natalie merchant,0,train,test
TRDSHVO12903CD3917,cathy dennis || touch me all night long,cathy dennis,1,train,train
TRDSJZE128F145B5D5,dr feelgood || i dont mind,dr feelgood,0,test,train
TRDSLAV128F933BA27,clouseau || als er ooit iets fout zou gaan,clouseau,0,train,test
TRDSLCD12903D01F7F,kenny chesney || living in fast forward,kenny chesney,1,test,test
TRDSPTB12903CAB8A5,avril lavigne || girlfriend,avril lavigne,1,train,train
TRDSQNS12903CF76A1,alvin cash || keep on dancing,alvin cash,0,test,train
TRDSTSJ128F42825AC,dj krush || pretense,dj krush,0,train,train
TRDSUJR128F4278EE3,incubus || wish you were here,incubus,1,train,train
TRDTDKT12903CF14C4,adam lambert || whataya want from me,adam lambert,1,train,train
TRDTDMG128F428BDE7,busdriver || go slow featuring bianca casady,busdriver,0,train,train
TRDTFGO128F147CBF5,rishi rich || stomp feat jd_ jay sean mr phillips,rishi rich,0,train,train
TRDTJGL128EF35447F,haiku detat || firecracker,haiku detat,0,train,train
TRDTMWG128F426B1DC,celine dion || where does my heart beat now,celine dion,1,test,train
TRDTULO128F93374B7,the waxwings || steady as starlight,the waxwings,0,test,test
TRDTUTO128F422F138,the special aka || too much too young,the special aka,0,train,test
TRDTWBE128F429F405,lloyd || get it shawty,lloyd,1,train,train
TRDTWWZ12903CC36D8,the black keys || tighten up,the black keys,1,train,train
TRDTYZG128F425DB99,tlc || babybabybaby,tlc,1,train,train
TRDTZHA128EF342DD5,shanice || i love your smile,shanice,1,train,train
TRDUCIQ128F92F99BD,chrisette michele || epiphany im leaving,chrisette michele,1,test,train
TRDUHIR128F93044E0,shabba ranks featuring johnny gill || slow and sexy,shabba ranks featuring johnny gill,1,train,test
TRDUMPG128F4259DE3,desree || you gotta be,desree,1,test,train
TRDURLQ128F426C3D9,paul cantelon || henry is hurt,paul cantelon,0,train,train
TRDUYOJ128F146D77C,red hot chili peppers || the zephyr song,red hot chili peppers,1,train,train
TRDVCIT128F92F5A1F,justin timberlake duet with beyonce || until the end of time,justin timberlake duet with beyonce,1,train,test
TRDVDNG12903CF372C,big drill car || wondering,big drill car,0,train,train
TRDVFFH128F14B0275,black box || i dont know anybody else,black box,1,test,train
TRDVOUN128F42459D5,mae || novocaine bonus track,mae,0,train,test
TRDVQOL128F42498E0,juliano cezar || bem aos olhos da lua,juliano cezar,0,train,train
TRDWHTB128F92EDA63,daniel johnston || try to love,daniel johnston,0,test,train
TRDWIRV128F429CBD7,lifehouse || whatever it takes,lifehouse,1,train,test
TRDWLIA128F1495902,bell biv devoe || gangsta,bell biv devoe,1,train,train
TRDWRQF128F4291A91,dying fetus || forced elimination,dying fetus,0,train,test
TRDWTVM128F92EC39C,montell jordan || this is how we do it,montell jordan,1,train,train
TRDWWWR128F92D3DA5,sway || stereo,sway,0,train,train
TRDWZIL128F4291AC3,eamon || fk it i dont want you back,eamon,1,test,test
TRDXDUE128E079247E,guns n roses || dont cry,guns n roses,1,train,train
TRDXIYG128F4240F48,carter burwelldon davis || hi dad soup,carter burwelldon davis,0,train,test
TRDXQDQ128F4292E5D,whitney houston || im your baby tonight,whitney houston,1,train,train
TRDXTUQ128F932EB98,komeda || nonsense,komeda,0,test,train
TRDXUWR12903CE8916,spearmint || giving it away,spearmint,0,train,train
TRDXZVD128F424311F,bee gees || paying the price of love,bee gees,1,train,test
TRDYGFP128F4238565,delays || no contest,delays,0,train,train
TRDYHSN128F4267081,mariah carey || all i want for christmas is you,mariah carey,1,test,train
TRDYKWH128F9309270,aaron carter || big bad shiney beat box,aaron carter,0,train,test
TRDYLVO12903CBA760,aerosmith || i dont want to miss a thing,aerosmith,1,train,train
TRDYMSY128F421FA6A,drs || gangsta lean,drs,1,test,train
TRDYQLF128F9332A80,4our5ive6ix || see energy,4our5ive6ix,0,train,train
TRDYTGI128F425986D,the cranberries || linger,the cranberries,1,train,train
TRDZBOR128F42893C9,william basinski || dlp 3,william basinski,0,train,train
TRDZFRZ128F14965BE,rhett akins || drivin my life away,rhett akins,0,train,train
TRDZGRY12903CEF742,david ball || ive got my baby on my mind,david ball,0,train,train
TRDZHMJ128F92FF1A2,coco steel lovebomb || harlem,coco steel lovebomb,0,train,train
TRDZHUI128F427C1AF,spin doctors || little miss cant be wrong,spin doctors,1,train,train
TRDZKYQ128F92DFBB0,anberlin || a perfect tourniquet,anberlin,0,train,train
TRDZLOC128E07849CF,nelly || n dey say,nelly,1,train,train
TRDZMHJ12903CDFF6E,plume latraverse || nez de pied,plume latraverse,0,train,train
TRDZOSH128F93011C4,sunday drivers || on my mind,sunday drivers,0,train,train
TRDZVFV128F92F0712,alicia keys || fallin,alicia keys,1,test,test
TRDZXMQ12903C9ADD5,no lo soporto || cambiar es existir,no lo soporto,0,train,train
TRDZXYJ128F148ADAF,darryl worley || i miss my friend,darryl worley,1,train,train
TRDZXYN128F42651E2,electronicat || scratch you baby bird,electronicat,0,train,test
TRDZZDZ12903CBD1B4,alana davis || free lp version,alana davis,0,train,train
TREABBZ128F9304894,korn || here to stay,korn,1,test,train
TREADLO128F934316D,kris kross || i missed the bus,kris kross,1,train,train
TREAJBV12903CCDA96,alicia keys || try sleeping with a broken heart,alicia keys,1,train,test
TREAKKZ128F148C6BC,joey tempest || a place to call home,joey tempest,0,test,train
TREAMWS128F42340AF,the cure || mint car,the cure,1,test,train
TREAQUF128F426A294,cypress hill || throw your set in the air,cypress hill,1,train,train
TREARIC128F1495BA9,johnny gill || lets get the mood right,johnny gill,1,train,test
TREAUWF128EF342E9E,erin boheme || make you happy,erin boheme,0,train,train
TREAYDQ128F147CC6C,metallica || until it sleeps,metallica,1,train,test
TREAYMD128F4277401,ruff endz || no more,ruff endz,1,train,train
TREBARY128F9341FEF,the bravery || an honest mistake,the bravery,1,train,train
TREBBSC128F425CEB2,kathy mattea || hark_ the herald angels sing,kathy mattea,0,train,test
TREBGAT128F9321903,all girl summer fun band || charm bracelet,all girl summer fun band,0,test,train
TREBSBB12903CB2074,destinys child || cater 2 u,destinys child,1,train,train
TREBSMM128F42BB62F,toni braxton || just be a man about it,toni braxton,1,test,train
TRECHGY128F93010DF,jackie wilson || ill be satisfied,jackie wilson,0,test,train
TRECUPI128F92D161A,dave weckl band || watch your step,dave weckl band,0,train,train
TREDBDB128F14584E2,maxi priest || close to you,maxi priest,1,train,train
TREDEZC128F92E3D83,john legend featuring andre 3000 || green light,john legend featuring andre 3000,1,test,train
TREDHHW128F92ED4B6,destinys child || emotion,destinys child,1,train,train
TREDVOS128F14A5978,the besnard lakes || devastation,the besnard lakes,0,test,train
TREDXVE128F14649A6,slum village featuring kanye west john legend || selfish,slum village featuring kanye west john legend,1,test,train
TREDYEK128F426E7FC,firehouse || love of a lifetime,firehouse,1,test,test
TREEBES12903CAA950,carl belew || hello out there,carl belew,0,train,train
TREEDZJ128F4277379,helicopter girl || johni the dog,helicopter girl,0,test,train
TREEEAG12903D07224,death cab for cutie || i will possess your heart,death cab for cutie,1,train,train
TREEFIY128F425B9AE,three days grace || i hate everything about you,three days grace,1,test,train
TREEJAA12903CA77CC,bobby helms || silver bells,bobby helms,0,test,test
TREEOXA12903CA95F9,eddie santiago || soy el mismo,eddie santiago,0,train,train
TREESDB128F4290CE0,emmanuel top || turkish bazar samuel l sessions remix,emmanuel top,0,train,test
TREEUQR12903CCDB3F,gucci mane || freaky gurl,gucci mane,1,train,train
TREEVBP128F92EF186,omarion || ice box,omarion,1,train,train
TREEXPI128E0794600,eric b rakim || juice know the ledge,eric b rakim,1,test,test
TREEYEW128F92E0651,aoki takamasa || when the night comes,aoki takamasa,0,test,test
TREEZET12903CF8196,before their eyes || the way we operate,before their eyes,0,test,train
TREEZOR128F146A21E,lenny kravitz || fly away,lenny kravitz,1,train,train
TREFAGQ128F92FC512,strunz farah || manos del tiempo,strunz farah,0,train,train
TREFDWR128F4284510,skeletal family || only sometimes,skeletal family,0,train,train
TREFEUS128E078F7D5,lee ann womack || i hope you dance,lee ann womack,1,test,train
TREFKIS12903CF8ACE,langhorne slim || boots boy,langhorne slim,0,test,train
TREFRVX128F92D1B1C,cheap trick || wherever would i be,cheap trick,1,train,train
TREFRVX128F92F3C20,brandon heath || love never fails,brandon heath,0,train,train
TREFVWN128F42B851C,christina aguilera || genie in a bottle,christina aguilera,1,train,train
TREGBFS128F9326C26,snap || the power,snap,1,train,test
TREGCGY128F92F6814,m83 || we own the sky edit,m83,0,test,train
TREGFYZ128F148ADEE,darryl worley || a good day to run,darryl worley,1,train,train
TREGGHF128F4295CCF,sonny clark || news for lulu,sonny clark,0,train,train
TREGOBH128F92DC613,ben folds || cologne,ben folds,0,train,train
TREHEOE128F424D431,katra || haukka,katra,0,train,train
TREHOGG12903CA424E,ana carolina || 8 estorias,ana carolina,0,train,train
TREHRDF128F426B05E,soul asylum || runaway train,soul asylum,1,train,train
TREHWXS128EF35EE57,sway feat mr hudson || everyman for himself,sway feat mr hudson,0,test,train
TREIKFC128F42879E3,the gossip || confessor,the gossip,0,train,train
TREIKFM128F14886FE,dierks bentley || trying to stop your leaving,dierks bentley,1,test,train
TREILYB128F9325F87,the old haunts || paradise,the old haunts,0,train,test
TREIODO128F4244865,2 in a room || el trago the drink,2 in a room,1,train,test
TREJARH128F4273A67,aborym || the alienation of a blackened heart,aborym,0,train,train
TREJFBR128F934284E,otis rush || natural ball,otis rush,0,test,test
TREJGTV12903CFCDE8,josh ritter || southern pacifica,josh ritter,0,train,train
TREJIBI128E078EDB6,sheryl crow || if it makes you happy,sheryl crow,1,test,train
TREJSLS128F9334FB5,candlebox || you,candlebox,1,train,train
TREJUPW128F934B948,30 seconds to mars || the kill bury me,30 seconds to mars,1,train,train
TREKJFB128F428CB5F,jermaine jackson || dont take it personal,jermaine jackson,1,train,test
TREKJGS128F4274202,luther vandross || always and forever,luther vandross,1,train,train
TREKKQQ128F92FE596,jars of clay || flood,jars of clay,1,test,train
TREKLUN128F424E268,lord creator || kingston town,lord creator,0,train,train
TREKTBP128F92FF0A5,the usa is a monster || poison snake,the usa is a monster,0,train,train
TREKVJN128F92E05B9,songs of green pheasant || west coast profiling,songs of green pheasant,0,test,test
TREKZUM128F429FC76,maroon 5 || wake up call,maroon 5,1,train,train
TRELBIB128F92F7BE2,hexes ohs || ship going down lets go lets go,hexes ohs,0,train,train
TRELCZO128F930ECDD,steve perry || missing you,steve perry,1,train,test
TRELKNG128EF33DDC7,die aeronauten || schaffhausen ist eine illusion,die aeronauten,0,train,train
TRELOER128F429E959,backstreet boys || i want it that way,backstreet boys,1,train,test
TRELRBO128F42AE19D,sarah mclachlan || building a mystery,sarah mclachlan,1,train,test
TRELRFY128F92F7071,dr dre || nuthin but a g thang,dr dre,1,train,test
TRELSKJ128F42AD449,7 sharp 9 || complain,7 sharp 9,0,train,train
TRELSMD128F93073E1,kathy troccoli || tell me where it hurts,kathy troccoli,1,train,test
TRELVSM128EF361D20,oscar dleon || a el,oscar dleon,0,train,test
TRELWJM128F4294AF8,tom mcrae || language of fools,tom mcrae,0,train,train
TRELXWE128E0786312,jayz || izzo hova,jayz,1,train,train
TREMDLA128F4286AF4,gary allan || life aint always beautiful,gary allan,1,train,train
TREMIFO128F931F1A6,martina mcbride || wrong again,martina mcbride,1,train,train
TREMSHL128F92DFA54,the white tie affair || candle sick and tired,the white tie affair,1,train,train
TREMWNY12903D0CCAE,rappin 4tay || aint no playa,rappin 4tay,1,train,train
TRENCXF128F4233968,themselves || death of a thespian,themselves,0,test,train
TRENDTO128F428B74A,westbound train || room to breathe,westbound train,0,train,train
TRENKNU128F429402B,usher featuring lil jon ludacris || yeah,usher featuring lil jon ludacris,1,train,train
TRENOSF128F14552A5,eminem || when im gone,eminem,1,train,train
TRENPJF12903CBFC47,linkin park || lying from you,linkin park,1,train,train
TRENQKJ128F426DD4B,happy mondays || step on,happy mondays,1,test,test
TRENXTH128F1487C11,sleepy brown featuring outkast || i cant wait,sleepy brown featuring outkast,1,train,train
TREOBZS128F930AEC1,nelly featuring kelly rowland || dilemma,nelly featuring kelly rowland,1,train,train
TREOGTO128F146E5B1,michelle branch || breathe,michelle branch,1,train,test
TREOMYM128F9302970,september || cry for you,september,1,test,train
TREOVLI128F4242DF2,toby keith || whiskey girl,toby keith,1,test,train
TREOYTU128F92E5881,beyonce || irreplaceable,beyonce,1,train,train
TREPBAM128F148ADE3,darryl worley || have you forgotten,darryl worley,1,test,train
TREPGCE128E0791C5D,remy shand || take a message,remy shand,1,train,test
TREPNAK128F4298070,britney spears || outrageous,britney spears,1,train,train
TREPOWV128F423CF11,soulja boy tellem || crank that soulja boy,soulja boy tellem,1,train,train
TREPWLS128F14920EB,girls aloud || i think were alone now,girls aloud,0,train,train
TREQJVP128F42690EC,puff johnson || forever more,puff johnson,1,train,test
TREQLHP12903CCAB6E,eminem || music box,eminem,1,test,train
TREQLMX128F146555C,mariah carey featuring cameo || loverboy,mariah carey featuring cameo,1,train,test
TREQNFM128F93165A8,kris allen || live like were dying,kris allen,1,train,train
TREQQTW128F92DC5DE,jake owen || eight second ride,jake owen,1,train,train
TREQRGI128F92C97B7,toots and the maytals || just tell me original,toots and the maytals,0,train,train
TREQRTM128F933189C,jeremih || birthday sex,jeremih,1,train,train
TREQUAE128F42A6AE8,avant || read your mind,avant,1,test,train
TREQXFA128F42764A8,jomanda || i like it,jomanda,1,train,test
TREQYTS128F4264EEC,jon b featuring babyface || someone to love,jon b featuring babyface,1,train,train
TREQZSV128F424A0E1,los munequitos de matanzas || homenaje a cane,los munequitos de matanzas,0,train,train
TRERHYD128F426ECC9,stratus || barocco,stratus,0,train,train
TRERPBZ128F9340D3E,color me badd || slow motion,color me badd,1,test,train
TRERRUA128F42828CA,stacy kidd || the movement,stacy kidd,0,train,train
TRERZDN12903CDEF24,debreca || dance alone,debreca,0,train,train
TRESAAR128F932A45D,madcon || beggin,madcon,1,train,train
TRESCSX128F9308D7D,mariah carey || dont forget about us,mariah carey,1,train,train
TRESCTG128F428CFCF,georgie fame || preach n teach feat anthony kerr,georgie fame,0,test,train
TRESEQT128F92F8540,beyonce || if i were a boy,beyonce,1,train,train
TRESNJT128F930B31A,the tangent || photosynthesis,the tangent,0,train,train
TRESXKG128F14683BF,longwave || pool song,longwave,0,test,train
TRESZES128F92FE510,peter bjorn and john || the chills,peter bjorn and john,0,train,train
TRESZYU128F4259A98,desree || looking philosophical,desree,0,train,train
TRETBHZ128F92CDAF6,eli young band || always the love songs,eli young band,1,train,test
TRETBXR128F932CD74,utah saints || something good,utah saints,1,test,train
TRETCYU128F4260496,tlc || diggin on you,tlc,1,test,train
TRETDMY128F426057E,swv || weak,swv,1,train,train
TRETMNQ128F9323A27,jordin sparks || battlefield,jordin sparks,1,train,test
TRETNEX128F427263A,telepopmusik || breathe,telepopmusik,1,train,train
TRETNLB128F92C7A40,metallica || the day that never comes,metallica,1,test,test
TRETOTP12903CB25B1,the albion band || listen to the wind,the albion band,0,train,train
TRETQJL128F149199F,crystal waters || 100 pure love,crystal waters,1,train,train
TRETSEU128F93325D3,harry pussy || mic check,harry pussy,0,train,test
TRETTKU128F9355A3B,end of you || memoir,end of you,0,train,train
TRETXIX128F1496082,amy winehouse || you know im no good,amy winehouse,1,test,test
TRETYEB128F4283EA6,r kelly || the worlds greatest,r kelly,1,train,train
TREUCDE128F42623DA,ty herndon || no mercy,ty herndon,1,train,train
TREUMIQ128F4273C90,savage garden || crash and burn,savage garden,1,train,test
TREUNIR128F4288A9C,jan delay || klar,jan delay,0,train,train
TREUPYS12903CE453F,shakira || gypsy,shakira,1,train,train
TREUVSE128F93064A9,revocation || enter the hall,revocation,0,train,test
TREUYIP128F9307E66,astrud gilberto || gentle rain,astrud gilberto,0,train,test
TREUYRV128F423B155,kids in glass houses || give me what i want live acoustic,kids in glass houses,0,test,train
TREVCGZ128E079232A,deep blue something || breakfast at tiffanys,deep blue something,1,train,train
TREVDQG128F9324474,nickelback || someday,nickelback,1,train,test
TREVLRW128E0789A07,3 doors down || let me go,3 doors down,1,train,train
TREVNSE128F4237478,trace adkins || swing,trace adkins,1,test,train
TREVODX128F424C62D,cast of camp rock || we rock,cast of camp rock,1,test,test
TREVQHS128E078F399,staind || right here,staind,1,test,train
TREVRFF128F4294E5F,tracie spencer || love me,tracie spencer,1,train,test
TREVYSN12903CCC092,lady antebellum || love this pain,lady antebellum,1,train,train
TREWDLT128F145955A,richard marx || the way she loves me,richard marx,1,train,train
TREWEWI128F92FB7F3,burning babylon || one drop funji,burning babylon,0,train,train
TREWJXP12903CCE619,landon pigg || falling in love at a coffee shop,landon pigg,1,train,test
TREWLQN128F1459C83,terri clark || a little gasoline,terri clark,1,train,train
TREWMZA128F42A9264,lalo schifrin || dargon lady,lalo schifrin,0,train,train
TREWNVK128F930D37D,voice of the beehive || monsters and angels,voice of the beehive,1,train,train
TREWOSH128F1476910,counting crows || hanginaround,counting crows,1,test,train
TREWPLX128F92F4350,jennifer hudson || spotlight,jennifer hudson,1,train,train
TREWSBY128F14AD118,ron goodwin || victory assured,ron goodwin,0,test,train
TREWTIO128F145497E,eminem || the real slim shady,eminem,1,train,train
TREWXYM128F42AEB3F,brooks dunn || believe,brooks dunn,1,train,train
TREWXZY128F14805AF,phil collins || do you remember,phil collins,1,train,train
TREXALQ128E0789B81,keith urban || youll think of me,keith urban,1,test,train
TREXDKC128F1459CD9,jamie oneal || there is no arizona,jamie oneal,1,train,train
TREXDTF12903CA528F,carrie underwood || just a dream,carrie underwood,1,train,test
TREXEGO12903CDD5A3,the berzerker || abandonment,the berzerker,0,train,train
TREXMAQ12903CF8C7B,borknagar || the human nature,borknagar,0,test,test
TREXMRF128F428B89B,crazy frog || axel f,crazy frog,1,test,train
TREXUWY128F4299A4A,brooks dunn || rock my world little country girl,brooks dunn,1,train,train
TREXWVJ128F93147C8,dwele || find a way,dwele,1,train,train
TREYALU128F933BBB7,colbie caillat || fallin for you,colbie caillat,1,test,train
TREYCCY128F93001B6,don caballero || punkgasm,don caballero,0,train,test
TREYDEA128F14539AF,fort minor featuring styles of beyond || remember the name,fort minor featuring styles of beyond,1,train,test
TREYFMV128F92CD287,within temptation || memories live audio,within temptation,0,train,test
TREYGAS128F4273270,cyndi lauper || hey now girls just want to have fun,cyndi lauper,1,train,test
TREYMBL128F428E90A,bruce hornsby || walk in the sun,bruce hornsby,1,train,train
TREYQOL128F933083A,kristinia debarge || goodbye,kristinia debarge,1,test,test
TREYQPR128F1468D92,enigma || return to innocence,enigma,1,train,train
TREYQXR128F4260C75,john legend || save room,john legend,1,train,test
TREYRFV128E07928D6,50 cent || pimp,50 cent,1,test,train
TREYXSA128F42633BA,bare jr || soggy daisy,bare jr,0,train,train
TREZBFM128F428508A,fatboy slim || the rockafeller skank,fatboy slim,1,test,test
TREZIRL128F426B3C7,3 inches of blood || trial of champions,3 inches of blood,0,train,train
TREZMDQ128F427CC24,the fleetwoods || mr blue a capella version,the fleetwoods,0,train,test
TREZRME128F9358B58,justin timberlake || like i love you,justin timberlake,1,test,train
TREZSKE12903CCE583,maximilian hecker || the greatest love of all,maximilian hecker,0,train,test
TREZZRX128F42676B1,beck || the new pollution,beck,1,train,train
TRFABCW128E07919DA,trisha yearwood || real live woman,trisha yearwood,1,test,train
TRFAGWP128EF352414,the horrors || hurt that bird,the horrors,0,train,train
TRFAHUU128F92F383F,beyonce || get me bodied,beyonce,1,test,train
TRFAMDH128F4257FFC,tumor circus || calcutta agogo,tumor circus,0,train,train
TRFATEI128F42A8E2C,the starseeds || behind the sun,the starseeds,0,train,train
TRFATXB128F426DFD1,da brat featuring tboz || ghetto love,da brat featuring tboz,1,test,train
TRFATYO12903D07312,tpain featuring chris brown || freeze,tpain featuring chris brown,1,train,train
TRFAXHW128F92F0665,eddie money || ill get by,eddie money,1,test,train
TRFBBYV12903CC4A0F,taylor swift || you belong with me,taylor swift,1,train,test
TRFBJWP128F42503E0,keyshia cole || i remember,keyshia cole,1,train,train
TRFBKSG128F4291170,sinner || heavy duty,sinner,0,train,train
TRFBLNE128E0793397,samantha mumba || gotta tell you,samantha mumba,1,test,train
TRFBMQQ128F42BA951,the pussycat dolls || i dont need a man,the pussycat dolls,1,train,train
TRFBZPX128F42BA1BD,metallica || nothing else matters,metallica,1,test,test
TRFCCTP128F93098D1,jonas brothers || tonight,jonas brothers,1,train,train
TRFCDJC128F1465020,milk inc || time,milk inc,0,test,train
TRFCEOE128F1451F2D,coldplay || fix you,coldplay,1,train,train
TRFCFMJ128F932F2FB,system of a down || sad statue,system of a down,0,train,train
TRFCKSD128F4246A77,eisbrecher || vergissmeinnicht vergissmeinmix mix,eisbrecher,0,train,test
TRFCMZQ12903CBF9A3,minimum vital || la maldita,minimum vital,0,train,test
TRFCOTF128F93098C0,jonas brothers || bb good,jonas brothers,1,train,train
TRFCRGC12903CC608F,joe diffie || a night to remember,joe diffie,1,train,train
TRFCTLT128F42800B9,rage against the machine || freedom,rage against the machine,0,train,test
TRFDEWB128F92D03B2,julie collings || the last post,julie collings,0,train,train
TRFDKNQ128F93465D0,teena marie || what u got 4 me,teena marie,0,train,test
TRFDLAU128F42661C5,alabama || keepin up,alabama,1,train,train
TRFDNVS128F932BD85,mando diao || gloria,mando diao,0,train,train
TRFDQFG128F424343D,alphaville || pandoras lullaby,alphaville,0,train,train
TRFDSAW128F4241A43,twista || get it wet,twista,1,train,train
TRFDSFD128F14761D7,greta y los garbo || stop in the name of love,greta y los garbo,0,test,train
TRFDVKX128F4292ADB,toni braxton || breathe again,toni braxton,1,train,train
TRFDYBB128F42ADE41,bo bice || the real thing,bo bice,1,test,test
TRFEASC128F92EAF79,ricky martin || maria,ricky martin,1,train,train
TRFEHCX128E07848E4,oleta adams || get here,oleta adams,1,train,test
TRFETKR128F9307C60,maps atlases || songs for ghosts to haunt to,maps atlases,0,train,train
TRFFDYZ128E07931A8,peshay || switch,peshay,0,train,train
TRFFIAX128F9328D6E,no wait wait || faith and words,no wait wait,0,train,train
TRFFIIC128F428ADB2,lit || my own worst enemy,lit,1,test,train
TRFFNSX128F92F9128,lalah hathaway || stay home tonight,lalah hathaway,0,test,train
TRFFTKR12903CE3144,jason aldean || hicktown,jason aldean,1,train,train
TRFFWXU128F42646B8,hammerhead || victoria,hammerhead,0,train,train
TRFGAGX12903CC5BE2,young money || roger that,young money,1,train,train
TRFGFGS12903CFA699,hagen rether || huhnerfresser,hagen rether,0,train,train
TRFGGWX128F92D844C,the inchtabokatables || schlaflied 2001,the inchtabokatables,0,train,train
TRFGJHV128F428FDC0,five || when the lights go out,five,1,train,train
TRFGMJN128F92F15C7,sara evans || perfect,sara evans,1,train,train
TRFGPWW128F93098C9,neikka rpm || spread myself remix,neikka rpm,0,train,train
TRFGUXT128F42BA1C8,metallica || wherever i may roam,metallica,1,test,test
TRFGXLG128F4247F3E,big tymers || this is how we do,big tymers,1,test,train
TRFGXOY128F1465222,oxmo puccino || toucher lhorizon,oxmo puccino,0,train,train
TRFHGSU128E07930A7,sting || you still touch me,sting,1,train,train
TRFHGUG12903D02912,tom russell || rider on an orphan train,tom russell,0,test,train
TRFHGXW128F1479BF7,remy ma || conceited theres something about remy,remy ma,1,train,train
TRFHJAO128F92EDDFA,bain mattox || shame,bain mattox,0,train,test
TRFHMTA128F4264169,backstreet boys || all i have to give,backstreet boys,1,train,test
TRFHSUI128F92ED70E,good charlotte || the anthem,good charlotte,1,train,test
TRFHVTT12903CF7CD9,sara evans || a real fine place to start,sara evans,1,train,train
TRFHZMC128F92E6DD7,boyz ii men || thank you,boyz ii men,1,train,train
TRFHZPT128F9326F74,bruce springsteen || my beautiful reward,bruce springsteen,0,test,train
TRFIFOC128F14AD4D9,james newton howard || little angel,james newton howard,0,train,train
TRFILZC128F92D9837,don williams and pozo seco singers || follow me back to louisville,don williams and pozo seco singers,0,train,train
TRFIMXE128F9302AE0,the killers || human,the killers,1,train,train
TRFIQWZ128E078FE73,dru hill || you are everything,dru hill,1,train,test
TRFITPW128F9324EFD,alicia keys || you dont know my name,alicia keys,1,train,test
TRFIUHQ128F932F3E1,enrique iglesias || be with you,enrique iglesias,1,train,test
TRFIXPQ128F42824BE,gretchen wilson || homewrecker,gretchen wilson,1,train,train
TRFJCPO128F4263517,tony terry || with you,tony terry,1,train,train
TRFJDGG12903D13BF4,fred eaglesmith || freight train,fred eaglesmith,0,train,test
TRFJGXQ128F427FFB3,b2k || girlfriend,b2k,1,test,train
TRFJIOQ128E07899D5,gwen stefani || hollaback girl,gwen stefani,1,train,train
TRFJJOY128F429163A,cephalic carnage || lucid interval,cephalic carnage,0,train,train
TRFJKCA128F92C9F64,alan silvestri || cherry catapult,alan silvestri,0,train,train
TRFJNTJ128F930659D,the london metropolitan orchestra || the king is dead,the london metropolitan orchestra,0,train,test
TRFJUDI128F9314AD7,erskine hawkins his orchestra || dont cry baby,erskine hawkins his orchestra,0,test,train
TRFJUGQ128F428A352,lonestar || unusually unusual,lonestar,1,train,train
TRFJWAZ12903CEA40E,old crow medicine show || poor man,old crow medicine show,0,test,train
TRFKBAS12903CD8DEA,finger eleven || one thing,finger eleven,1,test,train
TRFKHHQ128F42923AD,faithless || insomnia,faithless,1,train,train
TRFKJEL128F1452020,melanie garside || centered sideways,melanie garside,0,test,test
TRFKJVY128F425E833,britney spears || gimme more,britney spears,1,train,train
TRFKRIC128F92E07CB,wednesday 13 || haddonfield,wednesday 13,0,train,train
TRFKTIM128F1482E8D,over it || feels like affection,over it,0,train,train
TRFLBRW128F4229E85,manu katche_ mathias eick_ trygve seim_ marcin wasilewski_ slawomir kurkiewicz || snapshot,manu katche_ mathias eick_ trygve seim_ marcin wasilewski_ slawomir kurkiewicz,0,train,train
TRFLCMC128E0792ECE,bryan adams || please forgive me,bryan adams,1,train,test
TRFLDPT128F934785F,strung out || exhumation of virginia madison,strung out,0,train,train
TRFLKDQ128F42AE3BD,brad paisley || alcohol,brad paisley,1,train,train
TRFLODV128F4276F3B,keb mo || lullaby baby blues,keb mo,0,train,train
TRFLZTD128F42A4FD1,little jackie || liked you better before explicit,little jackie,0,train,train
TRFMCMM128F92FA4F6,the fureys || the flowers in the valley,the fureys,0,train,train
TRFMFCH128F425B769,christina aguilera featuring redman || dirrty,christina aguilera featuring redman,1,test,train
TRFMWLS128F4295EC7,backstreet boys || everybody backstreets back,backstreet boys,1,test,test
TRFNGJS128F92F9EEE,kelly clarkson || already gone,kelly clarkson,1,train,test
TRFNJUV128F92F0BF0,sneaker pimps || spin spin sugar,sneaker pimps,1,train,train
TRFNMWZ128F42648B9,ty herndon || steam,ty herndon,1,test,train
TRFNQLC128F1484407,linkin park || one step closer,linkin park,1,test,train
TRFNWEZ128F1452603,daft punk || human after all alter ego remix,daft punk,0,train,test
TRFOGJR128F934B5E1,paths of possession || the icy flow of death,paths of possession,0,train,train
TRFOHHR128F427C0A5,mariah carey || through the rain,mariah carey,1,train,train
TRFOIUY128F147F287,dot allison || quicksand,dot allison,0,train,train
TRFOPWW128F42368D7,kamelot || dopis z borodina,kamelot,0,train,train
TRFOQFN12903CAAFD9,the klf || 3 am eternal,the klf,1,train,train
TRFOUSU128F92DF9DC,shawn mullins || lullaby,shawn mullins,1,train,test
TRFPGZZ128F92FAE73,book of love || intro,book of love,0,test,test
TRFPKUN12903CAF835,i killed the prom queen || death certificate for a beauty queen,i killed the prom queen,0,train,train
TRFPLHY128F9302C67,dido || thank you,dido,1,test,train
TRFQBPY128F145E5A9,dream warriors || twelve sided dice,dream warriors,0,train,train
TRFQKFW128E078FC71,nelly || ei,nelly,1,test,train
TRFQPMP12903CB065D,lo fidelity allstars || lo fis in ibiza,lo fidelity allstars,0,train,train
TRFQQCE128F92DFC63,christina aguilera || back in the day,christina aguilera,0,train,train
TRFQTMT128F4223D39,the brian setzer orchestra || some river in europe an adaptation of strauss blue danube,the brian setzer orchestra,0,train,train
TRFQUFQ128F9312B64,marjorie estiano || tudo passa,marjorie estiano,0,test,train
TRFQZDZ128F422BEBB,mary margaret ohara || was you,mary margaret ohara,0,train,test
TRFRCVC128F4229FDB,cud || my need to hurry,cud,0,train,test
TRFRLNA128F145F7F7,indiaarie || little things,indiaarie,1,train,train
TRFRNGQ128F4256F33,imperia || fata morgana,imperia,0,train,train
TRFRSQL128F42AC9DB,the rifles || local boy,the rifles,0,train,train
TRFSAXT128F42648CF,kool g rap || fast life,kool g rap,1,test,train
TRFSCIN128F92F4AD4,enrique iglesias || hero,enrique iglesias,1,test,test
TRFSFOZ128F92DF85E,will to power || im not in love,will to power,1,train,train
TRFSIJZ128E0792052,trisha yearwood || there goes my baby,trisha yearwood,1,test,train
TRFSOXF12903D013A3,nicolas bacchus || soixanteneuf,nicolas bacchus,0,train,train
TRFSRJO128F93045BE,monie love featuring true image || its a shame my sister,monie love featuring true image,1,train,train
TRFSZFU128F93035E3,chick webb || that naughty waltz,chick webb,0,train,train
TRFTHXI128F146896A,speech || freestyle 8 from speechs vault,speech,0,train,train
TRFTJCH128F14789ED,shinedown || i dare you,shinedown,1,train,train
TRFTSDU128F4272D8E,jose carreras || joy to the world,jose carreras,0,train,test
TRFTULX128F92FDB94,parachute || she is love,parachute,1,train,train
TRFTYOQ12903CA4808,luke bryan || someone else calling you baby,luke bryan,1,test,train
TRFUBRK128F425B739,christina aguilera || i turn to you,christina aguilera,1,train,train
TRFUDJX128F428B47E,jaguares || perdi mi ojo de venado,jaguares,0,test,train
TRFUEJH128F424E144,boyz n da hood feat trok_ alfa mega_ yung joc durty || block boyz feat trok_ alfa mega_ yung joc durty explicit album version,boyz n da hood feat trok_ alfa mega_ yung joc durty,0,train,train
TRFUEXF128F426F486,jaheim || just in case,jaheim,1,train,train
TRFUGLS128F42800AA,sonny boy williamson || ground hog blues,sonny boy williamson,0,train,train
TRFUGVB128F4265DD9,rage against the machine || guerrilla radio,rage against the machine,1,train,test
TRFUNPR128F424E120,matchbox twenty || how far weve come,matchbox twenty,1,train,train
TRFUOZN128F4297F8C,the calling || wherever you will go,the calling,1,train,train
TRFUPLE128F427BC3E,tuck patti || up from the skies,tuck patti,0,train,test
TRFUUKS128F4259E77,sade || no ordinary love,sade,1,train,test
TRFVDDL128F932A71D,go west || faithful,go west,1,train,test
TRFVGXA128F92D359C,maps || let go of the fear dub,maps,0,train,train
TRFVIAZ12903D09FEF,arsonists get all the girls || lost my loss of ruin,arsonists get all the girls,0,train,test
TRFVKNJ128F425D347,maroon 5 || wont go home without you,maroon 5,1,train,train
TRFVOFM128F428BAC0,bramhall || babys gone,bramhall,0,train,test
TRFVOON128F42269BA,familjen || nu hander det igen,familjen,0,test,train
TRFVQLL128F92EB2EA,christina aguilera || keeps gettin better,christina aguilera,1,train,train
TRFVUJM128F93221B5,ivana santilli featuring glenn lewis || if ever i fall part 2 the heavy handed mix,ivana santilli featuring glenn lewis,0,test,train
TRFVVCF128F92EAE7C,jars of clay || work,jars of clay,0,test,train
TRFVVMJ128EF35F976,elton john || you can make history young again,elton john,1,test,train
TRFWGOY128F148B015,pat green || wave on wave,pat green,1,train,train
TRFWIPZ128E078A4A7,daddy yankee || like you,daddy yankee,1,train,train
TRFWQRM128F42808F5,george braith || mary had a little lamb,george braith,0,train,train
TRFWRXM128F146E220,keyshia cole || i should have cheated,keyshia cole,1,train,train
TRFWSFZ128F425D6EA,the tokens || the lion sleeps tonight wimoweh,the tokens,1,train,train
TRFWWAL128F92FCF0E,jill scott || a long walk,jill scott,1,train,test
TRFWZSD128F931C037,trapt || when all is said and done,trapt,0,train,train
TRFXJFG12903CDD368,cathedral || fire,cathedral,0,train,train
TRFXKAY128F429940C,brad paisley || he didnt have to be,brad paisley,1,train,train
TRFXMPC128F930394B,jason michael carroll || hurry home,jason michael carroll,1,train,train
TRFXPPI128F932B711,frankie negron || hoy me he vuelto a enamorar,frankie negron,0,test,test
TRFXPXB12903CB2C6C,channel live || mad izm,channel live,1,train,train
TRFXUCW128E078EDA0,aerosmith || amazing,aerosmith,1,train,train
TRFXUGL128F932A7B8,proceed || waving,proceed,0,train,test
TRFXYFR128F933ACDC,sarah mclachlan || possession,sarah mclachlan,1,test,test
TRFYDYG128F9321516,the pietasters || freak show,the pietasters,0,train,test
TRFYHDP128E078F4E5,kci jojo || you bring me up,kci jojo,1,train,test
TRFYHTV128F92EA638,septic flesh || underworld act 1,septic flesh,0,train,train
TRFYKDH128F426218E,choking victim || money,choking victim,0,train,train
TRFYOIE128F93207CB,the killers || read my mind,the killers,1,test,train
TRFYRXA128F14567CA,shai || i dont wanna be alone,shai,1,train,train
TRFYRYF128F426AB3E,ginuwine || so anxious,ginuwine,1,train,train
TRFZAXW128F42575E5,strangelove || 20th century cold live acoustic version,strangelove,0,train,train
TRFZCDI128F933AC6F,44 || when your heart stops beating,44,1,test,train
TRFZDAB128F428CAA5,eve 6 || heres to the night,eve 6,1,test,train
TRFZFUH128F4270003,da brat || give it 2 you,da brat,1,train,train
TRFZGDD128F42854CD,brad paisley || wrapped around,brad paisley,1,train,train
TRFZJOZ128F4263BE3,weird al yankovic || smells like nirvana,weird al yankovic,1,train,train
TRFZKQG128F428C020,blaine larsen || how do you get that lonely,blaine larsen,1,train,train
TRFZMBU12903CE9959,nathan fake || the sky was pink holden remix,nathan fake,0,train,train
TRFZSEI128F9317742,jaguares || clavame mejor los dientes,jaguares,0,test,train
TRGAJXT128F147848E,the allamerican rejects || dirty little secret,the allamerican rejects,1,train,train
TRGAKXN128F932B5A3,the b52s || love shack,the b52s,1,test,train
TRGAQKH128F146AB92,bebe winans || in harms way,bebe winans,1,test,test
TRGBEGF128F9322D4A,john rich || shuttin detroit down,john rich,1,train,test
TRGBIVV128F427FCE9,the offspring || hit that,the offspring,1,train,train
TRGBJKE128F4257B1D,stahlhammer || jeanny,stahlhammer,0,train,train
TRGBLDL128F42969D5,r kelly || step in the name of love,r kelly,1,test,train
TRGBSDN128F9315688,clarika || les garcons dans les vestiaires,clarika,0,train,train
TRGBVBL128F4285174,tiffany || our last song together,tiffany,0,train,test
TRGBWKW12903CFC02C,mike posner || cooler than me,mike posner,1,train,test
TRGCDDU128F92D2589,ivor cutler || and so do i,ivor cutler,0,train,test
TRGCIEC128F932E722,radiohead || go to sleep,radiohead,0,train,train
TRGCKFK128F42496CE,glenn medeiros || the best man,glenn medeiros,0,test,train
TRGCNBN12903CEAD7E,lonestar || amazed,lonestar,1,test,train
TRGCUZI128F428F872,panic at the disco || nine in the afternoon,panic at the disco,1,train,test
TRGDHTS128F42960D6,n sync || its gonna be me,n sync,1,train,test
TRGDLXQ128F4260C69,avril lavigne || sk8er boi,avril lavigne,1,train,train
TRGDMDM128E0788891,queens of the stone age || little sister,queens of the stone age,1,train,train
TRGDNLM12903CE91A8,lyfe jennings || must be nice,lyfe jennings,1,test,train
TRGDPKL128F425CEB2,ne luumaet || rakastan sua,ne luumaet,0,train,train
TRGDQFS128F933AD5C,coldplay || violet hill,coldplay,1,train,train
TRGDSKR128F92D315F,foals || olympic airways,foals,0,train,train
TRGDVRO128F92F5994,the pussycat dolls || i hate this part,the pussycat dolls,1,test,train
TRGEAJX128F9327A91,geoffrey gurrumul yunupingu || marwurrumburr,geoffrey gurrumul yunupingu,0,train,train
TRGEBKD128F427267D,frankie j || dont wanna try,frankie j,1,train,test
TRGELPA128F9327BCF,beyonce || naughty girl,beyonce,1,train,train
TRGESYX12903CE699B,lifehouse || broken,lifehouse,1,test,test
TRGFHIW128F92E93A6,sweet sensation || if wishes came true,sweet sensation,1,train,test
TRGFPED128F4228E94,lil kim || no matter what they say,lil kim,1,train,train
TRGFRSZ128F42824C7,gretchen wilson || here for the party,gretchen wilson,1,train,train
TRGFTVO128F4244F73,silent force || walk the earth,silent force,0,train,train
TRGFVWC128C7196943,u2 || electrical storm,u2,1,train,test
TRGFXUM12903CCE726,miranda lambert || white liar,miranda lambert,1,train,train
TRGFZLH128F92E4EE3,lee ann womack || last call,lee ann womack,1,train,train
TRGGAHL128F427E34E,kenny lattimore || never too busy,kenny lattimore,1,train,train
TRGGRXJ128F426AA4B,deep forest || forest power,deep forest,0,train,test
TRGGUQF128F932FB97,the allamerican rejects || gives you hell,the allamerican rejects,1,test,train
TRGGYSJ128F428CADA,today is the day || worn out,today is the day,0,train,train
TRGGYXX128F429586C,usher || burn,usher,1,train,train
TRGHEBF128F4282642,the subways || i want to hear what you have got to say live and acoustic from berlin,the subways,0,train,train
TRGHELE128F423756C,ashley tisdale || he said she said,ashley tisdale,1,train,train
TRGHIPO128F4231091,type o negative || black no 1 little miss scare all,type o negative,0,train,train
TRGHLZU128F92EF1A4,whitesnake || fool for your loving,whitesnake,1,train,train
TRGHUUE128F423F30A,white town || your woman,white town,1,test,train
TRGHUYL128F429A201,alicia keys || a womans worth,alicia keys,1,train,test
TRGHZDQ128F42AB224,metallica || i disappear,metallica,1,train,test
TRGHZRV128F932C07A,ohrbooten || maschine,ohrbooten,0,train,train
TRGIATU128F427878D,bruce springsteen || the rising,bruce springsteen,1,train,train
TRGIVOZ128F1468FA9,gary moore || still got the blues,gary moore,1,train,test
TRGIWAG128F42755D7,junkie xl || yesterdays,junkie xl,0,train,test
TRGIWGE128F92FD76C,mariah carey featuring joe 98 degrees || thank god i found you,mariah carey featuring joe 98 degrees,1,train,train
TRGIYOI128F42278C6,garageland || believe in you,garageland,0,train,train
TRGIZAC128F4278D76,blof || de geest,blof,0,train,train
TRGJCEY12903CD9507,marah || barstool boys,marah,0,test,train
TRGJDFU128F934E4A8,dilute || planet,dilute,0,train,train
TRGJEYD128F4261942,michael bolton || completely,michael bolton,1,train,train
TRGJOFA128F42AC9A9,justin timberlake || rock your body,justin timberlake,1,train,train
TRGJRQT128F933BE11,kotiteollisuus || rukous,kotiteollisuus,0,test,test
TRGJSAL128F92DDC1A,lauryn hill || doo wop that thing,lauryn hill,1,test,train
TRGJWNK128F9351E94,leann rimes || how do i live,leann rimes,1,train,test
TRGJYAU128F42A07AE,tsunami bomb || my machete,tsunami bomb,0,train,train
TRGKBFC12903CEC17B,alex chilton || song intro,alex chilton,0,test,train
TRGKECP12903CE971A,los visitantes || auto union,los visitantes,0,train,test
TRGKHHW128F92E4C24,havana 3 am || reach the rock,havana 3 am,0,train,train
TRGKKXR128F148469E,buckcherry || sorry,buckcherry,1,test,train
TRGKOJN12903CF5AE4,godflesh || kingdom come,godflesh,0,train,train
TRGKQZW12903CCB4B8,taylor swift || picture to burn,taylor swift,1,train,test
TRGKUCI128F4295705,n sync || i want you back,n sync,1,train,test
TRGKVMG128E0798B36,anja garbarek || born that way,anja garbarek,0,test,train
TRGLAJC128F931DD1B,lee ann womack || ashes by now,lee ann womack,1,train,train
TRGLDOC128F933970F,better luck next time || chapters,better luck next time,0,train,train
TRGLHHV12903CFCDE5,josh ritter || the curse,josh ritter,0,train,train
TRGLLVK12903CA82D0,reel 2 real featuring the mad stuntman || i like to move it,reel 2 real featuring the mad stuntman,1,train,train
TRGLPNC128F9307761,aretha franklin || a rose is still a rose,aretha franklin,1,train,train
TRGLPZU128F9333CBF,justin timberlake || senorita,justin timberlake,1,train,train
TRGMCIR128F933237E,rihanna || rehab,rihanna,1,train,test
TRGMDKU12903CAC82E,avril lavigne || alice,avril lavigne,1,test,train
TRGMEKY128F42A9054,paul ritch || messene,paul ritch,0,train,train
TRGMGVV128F930ADCF,jessica simpson || i think im in love with you,jessica simpson,1,train,train
TRGMIWO12903CD0C32,separate || all around the world,separate,0,train,train
TRGMQVQ12903CA4456,mumakil || wish you the worst,mumakil,0,train,train
TRGMUAF12903CAB120,atlantic starr || masterpiece,atlantic starr,1,train,train
TRGMWXV128F92DF8F0,crash test dummies || mmm mmm mmm mmm,crash test dummies,1,test,test
TRGMZNT128F92DE267,taylor swift || tim mcgraw,taylor swift,1,train,test
TRGNBVG128F930AC6A,blessid union of souls || i believe,blessid union of souls,1,train,test
TRGNDNE128F92E50F5,mariah carey || ill be lovin u long time,mariah carey,1,train,train
TRGNGGA128E0783C22,joyce cooling || talk,joyce cooling,0,test,train
TRGNOBU128F92E4C4B,avril lavigne || when youre gone,avril lavigne,1,test,train
TRGNRGK128F426482A,satchel || trouble come down,satchel,0,train,train
TRGNTXU128F427772C,faith no more || falling to pieces,faith no more,1,train,train
TRGNUXH128F428522A,the shortwave set || i know,the shortwave set,0,test,test
TRGNVYU128F92F1000,captain hollywood project || more and more,captain hollywood project,1,test,test
TRGNWUZ128F42691D2,our lady peace || consequence of laughing,our lady peace,0,train,train
TRGNWZR128F4264558,sophie b hawkins || right beside you,sophie b hawkins,1,test,train
TRGNYHX128EF3525C6,trout fishing in america || what i want is a proper cup of coffee,trout fishing in america,0,train,train
TRGOAJI128F146E0AD,all saints || never ever,all saints,1,train,test
TRGOCBO12903CE2A34,slow club || because were dead,slow club,0,train,test
TRGOCXO128F428B090,tyrese || how you gonna act like that,tyrese,1,train,train
TRGOMQC128F427E291,american hifi || flavor of the weak,american hifi,1,train,train
TRGPGCI128F4294F17,obituary || dont care live,obituary,0,train,train
TRGPGDP128F92E65DF,mariah carey || my all,mariah carey,1,test,train
TRGPIXL128F4298274,bruce becvar || the gift of life,bruce becvar,0,train,train
TRGPJHI128F933F06D,legs on earth || gashala,legs on earth,0,train,test
TRGPXGV128F9300B3B,tillers folly || mccullochs wonder,tillers folly,0,train,train
TRGPXRE128F427B6FB,a perfect circle || lullaby,a perfect circle,0,train,train
TRGQERE128F4270B31,babyface || and our feelings,babyface,1,train,train
TRGQEYB128F1460094,maggie reilly || when its over,maggie reilly,0,train,train
TRGQKFL12903CFB3D4,jack johnson || flake,jack johnson,1,train,train
TRGQUWP12903CA774E,deep forest || sweet lullaby,deep forest,1,train,test
TRGQVNH128F92F62A2,miley cyrus || breakout,miley cyrus,1,train,train
TRGQYSX128F427D1BE,kid carpet || all join on,kid carpet,0,train,train
TRGRCYE128F42AE37F,brad paisley || waitin on a woman,brad paisley,1,train,train
TRGRDOV128F42727DE,beyonce featuring sean paul || baby boy,beyonce featuring sean paul,1,train,train
TRGRDUH128F42AE383,brad paisley || shes everything,brad paisley,1,train,train
TRGRMCM128F933C0F8,sean paul || so fine,sean paul,1,train,test
TRGRNNW128F42311F8,the flies || the elements,the flies,0,train,train
TRGRONS128E0786070,method man || bring the pain,method man,1,test,test
TRGRTAD12903CB742A,chico debarge || addiction meeting interlude,chico debarge,0,train,test
TRGRTZC128F426345A,billy gilman || one voice,billy gilman,1,train,test
TRGRYSM128F9356696,the cribs || ignore the ignorant,the cribs,0,train,train
TRGSBVL128F9323481,escuela de odio || hablan las calles,escuela de odio,0,test,test
TRGSDRP128F930A926,experimental aircraft || it wont be long,experimental aircraft,0,train,train
TRGSERC12903CADF4C,basic vocab || come get with it,basic vocab,0,train,test
TRGSIDF128F4263EBE,montgomery gentry || lonely and gone,montgomery gentry,1,train,train
TRGSRLK128F1469209,greta y los garbo || deseo,greta y los garbo,0,train,train
TRGTETT128F149A304,kurt rosenwinkel || dcba,kurt rosenwinkel,0,train,test
TRGTKOS128F148F4A6,wilco || nothingsevergonnastandinmyway again lp version,wilco,0,train,train
TRGTOET128F932784C,patrik isaksson || inre ro,patrik isaksson,0,test,train
TRGTVAI128F426AA6A,savage garden || truly madly deeply,savage garden,1,train,test
TRGTVFO128E0784659,christina milian || dip it low,christina milian,1,test,test
TRGTYHT128F930C9FC,solas || dignity,solas,0,train,train
TRGUBDL128F428F993,mojo nixon || girlfriend in a coma,mojo nixon,0,train,train
TRGUCCY128F933E166,frenkie || raise feat defence,frenkie,0,test,train
TRGUCFW12903D012FD,billy eckstine || my foolish heart,billy eckstine,0,train,train
TRGUKZP128F92C25D8,natasha bedingfield || soulmate,natasha bedingfield,1,train,train
TRGURKP128F4261EA0,soul asylum || promises broken,soul asylum,1,train,train
TRGUTZM128F4258535,jackie mittoo || a big car,jackie mittoo,0,train,train
TRGUXRX128F92F5F46,dixie chicks || goodbye earl,dixie chicks,1,train,train
TRGVHKP128F427A4D9,aerosmith || jaded,aerosmith,1,train,train
TRGVJBR128F92F39BB,keyshia cole || you complete me,keyshia cole,1,train,train
TRGVLEI128F146C80C,wayne wonder || no letting go,wayne wonder,1,train,train
TRGVUMF12903D02714,thee midniters || everybody needs somebody to love,thee midniters,0,test,train
TRGVWZX128F931B9A0,pwrfl power || banana song,pwrfl power,0,train,train
TRGVXFG12903CA4804,luke bryan || rain is a good thing,luke bryan,1,train,train
TRGVYAW128F1458093,joshua kadison || jessie,joshua kadison,1,train,test
TRGVYBU128F425B737,christina aguilera || what a girl wants,christina aguilera,1,test,train
TRGWEYN128F42723CC,paulina rubio || the one you love,paulina rubio,1,train,train
TRGWFPE128F1487AA2,jeanlouis aubert || alta gracia,jeanlouis aubert,0,test,test
TRGWIOA128F42B63E7,curve || coming up roses,curve,0,test,train
TRGWIRQ128F92D558F,blink182 || i miss you,blink182,1,train,train
TRGWKGA128F42836AB,celine dion || its all coming back to me now,celine dion,1,train,train
TRGWMEB128F92EB234,celine dion || the power of love,celine dion,1,train,train
TRGWTDW128F9323504,segismundo toxicomano || rip,segismundo toxicomano,0,train,test
TRGWWNL128F4237470,trace adkins || youre gonna miss this,trace adkins,1,train,train
TRGWWOT128F4270AED,mitchell akiyama || but promise me,mitchell akiyama,0,test,train
TRGWXUG128F148469F,buckcherry || crazy bitch,buckcherry,1,train,train
TRGXAKS128F42BA9AF,kenny g || havana,kenny g,1,train,train
TRGXALC128F426DFA4,schrottgrenze || hinterland,schrottgrenze,0,train,train
TRGXCYZ128F932B67B,members of mayday || 10 in 01,members of mayday,0,test,train
TRGXGJF128F933B4EB,rihanna || shut up and drive,rihanna,1,train,test
TRGXZRI128F148D017,sonique || it feels so good,sonique,1,train,train
TRGYCWL12903CF2CF0,armitage shanks || dutch courage,armitage shanks,0,test,test
TRGYEPO12903CB0250,the legends || over and over,the legends,0,train,test
TRGYJPZ12903CC5D24,young dre d || same ass ngga,young dre d,0,test,train
TRGYNBA128F930F9DC,saigon || cant help myself,saigon,0,train,train
TRGYPTZ12903CF7CD4,sara evans || suds in the bucket,sara evans,1,test,train
TRGYRMA128E078FC55,erykah badu || danger,erykah badu,1,test,train
TRGYUVY12903CB6369,letzte instanz || egotrip,letzte instanz,0,train,train
TRGYYPU128F425A81C,stan rogers || at last_ im ready for christmas,stan rogers,0,test,train
TRGZJKG12903CC36E8,usher featuring william || omg,usher featuring william,1,train,train
TRGZQAS128E07933A4,modjo || lady,modjo,0,train,train
TRGZRNJ128F92F4139,darius rucker || it wont be like this for long,darius rucker,1,test,train
TRGZRTK12903D09FCC,jungle rot || habit fulfilled,jungle rot,0,train,train
TRGZSAD12903CF9E95,republica || ready to go,republica,1,test,train
TRGZUIQ128F427CE6C,bluvertigo || altre fdv,bluvertigo,0,train,train
TRGZUKV12903CC2F22,monifah || touch it,monifah,1,train,train
TRGZWRR128F92DC593,berlin symphony orchestra || dance of the sugar plum fairy red baron remix,berlin symphony orchestra,0,train,train
TRGZZQE128E0789110,eminem || just lose it,eminem,1,test,train
TRHANAN128F931C3E9,filter || hey man nice shot,filter,1,train,train
TRHANTE128F4255BF5,brian eno || dark waters 2005 digital remaster,brian eno,0,train,test
TRHAQSN128F428A357,lonestar || with me,lonestar,1,test,train
TRHARBV128F4234293,raul midon || caminando,raul midon,0,test,train
TRHARTM128F42650D9,bob dylan || million miles,bob dylan,0,train,test
TRHATAE128F92E583E,alicia keys || like youll never see me again,alicia keys,1,train,test
TRHAWPL128F4261D1D,dixie chicks || travelin soldier,dixie chicks,1,train,train
TRHBBJR12903CF4A6E,vedera || forgive you,vedera,0,train,test
TRHBSMY128F92D5D3C,jonas brothers || love is on its way,jonas brothers,1,train,train
TRHBVON128F93311F6,eleanor mcevoy || dont ask me why,eleanor mcevoy,0,train,train
TRHBVTI128F9330F0A,fischerspooner || to the moon,fischerspooner,0,train,train
TRHCIRM128F42978D3,extremoduro || resolucion,extremoduro,0,train,train
TRHCKFN128F9309D48,the funk brothers || aint no mountain high enough,the funk brothers,0,train,test
TRHCLSV128F423E9BE,sapo || articulat,sapo,0,train,train
TRHCMHU128F1468163,nellie lutcher || chichichichicago,nellie lutcher,0,train,train
TRHCQCF128F92D5176,leo ferre || le pont mirabeau,leo ferre,0,test,train
TRHCWOE128F930094D,lightning seeds || 4 winds,lightning seeds,0,train,test
TRHCWXE128F92EAB49,alan jackson || thatd be alright,alan jackson,1,train,test
TRHCXVN128F147753E,cathy dennis || you lied to me,cathy dennis,1,train,train
TRHDFRB12903C9C78A,vanessa williams || save the best for last,vanessa williams,1,train,train
TRHDLDH128F428A36C,martina mcbride || loves the only house,martina mcbride,1,train,train
TRHDUXC128F147C062,paris hilton || stars are blind,paris hilton,1,train,train
TRHEBDB128F92E9FC0,shakira || dont bother,shakira,1,train,train
TRHEHDP128F4262E54,groove theory || tell me,groove theory,1,train,test
TRHEQQM128F93233A8,dan baird || i love you period,dan baird,1,train,test
TRHETPL128F932E0C1,belbury poly || model country,belbury poly,0,train,train
TRHEUMV12903CE5FC3,smash mouth || i wanna be like you,smash mouth,0,train,train
TRHFEMY128F14979BA,rilo kiley || a better sondaughter,rilo kiley,0,train,test
TRHFGRA128F92D309A,britney spears || circus,britney spears,1,train,train
TRHFKIM128F92FB53E,celine dion || i drove all night,celine dion,1,test,train
TRHFXMK128E078FC0F,lee ann womack || a little past little rock,lee ann womack,1,train,train
TRHGDIO128F9324EF2,the bird and the bee || diamond dave,the bird and the bee,0,train,train
TRHGEFW128F4243BAE,cheikh lo || ndawsile,cheikh lo,0,train,train
TRHGKFB128F427E0E4,pearl jam || given to fly,pearl jam,1,train,train
TRHGMPI128F42480AA,phil vassar || love is a beautiful thing,phil vassar,1,test,train
TRHGWJL128F42B77F5,cece peniston || keep on walkin,cece peniston,1,train,train
TRHGYNK128F92D50C0,natasha bedingfield || single,natasha bedingfield,1,train,train
TRHGZUT128E078650C,wibutee || rodeo activity,wibutee,0,test,train
TRHHMQV12903CD43D0,rest of my life || heart transplant to dead bodies,rest of my life,0,test,train
TRHHNMD128F92F1ED2,jamie foxx featuring twista || dj play a love song,jamie foxx featuring twista,1,train,test
TRHHWPE128F42937EC,brand nubian || dont let it go to your head,brand nubian,1,train,test
TRHIANO128F92D8116,nickelback || gotta be somebody,nickelback,1,test,test
TRHICPD128E0795E6F,east 17 || i disagree,east 17,0,test,train
TRHIJHR128F92EA6E3,the fray || heartless,the fray,1,train,train
TRHILDM128F4265624,cock sparrer || sussed,cock sparrer,0,train,train
TRHIPYY128F42AA84E,nivea featuring lil jon youngbloodz || okay,nivea featuring lil jon youngbloodz,1,train,train
TRHIRPD128F4284697,die fantastischen vier || dicker pulli,die fantastischen vier,0,train,train
TRHIVMU128F9327D14,dj jazzy jeff the fresh prince || summertime,dj jazzy jeff the fresh prince,1,train,test
TRHIZIA128F148D44F,sisqo || incomplete,sisqo,1,train,test
TRHJFMO12903D01894,martina mcbride || when love is gone,martina mcbride,0,train,train
TRHJQEG128F9341FC1,queens of the stone age || no one knows,queens of the stone age,1,train,train
TRHJSEZ128F1459DCC,billy currington || i got a feelin,billy currington,1,train,train
TRHJWZZ128F92E60C5,albert pla || el lado mas bestia de la vida,albert pla,0,test,train
TRHJZAG128F1460889,mc hammer || addams groove,mc hammer,1,train,test
TRHJZAH128F422F25F,spitalfield || simple minds_ simple lives,spitalfield,0,train,train
TRHKJVR128F42857EA,dj quik || safe sound,dj quik,1,train,train
TRHKJYI128F92FF267,u2 || magnificent,u2,1,train,test
TRHKNMK128F93358E8,matt mays || the past,matt mays,0,train,train
TRHKTSA128F428A4DD,kevon edmonds || 247,kevon edmonds,1,test,train
TRHKUXH128F429ED6E,kim wilde || kids in america,kim wilde,0,train,train
TRHKXAX128E07994FC,carl thomas || emotional,carl thomas,1,train,train
TRHKXLR128F9342962,boat || 200 days_ 59 ways,boat,0,train,train
TRHKYNW128F92C269C,velvet revolver || get out the door,velvet revolver,0,train,test
TRHLEAG128F4266080,hifive || quality time,hifive,1,train,train
TRHLENF128F92E51FB,stefan gwildis || amelie,stefan gwildis,0,train,train
TRHLEVU128E0792E39,eagleeye cherry || save tonight,eagleeye cherry,1,train,train
TRHLJYY128F1474A08,chris cagle || laredo,chris cagle,1,train,train
TRHLLLC12903C99B0F,david scott || medleygood old rocknrollwhole lotta shakin going on,david scott,0,train,train
TRHMAHT128F4275868,dangelo || me and those dreamin eyes of mine,dangelo,1,train,train
TRHMJYK128F92FDD7E,cosmo vitelli || science affliction feat jalal nuriddin,cosmo vitelli,0,test,train
TRHMSIY128F42A2C4A,m people || walk away,m people,0,train,train
TRHMWWI128F92F5745,crash test dummies || supermans song,crash test dummies,1,test,test
TRHNCIR128F42334A5,kanye west || stronger,kanye west,1,train,test
TRHNCYH128F146B169,mc hammer || pray,mc hammer,1,train,test
TRHNELM128F425D618,jack kerouac featuring al cohn zoot sims || american haikus 1999 digital remaster feat al cohn zoot sims,jack kerouac featuring al cohn zoot sims,0,test,train
TRHNENS128E0799A33,ashlee simpson || love,ashlee simpson,1,train,train
TRHNFWK128F92F7BD2,hexes ohs || in high places,hexes ohs,0,test,train
TRHNGMV128F426236F,lita ford || shot of poison,lita ford,1,train,train
TRHOIVA128F4265025,firehouse || i live my life for you,firehouse,1,test,test
TRHOKWF128F4241136,j holiday || bed,j holiday,1,train,train
TRHOQVZ128F9305E5B,brooks dunn || hillbilly deluxe,brooks dunn,1,train,train
TRHORMR128F933199C,kristine w || love is the look,kristine w,0,train,train
TRHOUPI128F930F2BD,katharine mcphee || over it,katharine mcphee,1,train,test
TRHPCQG128F9308688,handsome furs || passport kontrol album,handsome furs,0,test,train
TRHPHLI128F42A35D9,lonestar || everythings changed,lonestar,1,test,train
TRHPSDO12903CE5189,iyaz || replay,iyaz,1,test,train
TRHPTPQ128E079479A,mistys big adventure || im waiting for you,mistys big adventure,0,test,train
TRHPTQV128F14A2C78,craig david || walking away,craig david,1,train,test
TRHPUFA128F14A35CB,maroon town || one world,maroon town,0,train,train
TRHPZIT128F148B263,puddle of mudd || she hates me,puddle of mudd,1,test,train
TRHQENS128E0784814,sting || when we dance,sting,1,train,train
TRHQLTO128E07990A7,bonnie raitt || not the only one,bonnie raitt,1,test,train
TRHQQGM128E0781C67,everclear || father of mine,everclear,1,train,train
TRHQRWY128F148D7CA,vanessa carlton || a thousand miles,vanessa carlton,1,train,test
TRHQVQZ12903CA528E,carrie underwood || so small,carrie underwood,1,train,test
TRHQZCW128F4259529,vanilla sky || summer comes,vanilla sky,0,train,train
TRHQZKA128F4215A9A,lionel richie || angel,lionel richie,1,train,train
TRHRAKX128F423C23F,i am the world trade center || pretty baby,i am the world trade center,0,test,train
TRHRDYQ128F428BBC2,heather headley || i wish i wasnt,heather headley,1,train,train
TRHRFIN128F425DEF1,mgmt || 4th dimensional transition,mgmt,0,train,test
TRHRFVE128F93111A7,i love math || these paper walls,i love math,0,train,train
TRHRIMK128F426FA1E,trevor rabin || thaddius raines,trevor rabin,0,train,train
TRHRLKI128E0792171,bubba sparxxx || ugly,bubba sparxxx,1,train,train
TRHRMVD128F9313C1A,standstill || ride down the slope,standstill,0,test,train
TRHRTXW128F92F631A,manual || leirosa,manual,0,test,train
TRHRVMB12903CD7020,agnelli nelson || hudson street,agnelli nelson,0,train,test
TRHRVVB128F425EE75,anita baker || youre my everything,anita baker,1,test,train
TRHRXPR128F931A25C,samsas traum || federleicht,samsas traum,0,train,train
TRHRYNQ128F92E6BFA,drive like maria feat janis ian || here comes the night,drive like maria feat janis ian,0,train,test
TRHSHBD128F148ADBE,jessica andrews || never be forgotten,jessica andrews,0,train,train
TRHSHMO128F424FBC4,jackie mittoo || el bang bang,jackie mittoo,0,test,train
TRHSPGT128F42628EA,darden smith || loving arms,darden smith,1,train,train
TRHSQBA128F148D656,mya || case of the ex whatcha gonna do,mya,1,train,train
TRHSVSD12903CD96A9,tachenko || decisiones justas,tachenko,0,train,train
TRHTCAP128F4238224,terri clark || i wanna do it all,terri clark,1,test,train
TRHTCXG12903CC2F60,3 doors down || kryptonite,3 doors down,1,train,train
TRHTDWL128F92D1ABD,james darren || its only a paper moon,james darren,0,train,train
TRHTKFA128F4234F83,tata bojs || elisce,tata bojs,0,train,test
TRHTMPY128F92F31E8,deodato || also sprach zarathustra,deodato,0,train,train
TRHTOVS128F92EBF0E,miley cyrus || 7 things,miley cyrus,1,train,train
TRHTPXE128F4275EB7,staffan hellstrand || miss sheffield steel,staffan hellstrand,0,train,test
TRHTTGF128F428B242,carolyn dawn johnson || georgia,carolyn dawn johnson,1,train,train
TRHTTHN128F14540E7,lewis black || halftime 04 lp version,lewis black,0,train,test
TRHTVLL12903CDF95B,ephel duath || hole ix,ephel duath,0,train,train
TRHTYAI128F9338EE6,codec flexor || my arms are tired,codec flexor,0,train,train
TRHUKUG128F4274984,grechuta marek || sozopol,grechuta marek,0,train,train
TRHUNKF128F9333045,live || the dolphins cry,live,1,train,train
TRHUNRL128F92FFC3E,francis lai || les uns et les autres,francis lai,0,train,train
TRHUSLA12903CA449E,hannah montana || lifes what you make it,hannah montana,1,test,train
TRHUVTG128F92FDA4D,misery speaks || feathering soil,misery speaks,0,train,train
TRHUWGN128F9358C45,neyo || mad,neyo,1,test,train
TRHUZOW128E0784B3F,the chemical brothers || shake break bounce,the chemical brothers,0,train,test
TRHUZTD128E078F4EA,kci jojo || all my life,kci jojo,1,test,test
TRHVBCC128F429E974,marc anthony || i need to know,marc anthony,1,train,train
TRHVDCV128EF342BB5,elton john || made in england,elton john,1,test,train
TRHVJLM12903CF5E13,cult of luna || waiting for you,cult of luna,0,train,train
TRHVPLJ128F429A0B9,tum tum || mission accomplished,tum tum,0,train,train
TRHVUUW128F423F081,gus gus || bambi,gus gus,0,train,train
TRHVXGC128F932DC64,hot 8 brass band || fly away,hot 8 brass band,0,train,train
TRHVZKA128F4282AD7,son of a plumber || brilliant career,son of a plumber,0,train,test
TRHWCVS128F14895A3,my chemical romance || teenagers,my chemical romance,1,test,test
TRHWDMI128F92F2D68,wax doctor || spectrum,wax doctor,0,test,train
TRHWHLI128F42B6539,staind || believe,staind,1,test,train
TRHWOKF128F93110D7,d12 || my band,d12,1,train,train
TRHWPOC128F145C7A4,tom cochrane || life is a highway,tom cochrane,1,train,train
TRHWQQY128F427B6EB,a perfect circle || weak and powerless,a perfect circle,1,train,train
TRHWRGP128F428C5AC,clint black || something that we do,clint black,1,test,train
TRHWTVK128E078E824,shania twain || dont be stupid you know i love you,shania twain,1,train,train
TRHXBQR128F14765B2,ladyhawk || sad eyes blue eyes,ladyhawk,0,train,test
TRHXCLO128F4269287,keb mo || family affair,keb mo,0,train,train
TRHXFGB12903CE8961,flogging molly || no more paddys lament,flogging molly,0,train,train
TRHXKMH128E0786BA3,garbage || stupid girl,garbage,1,train,train
TRHXMNU128F42375DA,crystal waters || gypsy woman shes homeless,crystal waters,1,train,train
TRHXQNX12903D13FFF,rauxa || sota una morera,rauxa,0,train,train
TRHXZCY128F42642C9,capleton || make a try,capleton,0,train,train
TRHXZDS128F147B718,gram parsons || brass buttons alternate version,gram parsons,0,train,test
TRHYBCD128F427C181,ibrahim ferrer || viene de la tierra caliente,ibrahim ferrer,0,train,train
TRHYJQT128EF348ACE,dj wally || uninvited guest,dj wally,0,train,train
TRHYLWY128F4227BD4,matchbox twenty || shame lp version,matchbox twenty,0,test,train
TRHYVUY12903CF1C1F,novembre || the music,novembre,0,test,train
TRHZLAU128F93295FA,hocico || slow death,hocico,0,train,train
TRHZLTT128F4293E97,rascal flatts || feels like today,rascal flatts,1,train,train
TRHZQSN128F428E8B4,cherish featuring yung joc || killa,cherish featuring yung joc,1,train,test
TRHZZBS128F92E8DC3,kris allen || no boundaries,kris allen,1,train,train
TRIABNX128F4261F57,joe diffie || so help me girl,joe diffie,1,train,train
TRIAHCS128F9314FB3,bruce springsteen || queen of the supermarket,bruce springsteen,0,train,train
TRIAJHF128F932990D,dulce liquido || ilusion hecha mentira,dulce liquido,0,train,train
TRIASVL12903CCE6A0,fred hammond || awesome god,fred hammond,0,train,train
TRIATGF128F42AF3A6,kelly clarkson || behind these hazel eyes,kelly clarkson,1,test,test
TRIAXHM128F424955A,36 crazyfists || absent are the saints,36 crazyfists,0,train,test
TRIBDBD128EF358FBB,dear whoever || we cry mercy,dear whoever,0,train,train
TRIBPAS128F425F32D,david cassidy || daydreamer,david cassidy,0,train,train
TRIBRNU128F930707F,diana king || lllies,diana king,1,train,train
TRIBTBA12903CC4275,sexy sadie || from out of this world,sexy sadie,0,train,train
TRIBWIG128F92F9722,dorian concept || you tiresome thing,dorian concept,0,train,train
TRIBYAA12903D0D5CA,johnny thunders || look in my eyes,johnny thunders,0,train,train
TRICFLJ128F9305F3F,mystikal || shake ya ass,mystikal,1,train,train
TRICKQP128F1455FAE,hayley westenra || heaven waiting there for me,hayley westenra,0,test,train
TRICKTF128F147BFF6,harold budd || paul mccarthy,harold budd,0,train,test
TRICLKC128F4267633,jennifer lopez || waiting for tonight,jennifer lopez,1,train,test
TRICLNA128F148D210,insane clown posse || santas a fat bitch,insane clown posse,1,test,train
TRICROE128F425D568,gloria estefan || everlasting love,gloria estefan,1,train,train
TRICUVD128E0792EC5,bryan adams || do i have to say the words,bryan adams,1,train,test
TRIDBOT128F4218EB1,run kid run || freedom,run kid run,0,train,train
TRIDCFK128F9354755,preston school of industry || get your crayons out,preston school of industry,0,train,train
TRIDGEG128F148C6E4,the cruel sea || just a man,the cruel sea,0,train,train
TRIDHVJ128F424EA2A,aaliyah || rock the boat,aaliyah,1,test,train
TRIDNMI128F9322091,nobodys || transcention,nobodys,0,test,train
TRIDNYO128F931F2C5,spin doctors || cleopatras cat,spin doctors,1,train,train
TRIDXKZ128F42662BC,usher featuring young jeezy || love in this club,usher featuring young jeezy,1,train,test
TRIEDBK128F92F2ABE,chuck wicks || stealing cinderella,chuck wicks,1,test,test
TRIEEIX128F428A0FD,dmx || where the hood at,dmx,1,train,train
TRIEHKG128F93075E8,a poetic yesterday || skellatella,a poetic yesterday,0,train,test
TRIEPES12903D015AB,los van van || permiso que llego van van,los van van,0,train,train
TRIEQDC128E0786032,dmx || who we be,dmx,1,train,train
TRIEQGG128E07947EF,keith urban || you look good in my shirt,keith urban,1,train,train
TRIEQWR128E078780D,josh groban || you raise me up,josh groban,1,train,train
TRIEXMF128F92FDD60,kings of leon || use somebody,kings of leon,1,train,train
TRIEYGD128F4264571,danilo perez || overjoyed,danilo perez,0,test,train
TRIEZXV128F9318B56,electronic || getting away with it,electronic,1,train,test
TRIFBVQ128F932A16C,lady antebellum || love dont live here,lady antebellum,1,train,train
TRIFDDF128F92D0BAA,farewell to freeway || risk it all,farewell to freeway,0,test,train
TRIFFYI12903CC8286,le sport || if neil tennant was my lover,le sport,0,train,train
TRIFIGB128F4264A41,dj mitsu the beats || right here feat dwele original,dj mitsu the beats,0,test,train
TRIFIZC128F4272D42,brian mcknight || back at one,brian mcknight,1,train,train
TRIFORQ12903CFD50A,early b || bible story,early b,0,test,train
TRIFUEG128F429F860,puddle of mudd || control,puddle of mudd,1,test,train
TRIFUWZ128F424C63D,meaghan martin || too cool,meaghan martin,0,test,train
TRIFVDW128F4279DE0,audioslave || show me how to live,audioslave,1,test,train
TRIFWAE12903CC9059,the answering machine || cliffer,the answering machine,0,train,train
TRIGDXE128EF34A0EC,jaime roos || vida numero dos,jaime roos,0,train,train
TRIGERU12903CA44FD,michael jackson || you are not alone,michael jackson,1,test,train
TRIGKZH128F421A0BC,agnelli nelson || el nino,agnelli nelson,0,train,test
TRIGLXM128F42AF1E5,phil vassar || carlene,phil vassar,1,train,train
TRIGWPI12903CBEE13,jason derulo || in my head,jason derulo,1,test,test
TRIGYJQ128F9322C76,taylor swift || come in with the rain,taylor swift,1,train,test
TRIGYZP128F9342E6A,carolina liar || show me what im looking for,carolina liar,1,train,train
TRIHFGO128F425A388,annie lennox || no more i love yous,annie lennox,1,train,train
TRIHIKV128F426C8C7,faith hill || there youll be,faith hill,1,train,train
TRIHMEF128F93554CF,shania twain || forever and for always,shania twain,1,test,train
TRIHMNV128EF35EF90,paula abdul || crazy cool,paula abdul,1,train,train
TRIHOXG12903C948C0,ernest tubb || im biting my fingernails and thinking of you,ernest tubb,0,train,train
TRIHQAV12903CB248A,rob crow || overtime,rob crow,0,train,train
TRIHURN128F4247870,lenny kravitz || ill be waiting,lenny kravitz,1,test,train
TRIIEPI128F148B16F,george benson || loving is better than leaving,george benson,0,train,test
TRIIMIO12903CB0D3F,emf || unbelievable,emf,1,train,train
TRIINFT128F9300674,kelly clarkson || miss independent,kelly clarkson,1,test,test
TRIISPT128F4264053,jermaine dupri featuring nate dogg || ballin out of control,jermaine dupri featuring nate dogg,1,train,train
TRIIUGP128F428AC90,deitrick haddon || prayer changes things,deitrick haddon,0,train,train
TRIJALA128F4275341,dope stars inc || rebel riot,dope stars inc,0,train,test
TRIJKAM128F92EE79A,paul carrack || am i in that dream,paul carrack,0,train,test
TRIJKZF128F422F412,bill monroe and his bluegrass boys || im travelin on and on,bill monroe and his bluegrass boys,0,train,train
TRIJLQJ128E078F6F1,jodeci || come talk to me,jodeci,1,test,train
TRIJOKZ12903CCDAB7,celine dion || my heart will go on,celine dion,1,train,train
TRIJUED128F1495154,tobymac || momentum,tobymac,0,train,test
TRIJUVU12903CB745D,mariah carey || obsessed,mariah carey,1,train,train
TRIJVSN128F425D9B4,wilson phillips || the dream is still alive,wilson phillips,1,train,train
TRIKCFU128F93250E9,solar fields || times are good,solar fields,0,train,test
TRIKEKO128F4254FB0,johnny adams || please come home for christmas,johnny adams,0,test,train
TRIKEUR128F42AD2CF,alejandro fernandez || abrazame,alejandro fernandez,0,train,test
TRIKGRK128E0780DB0,coldplay || yellow,coldplay,1,test,train
TRIKIKI128F145E398,vanessa williams || just for tonight,vanessa williams,1,train,train
TRIKJXD128F42544C5,the conscious daughters || somethin to ride to fonky expedition,the conscious daughters,1,test,test
TRIKUBM128F1468C1F,martin denny || ruby digitally remastered 96,martin denny,0,test,train
TRILOWN128F426080F,shakira || underneath your clothes,shakira,1,train,train
TRILTNK128F92D817D,bill wells maher shalal hash baz || duck,bill wells maher shalal hash baz,0,train,train
TRIMCAY12903CEEFD0,harrie jekkers || de tweeverdieners 2,harrie jekkers,0,test,train
TRIMKPV128F92F3FB4,en vogue || free your mind,en vogue,1,train,test
TRIMPVD12903CD3892,judie tzuke || life in a bottle,judie tzuke,0,train,train
TRIMRAQ12903CC6F5D,brideshead || present time,brideshead,0,test,train
TRIMRQC128F92EB126,jack white alicia keys || another way to die,jack white alicia keys,1,train,train
TRINALA12903CD3C06,cathy dennis || too many walls,cathy dennis,1,train,train
TRINBYX128E0788920,the smashing pumpkins || 1979,the smashing pumpkins,1,train,train
TRINDBM12903CBC529,johnny dollar || action packed,johnny dollar,0,train,train
TRINEON128F92DBB64,jim jones ron browz featuring juelz santana || pop champagne,jim jones ron browz featuring juelz santana,1,train,train
TRINFEU12903CA1A77,tanto metro devonte || give it to her,tanto metro devonte,1,train,test
TRINJGD128F147BF76,alvin youngblood hart || tallacatcha,alvin youngblood hart,0,train,train
TRINNVU128E078F7EB,gary allan || man to man,gary allan,1,train,train
TRIOIFD128F9353D97,50 cent || piggy bank,50 cent,1,train,train
TRIOYCY128F9329444,aleks syntek || lo que tu me das,aleks syntek,0,test,train
TRIPDBI128F424C7F2,lewis black || environmental terrorism or global warming,lewis black,0,train,test
TRIPIYI128F4241B72,cher || song for the lonely,cher,1,train,train
TRIPNXA128F423C592,head automatica || please please please young hollywood,head automatica,0,train,train
TRIPOGW128F9329CBF,nas || no ideas original,nas,0,train,train
TRIPVVB128F933A417,beyonce || sweet dreams,beyonce,1,train,train
TRIQALK12903CBE6BB,kris kross || im real,kris kross,1,train,train
TRIQOKX128F1464E18,shaggy featuring marsha || piece of my heart,shaggy featuring marsha,1,train,train
TRIQRRH128F14539B2,fort minor featuring styles of beyond || feel like home,fort minor featuring styles of beyond,0,train,test
TRIQRUV128F930FDDE,boyz ii men || its so hard to say goodbye to yesterday,boyz ii men,1,train,train
TRIQSFA128F9307EB2,collective soul || the world i know,collective soul,1,train,train
TRIRJFA128F92FA702,joel sonnier || evangeline special,joel sonnier,0,test,train
TRIRXJF12903C9E1A3,carrie rodriguez || infinite night,carrie rodriguez,0,test,train
TRISAHC128F4222B62,fruko y sus tesos || negro candela,fruko y sus tesos,0,train,train
TRISIYG128F92FF2A5,sightings || wax doors,sightings,0,test,train
TRISIZO128F425806E,victims family || who needs it,victims family,0,train,test
TRISOGC128F146A8B5,sunna || one conditioning,sunna,0,test,train
TRISZQG128F92C1DA3,death cab for cutie || soul meets body,death cab for cutie,1,test,train
TRITCNY128F92DCF0C,thedream || i luv your girl,thedream,1,train,train
TRITMQE128F429DF5A,neneh cherry || red paint,neneh cherry,0,test,test
TRITODB128F4218973,the foundry field recordings || warning raids over kiev,the foundry field recordings,0,test,test
TRITYRV128F425A042,george michael || jesus to a child,george michael,1,train,train
TRIUBAR128F146BD74,phil collins || youll be in my heart,phil collins,1,train,train
TRIUCYD128E0794362,aerosmith || hole in my soul,aerosmith,1,train,train
TRIUHDH128F92E56EC,i heart huckabees || revolving door,i heart huckabees,0,test,train
TRIUHXC128F9335220,harry manx || cant be satisfied,harry manx,0,train,train
TRIUIPZ128F92CCC77,rookie of the year || what is love demo version bonus,rookie of the year,0,test,train
TRIUKYB12903CD5D1B,najoua belyzel || denis album,najoua belyzel,0,test,test
TRIUQKF128F92CD419,cotton jones basket ride || i was stoned by the choir,cotton jones basket ride,0,test,train
TRIUTBP128F92FD923,jordin sparks || tattoo,jordin sparks,1,train,test
TRIVDGS128F427E4BE,trace decay || riverrun,trace decay,0,train,train
TRIVEQS12903CC5454,dismantled || breed to death,dismantled,0,train,train
TRIVGYM12903CA6794,apres la classe || la patchanka,apres la classe,0,train,test
TRIVHFX12903D0CCF0,rappin 4tay || playaz club,rappin 4tay,1,test,train
TRIVJRS128F92EADEA,alan jackson || pop a top,alan jackson,1,train,test
TRIVLMB128F92DA2D4,the derek trucks band || kammalay,the derek trucks band,0,train,train
TRIVMCG128F932105E,3 doors down || when im gone,3 doors down,1,train,train
TRIVNVN12903CA320B,brokerdealer || save it for later,brokerdealer,0,train,train
TRIVUGH128F426749D,jennifer lopez || love dont cost a thing,jennifer lopez,1,test,test
TRIWIBL128F42775B4,client || dirty little secret,client,0,train,train
TRIWJUB128F428AAEF,sugarcult || lost in you,sugarcult,0,train,train
TRIWXYB128F9355F34,jeremih || imma star everywhere we are,jeremih,1,train,train
TRIXABG128F4231C48,antonio carlos jobim || photograph,antonio carlos jobim,0,train,train
TRIXEHW128E0786C52,madonna || ray of light,madonna,1,test,train
TRIXGDQ128F9318745,amoral || sex n satan,amoral,0,train,test
TRIXJGC12903CBB200,jake one || trap door feat mf doom,jake one,0,test,train
TRIXJXY128F932BCD9,john renbourn jacqui mcshee || nobodys fault but mine,john renbourn jacqui mcshee,0,train,train
TRIXKFO128F4262C74,les savy fav || no sleeves,les savy fav,0,train,train
TRIXMLV128F42724B1,jon mclaughlin || already in,jon mclaughlin,0,train,train
TRIXPMB128F14874A2,leann rimes || nothin bout love makes sense,leann rimes,1,train,test
TRIXRVH128F428A3DA,the gift of gab || hold on,the gift of gab,0,test,train
TRIXWCE128F4254595,beat dominator || feel the music,beat dominator,0,train,train
TRIXXYP128C7196826,indiaarie || video,indiaarie,1,train,train
TRIYBIY128F4242E2E,seguridad social || maria viene del mar,seguridad social,0,test,test
TRIYDGH128F1456922,kci jojo || life,kci jojo,1,train,test
TRIYEMP128F4265764,joe satriani || home,joe satriani,0,test,train
TRIYGJR128F92C6BA2,dynamite deluxe || weiter instrumental,dynamite deluxe,0,train,train
TRIYGQW128F4293F72,backstreet boys || the one,backstreet boys,1,test,test
TRIYGSP12903CA25F5,organized konfusion || march 21347 am skit,organized konfusion,0,test,train
TRIYUGW128F42726A4,train || when i look to the sky,train,1,train,train
TRIYULO128F14844BE,cale parks || wet paint cd,cale parks,0,train,train
TRIZBNT128F92E7214,melodium || gammrecompose,melodium,0,train,train
TRIZENR128F428D64F,skap || kacikes,skap,0,train,train
TRIZIGR128E0794B13,30 seconds to mars || from yesterday,30 seconds to mars,1,train,train
TRIZNWG128F9320F02,alison krauss union station || when you say nothing at all,alison krauss union station,1,train,train
TRIZOYW12903CC71FF,the acacia strain || the combine,the acacia strain,0,train,test
TRIZSAS128F9342A85,circle of dead children || android 120 ampere opiate,circle of dead children,0,train,test
TRIZVYZ12903D06104,girugamesh || alive,girugamesh,0,test,train
TRJABYG128F92F1825,jkwon || tipsy,jkwon,1,test,train
TRJADXC128F42A0021,flamin groovies || louie louie,flamin groovies,0,test,train
TRJALVP128F92E71BE,edguy || 929,edguy,0,train,train
TRJASND128F92E6260,will smith || switch,will smith,1,train,train
TRJBCWG128F428EBFF,dr alban || reggae gone ragga,dr alban,0,train,train
TRJBIWG12903CF73C3,breathe || say a prayer,breathe,1,train,test
TRJBIWT128F4284F2A,corey glover || lowball express,corey glover,0,train,train
TRJBKRU128F148AFE5,juanes || suenos,juanes,0,train,train
TRJBSYG128F4291E11,britney spears || lucky,britney spears,1,train,train
TRJBUFI12903CE56EA,oro solido || paque bebas,oro solido,0,test,test
TRJBYAE128F932DE9D,toddla t feat trigganom helders || boom dj,toddla t feat trigganom helders,0,train,train
TRJBYIJ12903CDBDF3,facundo cabral || esas cosas,facundo cabral,0,train,test
TRJCCQM128F4277107,cheb balowski || bella,cheb balowski,0,train,train
TRJCGAF128F92F1EDB,third eye blind || never let you go,third eye blind,1,train,train
TRJCWTZ128E0797FCA,linkin park || in the end,linkin park,1,train,train
TRJDEWJ12903CEE0B7,hush arbors || nine bones,hush arbors,0,test,test
TRJDRFW12903CBFF21,susanne sundfor || after you left,susanne sundfor,0,train,test
TRJDXOV128F1460EEA,ella baila sola || la patera,ella baila sola,0,train,train
TRJEAIH128F92F8EB4,alice in chains || check my brain,alice in chains,1,test,train
TRJEAVP128F42B83F0,petey pablo || show me the money,petey pablo,1,train,train
TRJECCI128F934EF26,the dirty projectors || finches song at oceanic parking lot,the dirty projectors,0,train,train
TRJEERK128F1455A79,go west || what you wont do for love,go west,1,train,test
TRJEGLM128F1492236,zhane || groove thang,zhane,1,train,train
TRJEHNB128F146533E,bettye swann || dont touch me,bettye swann,0,train,train
TRJEIEQ128F93362A8,inade || eternitys crevice,inade,0,test,train
TRJELLE128F149B886,aereogramme || nightmares,aereogramme,0,train,train
TRJEVFI128F424A8B5,faron young || the shrine of st cecilia,faron young,0,train,train
TRJEVGV128F92F64D0,rachael sage || bravedancing,rachael sage,0,train,train
TRJEVYI128F4288394,az yet featuring peter cetera || hard to say im sorry,az yet featuring peter cetera,1,train,test
TRJFBOI12903CBD2E8,lila mccann || with you,lila mccann,1,train,train
TRJFCGD128F930097A,eminem || we made you,eminem,1,train,train
TRJFQTX128F9300D1A,magnolia electric co || an arrow in the gale,magnolia electric co,0,test,train
TRJFTGR128E07929A8,hole || miss world,hole,0,test,train
TRJFXSZ12903CF6173,attack in black || the surface i would travel,attack in black,0,train,train
TRJGANN128F92DFA80,modena city ramblers || il naufrago del lusitalia,modena city ramblers,0,train,train
TRJGOWD12903CE6A38,the chordettes || tall paul,the chordettes,0,train,test
TRJGPVX128F424C4E7,macabre || edmond kemper had a horrible temper,macabre,0,train,train
TRJGSMN128C71962B1,jodeci || 4 u,jodeci,0,train,train
TRJGTXP128F930C901,four bitchin babes || wild berries sally co,four bitchin babes,0,train,train
TRJHALL128F92C48B6,augustana || sweet and low,augustana,1,test,train
TRJHDWT128F427EEDE,the ataris || closing remarks,the ataris,0,train,train
TRJHEXQ12903CC4B9B,iris dement || when my morning comes around lp version,iris dement,0,test,train
TRJHFCY128F4266903,joe diffie || pickup man,joe diffie,1,train,train
TRJHOAR128F92C2171,brad paisley || online,brad paisley,1,test,train
TRJHPZP128E0789C02,dierks bentley || lot of leavin left to do,dierks bentley,1,train,train
TRJHRPY128F93383A6,mc breed || gotta get mine,mc breed,1,train,train
TRJHZZG12903CA448A,hannah montana || just like you,hannah montana,1,train,train
TRJIFTM128F92F5F43,dixie chicks || if i fall youre going down with me,dixie chicks,1,train,train
TRJIFUN128F9336139,manix || rainbow people,manix,0,train,train
TRJIHGT128E079697D,tony yayo jagged edge || project princess,tony yayo jagged edge,0,train,train
TRJIIBZ128F148D69A,puddle of mudd || away from me,puddle of mudd,1,train,train
TRJIJKL128F42BC59F,lonestar || my front porch looking in,lonestar,1,test,train
TRJIXGC128E0798B97,sean paul || temperature,sean paul,1,train,test
TRJJCJQ12903CD2DD3,justin bieber || that should be me,justin bieber,1,train,train
TRJJKJQ12903D061D3,christina aguilera || not myself tonight,christina aguilera,1,train,train
TRJKBEN128F424C62F,jonas brothers || play my music,jonas brothers,1,train,train
TRJKBXA128F92C986D,mary chapin carpenter || passionate kisses,mary chapin carpenter,1,train,train
TRJKEJS128F14A4217,cher || when love calls your name,cher,0,test,train
TRJKEKL128F4251D65,jovenes clasicos del son || fruta bomba,jovenes clasicos del son,0,train,test
TRJKKAQ128F14B122B,susumu hirasawa || mediational field,susumu hirasawa,0,test,test
TRJKODC128F426BABB,ive mendes || casticais,ive mendes,0,train,train
TRJKWSA128F931CEF0,candy lo || hello ji di,candy lo,0,train,test
TRJLCYC128F146965D,westside connection || gangstas make the world go round,westside connection,1,test,train
TRJLLVV128F148C579,etype || so dem a com,etype,0,train,train
TRJLLYP12903CE94A1,montgomery gentry || roll with me,montgomery gentry,1,train,train
TRJLNTX128F92DB488,deolinda || cancao ao lado,deolinda,0,train,test
TRJLQJH128F4262C46,les nubians || amour a mort,les nubians,0,test,test
TRJLVXU128F92DF92C,chantay savage || i will survive,chantay savage,1,train,train
TRJLZTR12903CBB8E7,danny gokey || my best days are ahead of me,danny gokey,1,test,train
TRJMDIG128F4280ADE,chick webb || blue lou,chick webb,0,test,train
TRJMHTY128F428C6ED,juvenile || club skit,juvenile,0,train,test
TRJMIEG128F4281E89,train || meet virginia,train,1,train,train
TRJMXBV12903CAD765,rob swift || rabia 1st movement,rob swift,0,train,train
TRJMYWD128E078ED31,no doubt || running,no doubt,1,train,test
TRJNCPC12903CE6C2D,selena gomez the scene || falling down,selena gomez the scene,1,train,train
TRJNFKI128F92F9EE6,epic soundtracks || cry a tear,epic soundtracks,0,train,train
TRJNFSZ128F4289D53,silversun pickups || future foe scenarios,silversun pickups,0,test,train
TRJNGBW128F930276C,rammstein || benzin,rammstein,0,test,train
TRJNGCL128F4277494,kandi || dont think im not,kandi,1,test,test
TRJNHHS128F4289EA4,aaron lines || old days new,aaron lines,0,test,train
TRJNLCK128F1463E2B,ronan hardiman || siamsa,ronan hardiman,0,train,train
TRJNOYE128F933BD10,asher book || someone to watch over me,asher book,0,train,train
TRJNQER128F930A28E,bobby brown || get away,bobby brown,1,test,train
TRJNWDU12903CC85E4,natasha bedingfield || chasing cars,natasha bedingfield,0,train,train
TRJNXWU128E0787322,simple plan || welcome to my life,simple plan,1,train,train
TRJOJND128F4259A9B,desree || feel so high,desree,1,train,train
TRJOMUN128F92FD349,mindy smith || down in the flames,mindy smith,0,train,test
TRJONJA128F930BD37,ultravox || there goes a beautiful world,ultravox,0,train,train
TRJOPZB128F4250E02,the breeders || too alive,the breeders,0,train,train
TRJOTAF128F4281990,belle sebastian || act of the apostle,belle sebastian,0,train,test
TRJPAXC128F429F8EB,ciara featuring ludacris || oh,ciara featuring ludacris,1,train,test
TRJPETP128F4277210,janie fricke || if the fall dont get you,janie fricke,0,train,test
TRJPLSS128F146DDFF,dem franchize boyz || ridin rims,dem franchize boyz,1,train,train
TRJPPCF128E0789761,the departure || dirty words,the departure,0,train,train
TRJPQML12903CDFF83,hermano || letters from madrid,hermano,0,train,train
TRJQEOU128F427E9A6,screams for tina || eleven eleven,screams for tina,0,test,test
TRJQKPK128F423B2B2,airbourne || runnin wild,airbourne,0,test,train
TRJQMHU128F42B50B2,redman dj kool || lets get dirty i cant get in da club,redman dj kool,0,train,train
TRJQMMF12903CA2403,bowling for soup || high school never ends,bowling for soup,1,train,train
TRJQRFV128F42809E8,travis tritt || small doses,travis tritt,0,train,train
TRJQRIA12903CA8E2D,juri gagarin || electric fucker,juri gagarin,0,train,test
TRJQUIT128F42689D5,16volt || keep sleeping,16volt,0,train,train
TRJQVNX128F425EA29,leona lewis || i will be,leona lewis,1,train,train
TRJQXBI128F933ACBD,blackfire || no control,blackfire,0,test,train
TRJRBDB128F931C122,rattlemouth || crab nebula,rattlemouth,0,train,train
TRJRBMW128F9321412,high strung_ the || if the night,high strung_ the,0,train,train
TRJRDNP128F14708B0,yeah yeah yeahs || gold lion,yeah yeah yeahs,1,train,train
TRJRFLY128EF36265D,born jamericans || instant death interlude,born jamericans,0,train,train
TRJROTN128F42BBAB3,jagged edge || walked outta heaven,jagged edge,1,test,train
TRJSBTM128E0793324,chaka demus pliers || murder she wrote,chaka demus pliers,1,train,train
TRJSFGJ128F92E1FAD,liv kristine || trapped in your labyrinth,liv kristine,0,train,test
TRJSNJV128F427C0A4,mariah carey || emotions,mariah carey,1,test,train
TRJSSXH128E078FC75,nelly || hot in herre,nelly,1,test,train
TRJSZDU128F932AA2D,ashbury heights || illusion,ashbury heights,0,test,train
TRJTHQT128F4261855,dixie chicks || you were mine,dixie chicks,1,test,train
TRJTRNM128F92F5F4A,dixie chicks || without you,dixie chicks,1,test,train
TRJTSPP128F932FEF9,britney spears || stronger,britney spears,1,train,train
TRJUCXW12903CBD4B3,lucky boys confusion || dumb pop song lp version,lucky boys confusion,0,train,train
TRJUUDH128F93025F9,chris smither || jailhouse blues,chris smither,0,test,train
TRJUVNA128F4272964,nine days || if i am,nine days,1,train,test
TRJUXXZ128F9333EBD,cherish || unappreciated,cherish,1,train,train
TRJVDQK128F4273C92,savage garden || i knew i loved you,savage garden,1,train,test
TRJVQMO128F92CA4B0,susanna hoffs || my side of the bed,susanna hoffs,1,test,train
TRJVWOA128F427F1FA,thee headcoatees || ballad of the insolent pup,thee headcoatees,0,train,train
TRJWAOG12903CC1BAF,dark soho || the 14th,dark soho,0,train,test
TRJWLCN128F4237473,trace adkins || rough ready,trace adkins,1,test,train
TRJWRSY128F427276E,sophie b hawkins || as i lay me down,sophie b hawkins,1,train,train
TRJWWHX128F92C9565,dan barta || trvale udrzitelny,dan barta,0,test,train
TRJXEJM128F148E0F2,rbd || ser o parecer,rbd,1,test,train
TRJXFQG128F930AE94,the flower kings || corruption,the flower kings,0,train,train
TRJXFSS128F423746E,trace adkins || ladies love country boys,trace adkins,1,test,train
TRJXGPM128F422F3F7,beneath the sky || for each remembered name,beneath the sky,0,train,train
TRJXKVF128F428F470,matt dusk || besame mucho,matt dusk,0,test,train
TRJXRSA128F4271E6D,nelja ruusua || missa sa oot,nelja ruusua,0,test,train
TRJXSHB128F42647D4,maxwell || ascension dont ever wonder,maxwell,1,train,train
TRJXSTV12903D07492,threshold || safe to fly,threshold,0,train,train
TRJXUPL128F92E6256,nore || nothin,nore,1,test,test
TRJXVPF128F422EDB3,ulysses siren || lake of fire,ulysses siren,0,train,train
TRJYAAT128F92F2FBA,allmyfaults || decision,allmyfaults,0,train,test
TRJYRCT128F145E38F,vanessa williams || running back to you,vanessa williams,1,train,train
TRJYTCR128F930A3FF,motion man featuring kutmasta kurt || pablitos way,motion man featuring kutmasta kurt,0,train,train
TRJYUAF128F92C2173,brad paisley || letter to me,brad paisley,1,train,train
TRJYWXD12903CE752E,rapsusklei || hip hop kresia,rapsusklei,0,train,test
TRJYYQF128F93518D2,barracudas || love is fun,barracudas,0,test,test
TRJZGXV128F92D4C0D,bbmak || back here,bbmak,1,train,test
TRJZJUD128F145D374,stephen simmonds || let it go,stephen simmonds,0,test,test
TRJZLYV128F93312C6,jayz featuring blackstreet || the city is mine,jayz featuring blackstreet,1,train,test
TRJZNQR128F425A646,cheri keaggy || not with jesus,cheri keaggy,0,test,train
TRJZWVJ12903CA2302,the tannahill weavers || summer in americabuddy from silgo,the tannahill weavers,0,train,train
TRJZZGF128E07951E0,faith evans || i love you,faith evans,1,train,train
TRKACMV128F4262375,lita ford || hungry,lita ford,1,train,train
TRKAFJL128F9316E1A,atomic swing || suburban wing,atomic swing,0,train,train
TRKAJMY128F92F90A0,deana carter || did i shave my legs for this,deana carter,1,test,train
TRKANDB128F931F5CB,rosana || mil y una noche,rosana,0,train,train
TRKAROU128E07844BD,the get up kids || how long is too long,the get up kids,0,train,train
TRKASQL128F92E24B5,8ball mjg || blw jb interlude amended album version,8ball mjg,0,train,train
TRKAWJJ128F934D975,dtension || the producer,dtension,0,train,train
TRKAXBJ128F14B161D,aretha franklin || willing to forgive,aretha franklin,1,train,train
TRKAYBG128F92CD864,soprano || iblissa,soprano,0,train,train
TRKBAKT128F93333C9,la india || el anillo,la india,0,train,train
TRKBAXW128F428D9F6,sun yanzi || magical,sun yanzi,0,train,test
TRKBJWL128F14557A8,matchbox twenty || disease,matchbox twenty,1,train,train
TRKBKZS128F92E4C58,atze schroder || jack russel terrier,atze schroder,0,train,test
TRKBNMM128F92F659C,venke knutson || still in love,venke knutson,0,test,train
TRKBPCI128F934EC79,buckethead || spell of the gypsies,buckethead,0,train,test
TRKBSXI128F92D2C52,nina nastasia || i write down lists,nina nastasia,0,train,train
TRKBUSL128F932CBB9,kevin rudolf featuring lil wayne || let it rock,kevin rudolf featuring lil wayne,1,train,train
TRKCGRF128F92CBE9C,michael jackson || heal the world,michael jackson,1,train,train
TRKCILQ128F92F2461,los toreros muertos || para ti,los toreros muertos,0,train,test
TRKCIVY128F14585E0,kid frost || these stories have to be told explicit,kid frost,0,train,train
TRKCQHG128F92E0C1C,billy currington || good directions,billy currington,1,train,train
TRKCRUE128F92C781A,swing out sister || am i the same girl,swing out sister,1,train,test
TRKCYMI12903CE96EC,lil rob || summer nights,lil rob,1,train,train
TRKCZKU128F933F372,depth affect || junior international,depth affect,0,train,train
TRKDAHC128F4295E76,fabrizio moro || non e facile,fabrizio moro,0,train,train
TRKDDHB128F429A663,yulduz usmanova || hamroz,yulduz usmanova,0,train,train
TRKDGUD128F4284140,real mccoy || automatic lover call for love,real mccoy,1,train,train
TRKDNUX128F934B226,40 grit || bomb bottom,40 grit,0,train,train
TRKDNXG128F4282A1E,duran duran || reach up for the sunrise,duran duran,1,train,train
TRKDYPM128F4281473,monte la rue || key lime pie,monte la rue,0,train,train
TRKECYD128F14A4545,diana krall || love letters,diana krall,0,train,train
TRKENKP128F4258BBB,tspoon || where r u now,tspoon,0,train,test
TRKEONI128F931877A,sick puppies || maybe,sick puppies,1,train,train
TRKESAN128E078EDC3,nirvana || lithium,nirvana,1,train,test
TRKEWIY128F930AA06,protokaw || relics of the tempest,protokaw,0,train,train
TRKEXKU12903CD761A,all4one || so much in love,all4one,1,test,train
TRKEYEF128F92EB05B,avril lavigne || complicated,avril lavigne,1,train,train
TRKFCPI128F92F7D9F,deadly avenger || lopez,deadly avenger,0,train,train
TRKFDFT128F14958FD,bell biv devoe || do me,bell biv devoe,1,train,train
TRKFDVM128F425A7A1,natasha bedingfield || unwritten,natasha bedingfield,1,train,train
TRKFPNL128F427D59F,bwitched || rollercoaster,bwitched,1,train,train
TRKGGDB128F42BBAB1,jagged edge || promise,jagged edge,1,test,train
TRKGGNJ128F1486998,j karjalainen || nancy ja sally,j karjalainen,0,test,train
TRKGMIS12903CF5D49,beats international || dub be good to me,beats international,1,train,train
TRKGMUI12903CC2836,jimi hendrix || hot trigger,jimi hendrix,0,train,test
TRKGPLO128F4280636,terence blanchard || my only thought of you,terence blanchard,0,train,train
TRKGSCM128F92F1B56,celine dion josh groban || the prayer,celine dion josh groban,1,train,train
TRKGTWF12903CE30F9,jason aldean || the truth,jason aldean,1,train,train
TRKHCHJ128F428A351,house of large sizes || ill find it,house of large sizes,0,train,train
TRKHERQ128F42277AE,bailter space || collider,bailter space,0,test,train
TRKHHCF128F145217C,black rebel motorcycle club || the line,black rebel motorcycle club,0,train,train
TRKHIJW128E079277D,nine inch nails || the day the world went away,nine inch nails,1,train,train
TRKHIVI12903CFB57B,dismantled || morning star afi cover,dismantled,0,test,train
TRKHJNS128F145482C,rihanna || if its lovin that you want,rihanna,1,train,test
TRKHNDX128F92F84AD,art zoyd || prophase,art zoyd,0,train,train
TRKHNSW12903CDFE0B,eldridge holmes || where is love,eldridge holmes,0,train,train
TRKHNWQ128F931850A,marvin sapp || never would have made it,marvin sapp,1,test,train
TRKHWUX128F9309274,lee ann womack || the weight,lee ann womack,0,train,train
TRKHXZU128E0783E2A,gwen stefani || luxurious,gwen stefani,1,train,train
TRKIGWQ128F147FBEF,the race || so young and beautiful,the race,0,train,train
TRKIVIK128F42AF1E9,phil vassar || last day of my life,phil vassar,1,train,train
TRKIWRL128F145B44F,corey hart || a little love,corey hart,1,test,train
TRKIZNH128F934259B,nappy roots featuring anthony hamilton || po folks,nappy roots featuring anthony hamilton,1,test,train
TRKIZPI128F428D380,brad paisley || mud on the tires,brad paisley,1,train,train
TRKIZQR128F42289E1,alicia keys || no one,alicia keys,1,test,test
TRKJEFF128E0788B05,the motels || mission of mercy 2002 digital remaster,the motels,0,train,test
TRKJHDX128F92C7885,new kids on the block || click click click,new kids on the block,0,train,test
TRKJHNE128F42380FC,my chemical romance || welcome to the black parade,my chemical romance,1,train,test
TRKJIMD128F1495903,bell biv devoe || above the rim,bell biv devoe,0,train,train
TRKJIWU128F92EAC9D,audioslave || doesnt remind me,audioslave,1,train,train
TRKJQTO128F4249879,weezer || pork and beans,weezer,1,test,train
TRKJRTQ128F92E3950,mary hopkin || life begins again,mary hopkin,0,train,train
TRKJTTZ128F1488E6D,keith urban || days go by,keith urban,1,train,train
TRKKMEX12903CFBD30,gretchen wilson || all jacked up,gretchen wilson,1,train,train
TRKKMFO128F932AA92,spetsnaz || indifference,spetsnaz,0,train,train
TRKKOWM128F14567D6,shai || come with me,shai,1,test,train
TRKLDXG128F92ED2AF,modulate || kommune 1,modulate,0,train,train
TRKLXER128F427BFB1,mc hammer || u cant touch this,mc hammer,1,train,test
TRKLYDQ128E078FB21,lost boyz || music makes me high,lost boyz,1,train,train
TRKMEBA128E078A7D2,madonna || deeper and deeper,madonna,1,train,train
TRKMLRI128F146C852,panic at the disco || the only difference between martyrdom and suicide is press coverage,panic at the disco,1,train,test
TRKMRBI128F92CC2BD,madonna || hung up,madonna,1,test,train
TRKMRRT128F931F15C,brooks dunn || only in america,brooks dunn,1,test,train
TRKNAMY128F9343509,veltto virtanen || laulava miekka,veltto virtanen,0,train,train
TRKNIZT12903CFC32B,turbostaat || oz antep,turbostaat,0,train,train
TRKNKYE128F428E746,nine inch nails || every day is exactly the same,nine inch nails,1,train,train
TRKNLED128F930D54D,bon jovi || its my life,bon jovi,1,train,train
TRKNLPS128F9318256,eyes set to kill || her eyes hold the apocalypse,eyes set to kill,0,train,test
TRKNNQP128EF3570CE,gary allan || smoke rings in the dark,gary allan,1,test,train
TRKNXNF12903CED077,eminem || insane,eminem,1,train,train
TRKOAXB128E0799690,faith hill || sunshine and summertime,faith hill,1,test,train
TRKOFES12903CE17B9,ray j || one wish,ray j,1,train,test
TRKOKJW128F4293539,brooks dunn || my maria,brooks dunn,1,train,train
TRKONGT128E078F7F2,gary allan || the one,gary allan,1,train,train
TRKOPPX128F424A372,angel corpse || eat me alive,angel corpse,0,train,train
TRKOWIE128F146E6E5,tift merritt || late night pilgrim,tift merritt,0,test,train
TRKOZVY12903CFDBD0,eric church || hell on the heart,eric church,1,train,test
TRKPKXE128F1489D44,godheadsilo || guardians of the threshold,godheadsilo,0,train,train
TRKPNGZ128F428A0F5,the brand new heavies || never stop extended remix,the brand new heavies,0,train,train
TRKPRUM128F9310D18,we are performance || live a little,we are performance,0,train,train
TRKPYHH12903CCC08E,lady antebellum || our kind of love,lady antebellum,1,train,train
TRKPYNH128F9308053,four letter lie || strugglers,four letter lie,0,train,train
TRKPYXD12903CF2067,the black dog || songs for other people,the black dog,0,train,train
TRKQGBY128F425A2CE,decry || falling,decry,0,train,train
TRKQGCB128F42AF3D0,outkast || mighty o,outkast,1,train,train
TRKQRVO128F92D630B,katy perry || thinking of you,katy perry,1,train,train
TRKQYZP128E07899F8,ashanti || foolish,ashanti,1,train,train
TRKQYZQ128F426D9D6,richard clayderman || rhapsody in blue,richard clayderman,0,train,test
TRKQZMV128F1460F53,ll cool j || luv u better,ll cool j,1,train,train
TRKRDHJ128F4296ADF,sheryl crow || steve mcqueen,sheryl crow,1,train,train
TRKRDRC128F14654C1,fluke || thumper original mix,fluke,0,train,train
TRKRFAR128F4289AF2,phil vassar || in a real love,phil vassar,1,test,train
TRKRFWJ128F42523F1,children of bodom || silent night_ bodom night,children of bodom,0,train,train
TRKRHYM128F42934A9,foo fighters || learn to fly,foo fighters,1,test,test
TRKRKOY128F93560E9,age of chance || playing with fire midsummer mix,age of chance,0,train,train
TRKRRUV128F92F20F1,train || marry me,train,1,test,train
TRKRZLR128F427255A,audioslave || i am the highway,audioslave,1,test,train
TRKSAVL128F42BC27D,ginuwine || pony,ginuwine,1,test,train
TRKSBPB128F92F20DC,train || if its love,train,1,train,train
TRKSCWW128F92CDE53,don omar || angelito,don omar,1,test,test
TRKSHVD12903CDD5A4,the berzerker || corporal jigsore quandary,the berzerker,0,train,train
TRKSJKU128F145E104,marc et claude || i need your lovin like the sunshine marc et claudes ufo alarm mix edit,marc et claude,0,train,train
TRKSOZB12903CB52C2,taylor swift || love story,taylor swift,1,train,test
TRKSXUU128F930A2DB,camron || let me know,camron,1,train,test
TRKTEPH128F14805BB,ice cube || why we thugs,ice cube,1,test,train
TRKTQUJ128F930CFCF,accuface || chariots of space,accuface,0,test,test
TRKTVEA128F4259640,limp bizkit || behind blue eyes,limp bizkit,1,train,train
TRKUBLK12903CC5D1F,krizz kaliko || collect featuring kutt calhoun,krizz kaliko,0,test,train
TRKUDYR128F932B9F0,zac brown band || toes,zac brown band,1,train,train
TRKUHAA128F92C93FE,lonestar || smile,lonestar,1,test,train
TRKUPRM128F1452069,feeder || radiation,feeder,0,train,test
TRKVALT128F1466733,jon secada || mental picture,jon secada,1,train,train
TRKVDRE12903CAE90E,girls in hawaii || organeum,girls in hawaii,0,test,test
TRKVEXZ128E078D72B,daddy yankee || gasolina,daddy yankee,1,train,train
TRKVHEE128F148F71D,david vandervelde || murder in michigan,david vandervelde,0,train,train
TRKWESL128F1492845,karyn white || hungah,karyn white,1,test,train
TRKWKZX128F92C2BBA,pascal obispo || les fleurs du bien,pascal obispo,0,train,train
TRKWMUG128F14ADBAE,beloved || insult to injury failure on album version,beloved,0,test,train
TRKWPBK128F14584E1,maxi priest || just a little bit longer,maxi priest,1,test,train
TRKWQPY128F4298395,tasmin archer || lords of the new church,tasmin archer,0,train,train
TRKXEOU128F424960A,uusitalo || sikojen juhla,uusitalo,0,test,train
TRKXTQE128F92FBB14,good charlotte || i just wanna live,good charlotte,1,test,test
TRKXUCY12903CC5B23,sexy sadie || im the brain,sexy sadie,0,test,train
TRKXVHR128F428B826,la tordue || rene bouteille,la tordue,0,train,train
TRKXZFT128F92C2575,martina mcbride || anyway,martina mcbride,1,train,train
TRKYBEQ128F42AC7B7,montgomery gentry || speed,montgomery gentry,1,train,train
TRKYBJK128F4269747,thumb || remember,thumb,0,test,train
TRKYCGD128F428A353,lorrie morgan || go away,lorrie morgan,1,train,train
TRKYEVK128F4294E55,tracie spencer || this house,tracie spencer,1,train,test
TRKYGAC128F428BBF9,carter the unstoppable sex machine || anytime anyplace anywhere,carter the unstoppable sex machine,0,train,train
TRKYNXZ128F4271BDC,lonnie liston smith || love is the answer,lonnie liston smith,0,train,test
TRKYPTP128F42BB40A,shaggy || oh carolina,shaggy,1,train,train
TRKYULQ12903D02CBB,bleeding through || breathing in the wrath,bleeding through,0,train,train
TRKZHHF128F14926C8,marc ribot || nature abhors a vacuum cleaner,marc ribot,0,train,train
TRKZMUS128F42A0E14,r kelly || if i could turn back the hands of time,r kelly,1,test,train
TRKZTKE128F42659E9,wilson phillips || give it up,wilson phillips,1,train,train
TRKZUVW128F145AF48,vixen || how much love,vixen,1,train,train
TRKZXIH128F9336302,spiritualized || beautiful happiness,spiritualized,0,train,train
TRLABJZ128F42A0DD7,natalie imbruglia || torn,natalie imbruglia,1,train,train
TRLAEWG128F4227F4C,yael naim || new soul,yael naim,1,train,train
TRLAGJN128F1488E6F,keith urban || making memories of us,keith urban,1,test,train
TRLAMUB128F14664FA,andru donalds || mishale,andru donalds,1,train,train
TRLANGU128F92E48E2,the treacherous three || old school flava,the treacherous three,0,train,train
TRLANVI128F92E6DDB,boyz ii men || water runs dry,boyz ii men,1,test,train
TRLAYLK12903D024E8,dave hollister || my favorite girl,dave hollister,1,train,test
TRLAZHL128F42A68D8,darude || sandstorm,darude,1,train,train
TRLBBQT12903D0CD84,xotox || paderborn 20,xotox,0,train,train
TRLBICG128F9342219,brad paisley || then,brad paisley,1,train,train
TRLBJVH128F42630F7,patra || pull up to the bumper,patra,1,train,test
TRLBLLZ128F933E288,dzihan kamien || ford transit,dzihan kamien,0,test,train
TRLBRRB128F4242DFD,toby keith || shes a hottie,toby keith,1,test,train
TRLCARG128F4294E57,tracie spencer || tender kisses,tracie spencer,1,test,test
TRLCHUN128F4264161,backstreet boys || more than that,backstreet boys,1,train,test
TRLCIGR128F92F5E9D,brad paisley || we danced,brad paisley,1,train,train
TRLCNDP12903CE15EB,michelle branch || everywhere,michelle branch,1,train,test
TRLCSBF128F427D223,halifax || under fire,halifax,0,train,train
TRLCVSZ12903CD909D,meganoidi || inside the loop,meganoidi,0,train,train
TRLCYZV12903CBA1C6,jermaine jackson || word to the badd,jermaine jackson,1,test,test
TRLDAQV128F930BA03,donell jones || put me down,donell jones,1,test,test
TRLDEDV128F92D0BF3,boogaloo investigators || let the groove move you,boogaloo investigators,0,train,train
TRLDLLG128F42514C1,linkin park || leave out all the rest,linkin park,1,test,train
TRLDVFD128F429679F,lightning dust || wind me up,lightning dust,0,train,train
TRLDZSG128F92FF38C,jelly roll morton || froggie moore,jelly roll morton,0,train,train
TRLEKSD128F9319A61,al hirt || alley cat,al hirt,0,train,test
TRLEUAU128F1465309,jane birkin caetano veloso || o leaozinho,jane birkin caetano veloso,0,train,test
TRLEUOD12903CBA8BB,kenny rogers the first edition || good time liberator,kenny rogers the first edition,0,test,test
TRLFAEM128F428BA10,rozalla || everybodys free to feel good,rozalla,1,test,train
TRLFBXF12903CCC08D,lady antebellum || need you now,lady antebellum,1,train,train
TRLFDMV128F92E7751,eric matthews || worthy,eric matthews,0,test,train
TRLFFXM128F931FF6A,the features || lions,the features,0,train,test
TRLFICV128F4264080,mobb deep featuring noyd || the learning burn,mobb deep featuring noyd,0,train,train
TRLFRCH128F146FDE5,cleopatra || cleopatras theme,cleopatra,1,train,test
TRLFSJD128F425ACA4,karen peck and new river || the name of the lord,karen peck and new river,0,test,test
TRLFVYA12903CF7DD9,adrienne pierce || every sprinkler,adrienne pierce,0,train,train
TRLFWCC128F4266439,arise and ruin || to the grind,arise and ruin,0,train,test
TRLFWFX128F932A18A,spice girls || 2 become 1,spice girls,1,train,test
TRLFWPY128F92F3411,guru guru || space baby bonus track,guru guru,0,train,test
TRLGDHK128F4228C2E,sunnyland slim || devil is a busy man,sunnyland slim,0,train,train
TRLGJFI128F92DCD35,jimmy rogers || slick chick,jimmy rogers,0,test,train
TRLGLMA128F1470959,ll cool j || mama said knock you out,ll cool j,1,train,train
TRLGLSQ128F9317C8A,leila pinheiro || gozos da alma,leila pinheiro,0,train,train
TRLGVHA128F42935DA,tlc || silly ho,tlc,1,train,train
TRLGYBH128F42479B0,stew || reeling,stew,0,test,train
TRLGYET128F931A700,atreyu || coffin nails,atreyu,0,train,test
TRLHGWN128F42AA4B4,foo fighters || best of you,foo fighters,1,train,test
TRLHLKA128F4261AEB,jori hulkkonen || styrkkarit laukee,jori hulkkonen,0,test,train
TRLHZRQ128F92F8123,jamie foxx featuring ti || just like me,jamie foxx featuring ti,1,train,train
TRLIBLX128F1453AE6,madonna || sorry,madonna,1,test,train
TRLIBSN128F92FDC01,dj sammy yanou featuring do || heaven,dj sammy yanou featuring do,1,train,train
TRLINWE128F428080B,incubus || megalomaniac,incubus,1,test,train
TRLIORK12903CE2506,the bear quartet || i speak much english,the bear quartet,0,test,train
TRLIZCB12903CB4A6E,la costa brava || natalia verbeke,la costa brava,0,train,test
TRLIZQF128F934EEF8,ying yang twins || wait the whisper song,ying yang twins,1,test,train
TRLJFET128E07869E5,goldie lookin chain || self suicide,goldie lookin chain,0,train,train
TRLJFSH128F4262FF9,jon lord || ill send you a postcard,jon lord,0,train,train
TRLJMDZ128F426676A,jessica simpson || irresistible,jessica simpson,1,train,train
TRLJQSD128E0784A5C,dj clue noreaga || thugs r us,dj clue noreaga,0,train,train
TRLJRNT12903CA9427,celine dion || taking chances,celine dion,1,test,train
TRLJSDR128F9320E11,viikate || kivi itkee vihreaa,viikate,0,train,train
TRLKENU128F14A7806,luscious jackson || naked eye,luscious jackson,1,test,test
TRLKKFV128F4289229,clay aiken || invisible,clay aiken,1,train,train
TRLKRAA128F42800B4,blonde redhead || sciuri sciura,blonde redhead,0,train,train
TRLKRFB128F4261A17,maher shahal hash baz || sunrise,maher shahal hash baz,0,train,train
TRLKWWR128F14581D8,bonnie raitt || you,bonnie raitt,1,train,train
TRLLKQR128F930DB99,mariah carey || i still believe,mariah carey,1,train,train
TRLLNZK128E0789B89,keith urban || better life,keith urban,1,train,train
TRLLPVI128F14A72FE,daniele sepe || sovietica vesuvianita,daniele sepe,0,train,train
TRLLQUC128F932A35B,chubb rock || treat em right,chubb rock,1,test,test
TRLLUEY128F149222C,zhane || sending my love,zhane,1,test,train
TRLLUXD128F146448F,amanda perez || never,amanda perez,1,train,train
TRLLWLX128F9339892,the flamingos || golden teardrops,the flamingos,0,train,train
TRLLYNI128F1469F81,keziah jones || sunshineshapedbulletholes,keziah jones,0,train,train
TRLMPBZ128F4294701,marc lavoine || elle a les yeux revolver,marc lavoine,0,test,test
TRLMUBG12903CB33E1,rally || annikas talkshow med,rally,0,train,train
TRLMXCZ128F933A52A,anguish force || 11th september,anguish force,0,train,test
TRLMZLJ128F4218745,dierks bentley || come a little closer,dierks bentley,1,train,train
TRLNCTW128F1456921,kci jojo || tell me its real,kci jojo,1,train,test
TRLNNUF12903CD2DB9,filthy dukes || what happens next,filthy dukes,0,train,train
TRLNYTI128F932FE74,britney spears || sometimes,britney spears,1,train,train
TRLOGSV128F4292F1E,abra moore || four leaf clover,abra moore,1,train,train
TRLOLQO128F428244C,los lonely boys || heaven,los lonely boys,1,train,train
TRLOMKL128F4295BDA,the red jumpsuit apparatus || face down,the red jumpsuit apparatus,1,test,test
TRLOPVT128F42B4609,rmb || everything,rmb,0,test,train
TRLOTBB128F930C617,jolene || esseola 181,jolene,0,train,train
TRLPIPF128E079563F,sean paul || like glue,sean paul,1,train,test
TRLPLHL128F4292587,angie stone || brotha,angie stone,1,test,train
TRLPQNB128F1491F49,matt pond pa || champagne supernova edit,matt pond pa,0,train,train
TRLPVPV128F4236561,azalia snail || luxury road,azalia snail,0,train,train
TRLQDBI128F92F213C,the fray || how to save a life,the fray,1,test,train
TRLQDJL128F92FF39C,justin rutledge || i am with her where the avalanche begins,justin rutledge,0,train,test
TRLQOFZ128F93045D0,michael hoenig || juliet_ dubious ally,michael hoenig,0,train,train
TRLQPGR128F42BAC3A,amel bent || ne retiens pas tes larmes pianovoix,amel bent,0,test,train
TRLQUNI128F92E1233,minus the bear || michios death drive,minus the bear,0,test,train
TRLQVGK128F426A926,chevron || bathyscape,chevron,0,test,train
TRLRBUE128F92F6CA2,mc5 || teenage lust instrumental,mc5,0,train,train
TRLREVM128E078FB23,lost boyz || lifestyles of the rich and shameless,lost boyz,1,test,train
TRLRGDF128F93296BA,the proclaimers || scotlands story,the proclaimers,0,test,train
TRLRGVX128E078EC1B,eminem || my name is,eminem,1,train,train
TRLRRDK128F930251A,black dice || gag shack,black dice,0,train,train
TRLRTNX128F4272313,sophie b hawkins || dont stop swaying,sophie b hawkins,0,test,train
TRLRVYW128F4264F04,jagged edge || goodbye,jagged edge,1,train,train
TRLSCIQ12903CFDBEE,dierks bentley || feel that fire,dierks bentley,1,train,train
TRLSMFK128F14557A9,matchbox twenty || bright lights,matchbox twenty,1,train,train
TRLTBAY128F92CA4EE,ace of base || the sign,ace of base,1,train,test
TRLTFVP128E0782B34,duran duran || electric barbarella,duran duran,1,train,train
TRLTFVQ128F427E426,psychic tv || scared to live ptv mix,psychic tv,0,test,train
TRLTXGF128F9314A79,cab calloway_ his orchestra || san francisco fan,cab calloway_ his orchestra,0,test,train
TRLUFUU128F9344F3E,jazz addixx || jazz hop,jazz addixx,0,train,test
TRLUMCG12903CCC097,lady antebellum || ready to love again,lady antebellum,1,train,train
TRLUQBH128F92CC97F,stevie wonder || for your love,stevie wonder,1,train,train
TRLUXFM128F42899E5,hang on the box || di di di,hang on the box,0,train,train
TRLUZXU128F4265A0B,wade hayes || the day that she left tulsa in a chevy,wade hayes,1,train,train
TRLVAHC12903CEC602,jakob dylan || truth for a truth,jakob dylan,0,train,train
TRLVBQT128F4243837,sierra maestra || anabacoa,sierra maestra,0,train,train
TRLVFCQ128F425AF52,louis armstrong || solitude,louis armstrong,0,test,test
TRLVQME128F931BAF3,owl city || vanilla twilight,owl city,1,train,train
TRLVZTI12903CAA2F1,kristine w || one more try,kristine w,1,test,train
TRLWBFX128F9333D32,sacred order || icky bitch,sacred order,0,test,train
TRLWHCN128F92ED3BE,the black crowes || bad luck blue eyes goodbye,the black crowes,0,train,test
TRLWNEM128F427A186,otis spannfleetwood mac || someday baby,otis spannfleetwood mac,0,train,train
TRLWWXL128F933D0C1,marc cohn || walking in memphis,marc cohn,1,train,train
TRLXGAF128F14932B7,la guns || its over now,la guns,1,train,train
TRLXHZH128F92EF92C,tiesto || traffic original mix,tiesto,0,train,train
TRLXMJS128F1466CCD,blessid union of souls || all along,blessid union of souls,1,train,test
TRLXQOZ128F932DE84,30y || puhatalpu lanyok,30y,0,train,train
TRLXWJY12903CCE727,miranda lambert || only prettier,miranda lambert,1,train,train
TRLXXLK128F429A869,doug stanhope || freak shows,doug stanhope,0,train,train
TRLXYAQ128F14794C5,macaco || radio boogaloo,macaco,0,train,train
TRLYCGO128F145678D,shai || if i ever fall in love,shai,1,train,train
TRLYHPJ128F932292D,mica paris || tonight,mica paris,0,train,test
TRLYMYD128F428B6BB,tim fite || mascara lies,tim fite,0,train,train
TRLYRUU128F42435D9,scarve || the path to apoptosis,scarve,0,train,train
TRLYVMY128F930F520,ariel pinks haunted graffiti || lets build a campfire there,ariel pinks haunted graffiti,0,train,train
TRLZEWW128F9327F7C,ace of base || lucky love,ace of base,1,train,test
TRLZLFK128F4269F92,uncle tupelo || still be around,uncle tupelo,0,train,train
TRLZMVM128F92E6DD0,boyz ii men || please dont go,boyz ii men,1,train,train
TRLZTKH128F42BC18A,daughtry || feels like tonight,daughtry,1,train,train
TRLZXKS128F424C1F2,night in gales || avoid secret vanity,night in gales,0,test,train
TRMAFYF128F9319892,king geedorah || take me to your leader,king geedorah,0,train,test
TRMAJWD128F42BA91A,omarion || entourage,omarion,1,train,train
TRMALOR128F9304DEF,edenbridge || terra nova,edenbridge,0,train,train
TRMANRG128F4260580,swv || youre the one,swv,1,train,train
TRMARDV128F42A80B7,neyo || sexy love,neyo,1,test,train
TRMARGI128F4238381,john oszajca || long goodbye,john oszajca,0,train,train
TRMATQS128E0799509,carl thomas || summer rain,carl thomas,1,train,train
TRMAYNC128F4218F0A,telecast || impossible possibility,telecast,0,train,test
TRMAYTT128E0791E05,boyz ii men || i will get there,boyz ii men,1,test,train
TRMBEOI128F4297C8C,hombres g || en otro mundo,hombres g,0,train,train
TRMBHAP128F93278E0,the lucksmiths || twentytwo,the lucksmiths,0,test,train
TRMBIJT128F427997E,nas || got ur self a,nas,1,test,train
TRMBKIK128F42A236C,whitney houston || try it on my own,whitney houston,1,train,train
TRMBKPB128F14548D4,souad massi || khsara aalik,souad massi,0,train,train
TRMBLVZ128F9306C0F,lole y manuel || dime,lole y manuel,0,train,train
TRMBSFD12903C96D21,the ink spots || there goes my heart,the ink spots,0,train,train
TRMBUII12903CC53C9,chris cagle || what kinda gone,chris cagle,1,test,train
TRMBWOY128F9339C4F,ashley parker angel || let u go,ashley parker angel,1,train,train
TRMBXLN128F9307BA1,backstreet boys || ill never break your heart,backstreet boys,1,train,test
TRMBXMI128F426E94E,da brat || fa all yall,da brat,1,test,train
TRMBZGF128F425556E,trisha yearwood || georgia rain,trisha yearwood,1,train,train
TRMCAFT12903CDCD25,darryl worley || sounds like life to me,darryl worley,1,train,train
TRMCKGO128F9323537,sandra || put some 80ies in it,sandra,0,test,train
TRMCNMI12903CEF216,kenny wayne shepherd band || one foot on the path,kenny wayne shepherd band,0,train,train
TRMCOXO128F4290CF0,moguai || u know y original,moguai,0,test,train
TRMCPBE128F933B0E6,gillian welch || im not afraid to die,gillian welch,0,train,train
TRMCUDB12903CB8EFB,larry sparks || for your love,larry sparks,0,train,train
TRMCYUT128F4259E78,sade || by your side,sade,1,test,test
TRMCZEY128F92EE8E7,ekkohaus || sink with me in the love tube,ekkohaus,0,train,train
TRMDGCL128F92F6958,beseech || ghoststory,beseech,0,train,train
TRMDIFP12903CC43AC,doctor explosion || inutil,doctor explosion,0,test,train
TRMDLNM128F42722CF,amanda perez || angel,amanda perez,1,train,train
TRMDOBX128F932E0A6,belbury poly || time scale,belbury poly,0,train,train
TRMDPPG128F4234AF5,kyuss || catamaran lp version,kyuss,0,train,train
TRMDQOY128E078EB4D,no doubt || its my life,no doubt,1,test,test
TRMDZOJ128F92ED44F,natalie || goin crazy,natalie,1,train,test
TRMEDDB128F4251BCC,a fine frenzy || hope for the hopeless demo,a fine frenzy,0,train,train
TRMENEY128F4283E5A,aaliyah || back forth,aaliyah,1,train,train
TRMEPNR128F423DC72,afghan whigs || i know your little secret album,afghan whigs,0,test,train
TRMERFX128F931F755,r kelly || thoia thoing,r kelly,1,train,train
TRMEWYX12903CFF91E,la bien querida || el zoo absoluto,la bien querida,0,train,train
TRMEXMZ128E0791EBA,floetry || say yes,floetry,1,test,train
TRMEXUW128F9306A55,swv || right here,swv,1,train,train
TRMEYHJ128E079339B,modjo || lady hear me tonight,modjo,1,train,train
TRMFCDV128F1476197,paula cole || where have all the cowboys gone,paula cole,1,train,test
TRMFGMJ128F92F7BC7,japanther || public square,japanther,0,train,train
TRMFUXC128F147B4CF,burning sky || journey to the four directions,burning sky,0,train,train
TRMFVAF128F9311AF4,cher || one by one,cher,1,train,train
TRMFZVQ128F426714D,roger waters || what god wants_ part i,roger waters,0,train,test
TRMGHNK128F427055F,de heideroosjes || scapegoat revolution,de heideroosjes,0,test,train
TRMGJIA12903CBEA22,darkthrone || stylized corpse,darkthrone,0,train,test
TRMGKXP12903CC099C,peter cetera || even a fool can see,peter cetera,1,train,test
TRMGMJL128F427E90E,luther vandross || heaven knows,luther vandross,1,train,train
TRMGQWD128F4269F46,bone thugsnharmony || tha crossroads,bone thugsnharmony,1,test,train
TRMGUNA128F92E4CC0,alejandro fernandez || eres,alejandro fernandez,0,train,test
TRMGWBO128F428A374,martina mcbride || blessed,martina mcbride,1,train,train
TRMHGPF128F426BE7F,jonas brothers || year 3000,jonas brothers,1,train,train
TRMHIPC128F42481F2,shinedown || sound of madness,shinedown,1,train,train
TRMHXBU128F932A16D,jonas brothers || burnin up,jonas brothers,1,train,train
TRMHYTH128F92E67EB,brad paisley duet with keith urban || start a band,brad paisley duet with keith urban,1,test,test
TRMHZAC128F4288987,lord jamar || intro,lord jamar,0,train,train
TRMIHEV128F42B713E,art of trance || madagascar original 12,art of trance,0,train,train
TRMIJQB128F92F5DE4,george michael || fastlove,george michael,1,train,train
TRMIPJM128E078EB66,bon jovi || bed of roses,bon jovi,1,test,train
TRMISMD128F425DF67,the dykeenies || pick you up,the dykeenies,0,train,train
TRMIVFN128F148778E,robbie nevil || just like you,robbie nevil,1,train,train
TRMJADW128F9322BF3,sheryl crow || cant cry anymore,sheryl crow,1,test,train
TRMJJFY128F14676A6,lifehouse || hanging by a moment,lifehouse,1,train,test
TRMJUGH128F1458099,joshua kadison || picture postcards from la,joshua kadison,1,train,test
TRMJWXQ128F1497391,nwa || dope man edited 2002 digital remaster,nwa,0,train,train
TRMJZGA12903CBC34A,gatas parlament || vi er faen meg best,gatas parlament,0,train,train
TRMKLAJ128E0789B7F,keith urban || raining on sunday,keith urban,1,train,train
TRMKMVZ128F426378E,splender || i think god can explain,splender,1,train,test
TRMKTFU128F42AF61F,destinys child || survivor,destinys child,1,train,train
TRMKTOK128E078513D,ryan cabrera || true,ryan cabrera,1,train,train
TRMKWQX128F4251C93,little tony || ridera,little tony,0,test,train
TRMKYZN128F935A11A,postgirobygget || lei av a bli lurt,postgirobygget,0,train,train
TRMLRBQ128F4267C6D,punch brothers || nothing_ then,punch brothers,0,train,test
TRMLZSH128F931F9A7,jelly roll morton || i thought i heard buddy bolden say,jelly roll morton,0,train,train
TRMLZWF128C7196CB3,barrett strong || money and me,barrett strong,0,test,train
TRMMCDR128F423AB03,michael cera ellen page || anyone else but you,michael cera ellen page,1,train,test
TRMMDVB12903CE2FF6,craig morgan || redneck yacht club,craig morgan,1,train,train
TRMMEDP12903CDA710,bt feat erire || suddenly,bt feat erire,0,train,train
TRMMMQA128F14A454A,diana krall || dancing in the dark,diana krall,0,train,train
TRMMRFI128F148ADDA,eastmountainsouth || show me the river,eastmountainsouth,0,train,train
TRMMVXN128F9330DE5,better luck next time || disaster bound,better luck next time,0,train,train
TRMNDLK128F42AF309,three 6 mafia || poppin my collar,three 6 mafia,1,train,train
TRMNFSQ128F1452B6F,emir kusturica the no smoking orchestra || introduction of the orchestra,emir kusturica the no smoking orchestra,0,train,train
TRMNHWW128E078F5B4,common || the light,common,1,train,test
TRMNLDI128F92E8DD0,adam lambert || no boundaries,adam lambert,1,test,train
TRMNNQG128F42BA5C1,bjork || big time sensuality,bjork,1,train,train
TRMNWJW128F428364D,michael jackson || in the closet,michael jackson,1,test,train
TRMOCYS128F4265F7A,brownstone || if you love me,brownstone,1,test,test
TRMOGBW128F931F046,whitney houston || miracle,whitney houston,1,train,train
TRMOJZP128F1455B4C,anja garbarek || no trace of grey,anja garbarek,0,test,train
TRMOOCE128F42848D8,corenell feat ann bailey || a deeper love radio mix,corenell feat ann bailey,0,train,train
TRMOSHW128F42666EE,mark chesnutt || she was,mark chesnutt,1,train,test
TRMOWZL128F92D1B9F,gary burton || back home again in indiana,gary burton,0,test,train
TRMOYVH128F146289B,daniel bedingfield || gotta get thru this,daniel bedingfield,1,train,train
TRMPAEZ128F933A49F,earlimart || god loves you the best,earlimart,0,train,test
TRMPFGP128F146A63C,lucy pearl || dance tonight,lucy pearl,1,test,train
TRMPJGO128F42699CF,mariah carey || fantasy,mariah carey,1,train,train
TRMPMRD128F42274AC,the cloud room || sunlight reprise,the cloud room,0,train,train
TRMPMZE128F429DF35,juanes || me enamora,juanes,1,train,train
TRMPNRG12903CE1D9E,edward maya vika jigulina || stereo love,edward maya vika jigulina,1,train,train
TRMPPHD128F930BB0B,osi || kicking kevin moore remix,osi,0,train,test
TRMPQOE128F1473C85,hombres g || devuelveme a mi chica,hombres g,0,train,train
TRMPXUP128F428BCE8,hanson || mmmbop,hanson,1,train,train
TRMPYWE128F426964A,nia peeples || street of dreams,nia peeples,1,train,train
TRMQESH128F425C358,the whispers || innocent,the whispers,1,train,train
TRMQSZU128F92E83E6,fatima spar und die freedom fries || w,fatima spar und die freedom fries,0,train,test
TRMQTKA128F92FE2E0,melody gardot || over the rainbow,melody gardot,0,test,test
TRMQVRI128F92C9B25,jessica simpson || come on over,jessica simpson,1,test,train
TRMQYCF128F9302B23,bonnie raitt || something to talk about,bonnie raitt,1,train,train
TRMRAXH12903CAE1C8,irigy honaljmirigy || nup,irigy honaljmirigy,0,train,train
TRMRCKZ128F422B8B9,aaron hall || dont be afraid,aaron hall,1,train,train
TRMRDDH128F427B045,betchadupa || diversions,betchadupa,0,train,train
TRMRNAS128F9343251,r kelly || ignition,r kelly,1,train,train
TRMRSAJ12903CE1D26,kino oko || any kind of structure,kino oko,0,train,train
TRMSGKF128E07862CC,dmx || ruff ryders anthem,dmx,1,train,train
TRMSHQN128E0792879,eminem || lose yourself,eminem,1,train,train
TRMSSCZ128F4264552,rodney crowell || ive got my pride but i got to feed the kids,rodney crowell,0,train,train
TRMSXNE128F427F21B,tye tribbett ga || cant live,tye tribbett ga,0,train,train
TRMSZHR128F427A4D1,barbara lea || honey in the honeycomb,barbara lea,0,test,train
TRMTGXH128F14551A0,delia gonzalez gavin russom || relevee,delia gonzalez gavin russom,0,train,train
TRMTNPH128F1451E42,turing machine || synchronicity iii,turing machine,0,train,train
TRMTTTW12903CB5C2E,angus julia stone || yellow brick road,angus julia stone,0,train,test
TRMTXAU12903CC6512,laura watling || youre gonna have to change your ways,laura watling,0,train,test
TRMTXXO128E078C566,laura voutilainen || addicted to you club edit,laura voutilainen,0,train,train
TRMTZAK128E078B8DC,craig armstrong || george drowns,craig armstrong,0,train,train
TRMUKHO128F92EF333,ashanti || only u,ashanti,1,train,train
TRMULCS128F4281E2F,the adolescents || let it rain,the adolescents,0,train,train
TRMUQVS128F931C02E,diplo || its all part of a bigger plan,diplo,0,train,test
TRMVCRK128F9337711,oren ambarchi || thirsty boots,oren ambarchi,0,test,test
TRMVTWF128F42ACDEC,billy ray cyrus || achy breaky heart,billy ray cyrus,1,test,train
TRMVUKA128F427078E,our lady peace || the story of 100 aisles,our lady peace,0,test,train
TRMWARR128F1451D78,the bloodthirsty lovers || hardcore,the bloodthirsty lovers,0,train,train
TRMWDDD128F92E1ECF,will young || leave right now,will young,1,train,train
TRMWDUE128F9333280,joe grushecky the houserockers || dark and bloody ground,joe grushecky the houserockers,0,test,train
TRMWECH128F429E65F,crayz walz || pink,crayz walz,0,train,test
TRMWOJA128F148C010,onyx || throw ya gunz,onyx,1,train,test
TRMWPKX128F9347160,haashkalimba || ya no,haashkalimba,0,train,test
TRMWQWJ128F425A43C,annie lennox || why,annie lennox,1,train,train
TRMWVAC128F4230FE4,fear factory || burn,fear factory,0,train,train
TRMWYOV128F931BFF4,trapt || headstrong,trapt,1,train,train
TRMXGDX128F148D076,reba mcentire || till you love me,reba mcentire,1,train,train
TRMXKEI128F931F15B,brooks dunn || you cant take the honky tonk out of the girl,brooks dunn,1,train,train
TRMXLEK128F426F2B1,prince jammy || the crowning of prince jammy,prince jammy,0,train,train
TRMXPKO128F1464A4A,caesars || you dont mean a thing to me,caesars,0,train,train
TRMXPNR128F42775B7,nas featuring ginuwine || you owe me,nas featuring ginuwine,1,train,train
TRMXQWH128F42987AE,lisa loeb || lets forget about it,lisa loeb,1,train,train
TRMXWFH128F422B29B,panzer ag || filth god,panzer ag,0,train,train
TRMYCJG128F1456698,50 cent || hustlers ambition,50 cent,1,train,train
TRMYDOC128F4234B94,drumsound and simon bassline smith || west bank,drumsound and simon bassline smith,0,test,train
TRMYEKY128F93455B9,tom browne || too hot,tom browne,0,train,test
TRMYGMP128F4242DF3,toby keith || stays in mexico,toby keith,1,train,train
TRMYHVQ128F4257DA1,klashnekoff || my life,klashnekoff,0,test,train
TRMYKJG128F93052B7,breakage spmc || the lurgie,breakage spmc,0,train,train
TRMYOGM128F14521A7,feeder || my perfect day,feeder,0,train,test
TRMYQFT128F4235681,the heavy || that kind of man,the heavy,0,train,test
TRMYSBI128F92FC45A,tame one || concerto,tame one,0,train,test
TRMYZMN128F425B71A,mum || now theres that fear again,mum,0,test,train
TRMZNQX128F9306913,michelle branch || sooner or later,michelle branch,1,train,test
TRMZNYS128F4261A2D,dixie chicks || i can love you better,dixie chicks,1,train,train
TRMZOST12903CE303C,craig morgan || little bit of life,craig morgan,1,train,train
TRMZOXF128F4288701,luis miguel || la puerta,luis miguel,0,train,train
TRMZRPP128F932A4E5,sunscreem || love u more,sunscreem,1,test,train
TRMZUJC128F426F97E,lee wiley || ive got a crush on you,lee wiley,0,test,train
TRMZYFK128F9339765,reuben || deadly lethal ninja assassin,reuben,0,train,train
TRNABGK128F42676C1,krista detor || abigayles song,krista detor,0,train,train
TRNANAN128F428248D,jessica simpson || with you,jessica simpson,1,train,train
TRNAYRI128F425C863,on trial || too late,on trial,0,train,train
TRNBAVB128F92F5F45,dixie chicks || cold day in july,dixie chicks,1,train,train
TRNBBBF128F92F9635,ace enders a million different people || the only thing i have,ace enders a million different people,0,train,train
TRNBLVL12903CBA3F8,air formation || long way out to me,air formation,0,train,test
TRNBRKS128F4292FB0,republica || drop dead gorgeous,republica,1,train,train
TRNBSYS128F92E7715,qtip || move,qtip,0,train,train
TRNBYGQ128F9335BFF,hank snow || im movin on,hank snow,0,train,train
TRNCAWS128F93169E4,celesty || prelude for vendetta,celesty,0,train,test
TRNCFTB128F14AEB18,edward shearmur || 4th of july,edward shearmur,0,train,train
TRNCHML128F42BBAF0,kellie pickler || i wonder,kellie pickler,1,train,train
TRNCNMF128F4238221,terri clark || i just wanna be mad,terri clark,1,test,train
TRNDBFO128F424A36D,the 69 eyes || tang,the 69 eyes,0,train,train
TRNDDHS128F4279764,michael jackson || you rock my world,michael jackson,1,train,train
TRNDPFA128F423D03B,ghymes || angyalsereg,ghymes,0,train,train
TRNDZJT128E0792721,smash mouth || all star,smash mouth,1,test,train
TRNEAFW128F92EB261,duffy || mercy,duffy,1,test,train
TRNEAPD128F424846A,zao || in times gone past,zao,0,train,train
TRNEBFG128F425BD3B,mum || sing me out the window,mum,0,train,train
TRNERKG128F92DFB00,timebox || come on up,timebox,0,train,train
TRNERRN128F931A4EE,jega || zenith,jega,0,test,train
TRNETOG128F42BBAEF,kellie pickler || didnt you know how much i loved you,kellie pickler,1,train,train
TRNEUDA128F42890FD,alan jackson || it must be love,alan jackson,1,train,test
TRNEWWX128F9336A1F,alicia keys || doesnt mean anything,alicia keys,1,train,test
TRNFESO128F92D2F54,discover || bird in cage feat julie delpy,discover,0,train,train
TRNFHBE128F425D62C,david cook || the time of my life,david cook,1,train,test
TRNFHPE128F93088E7,eddi reader || auld lang syne,eddi reader,0,train,train
TRNFLKF128F932A329,rabia sorda || misery,rabia sorda,0,test,test
TRNFQFD128F422ABC8,mary johnson || morning sun blues,mary johnson,0,train,train
TRNFVGL12903CE43BB,these arms are snakes || greetings from the great north woods,these arms are snakes,0,train,train
TRNFVZE128F429CFC7,harry gregsonwilliams || a warm fuzzy navel,harry gregsonwilliams,0,train,test
TRNFWYS128F427F441,jennifer lopez || get right,jennifer lopez,1,train,test
TRNFXDE128F146C88E,the beloved || deliver me,the beloved,0,test,train
TRNGQRU128F4235DA1,jon secada || angel,jon secada,1,train,train
TRNGVHP128F42AF1F9,phil vassar || ill take that as a yes the hot tub song,phil vassar,1,train,train
TRNHBOI128F423EAD0,frank black || dont ya rile em,frank black,0,train,train
TRNHKFQ128F92F9D4F,dean evenson || deep night,dean evenson,0,test,train
TRNHMUE128F146965C,westside connection || bow down,westside connection,1,train,train
TRNHPTG12903CF62B6,marion meadows || tales of a gypsy reprise,marion meadows,0,test,train
TRNHQCN12903C97C2E,kelly clarkson || i do not hook up,kelly clarkson,1,train,test
TRNHTMQ128F42B265E,ashanti || rain on me,ashanti,1,test,train
TRNHXMA128F426607C,hifive || shes playing hard to get,hifive,1,test,train
TRNHYPV128F425A0FB,psychopomps || amf 89 version,psychopomps,0,test,train
TRNHYXR128F9303B64,buraka som sistema || yah,buraka som sistema,0,test,test
TRNICDD128F42545AE,novembre || sound odyssey,novembre,0,train,train
TRNICDN12903D042C3,kid frost || la raza,kid frost,1,train,train
TRNIIAQ128F426376F,travis tritt || modern day bonnie and clyde,travis tritt,1,train,train
TRNINLH128F14992E6,emerson drive || i should be sleeping,emerson drive,1,train,train
TRNITVL128F92DCD64,alexandre desplat || hong kong chase,alexandre desplat,0,train,train
TRNIVFM128E0789987,common || go,common,1,train,test
TRNIYPI128F426BD61,nickelback || feelin way too damn good,nickelback,1,train,test
TRNJELH128F429525D,jet || look what youve done,jet,1,train,test
TRNJHHW128F1459E0B,shania twain || shes not just a pretty face,shania twain,1,train,train
TRNJKPC128F425B76C,christina aguilera || the voice within,christina aguilera,1,train,train
TRNJLAQ128F1469A53,vanessamae || the blessed spirits,vanessamae,0,train,train
TRNJOBE12903CCC6CC,seether || remedy,seether,1,train,train
TRNKOPV12903CEF51B,toby keith || cryin for me waymans song,toby keith,1,train,train
TRNKRER128F147B0CC,eric church || guys like me,eric church,1,train,test
TRNKSUN128F92D6DF3,yakida || i saw you dancing,yakida,1,test,test
TRNLAYI128F42AE1C1,sarah mclachlan || sweet surrender,sarah mclachlan,1,train,test
TRNLNUD128F42607D0,aly aj || like whoa,aly aj,1,test,test
TRNLQMC128F9313F49,carrie underwood || cowboy casanova,carrie underwood,1,train,test
TRNLTBQ128F428B8EE,luis fonsi || nada es para siempre,luis fonsi,1,test,train
TRNLWWR128F93231F7,skap || lucrecia,skap,0,train,train
TRNMCGG128F92DFF82,the script || the man who cant be moved,the script,1,train,train
TRNMCXU128E07994FD,carl thomas || i wish,carl thomas,1,train,train
TRNMSQS128F92F0DFE,zombie nation || kernkraft 400,zombie nation,1,train,train
TRNMTPD128EF354F8F,alva noto || bit,alva noto,0,test,train
TRNMVAS128F426900E,elvin bishop || honey bee,elvin bishop,0,train,train
TRNNCPB128F92D307D,bruce springsteen || secret garden,bruce springsteen,1,test,train
TRNNETJ12903CBDBB7,decadence || discharge,decadence,0,train,train
TRNNFIK128E0792FC2,bryan adams || the only thing that looks good on me is you,bryan adams,1,train,test
TRNNUHQ128F42365BC,life of agony || colorblind,life of agony,0,train,train
TRNNUMY12903CBA308,taylor swift || youre not sorry,taylor swift,1,train,test
TRNNUTU128F426377E,spoonfed hybrid || 1936,spoonfed hybrid,0,train,train
TRNNUUF12903CADF48,detroit grand pubahs || chitown shuffle,detroit grand pubahs,0,train,test
TRNOAIU12903CC099A,peter cetera || restless heart,peter cetera,1,train,test
TRNODTB128F42186B3,johnny truant || throne vertigo,johnny truant,0,test,test
TRNONRP128F93269E9,the decemberists || shanty for the arethusa,the decemberists,0,test,test
TRNPAZE128F42AF411,jennifer lopez || amarte es todo,jennifer lopez,0,test,test
TRNPCHG128F930AD2E,mychael danna || a feather for your soul,mychael danna,0,train,test
TRNPECQ128F92E8799,midway still || come down,midway still,0,train,train
TRNPLUF128F145F251,nothingface || welcome mr sunday,nothingface,0,test,train
TRNPVZD128EF3570CD,gary allan || songs about rain,gary allan,1,train,train
TRNPXYK128F421BD6F,destruction || no mans land,destruction,0,train,train
TRNQBWX128F1454829,eminem || cleanin out my closet,eminem,1,train,train
TRNQDUD128F425A570,hakan hellstrom || dom dimmiga dagarna foggy days,hakan hellstrom,0,test,train
TRNQEJQ128F4281F5E,blink182 || whats my age again,blink182,1,train,train
TRNQEQB128F92FB9C9,mcenroe || 625 at the first window with pipi skid,mcenroe,0,train,test
TRNQQFV128F930F8F7,statues || quality asurrance,statues,0,train,train
TRNQUYD12903C9BDB6,dave matthews bandkool the gang || jimi thing,dave matthews bandkool the gang,0,train,train
TRNQXTM12903CB1E9F,will smith || gettin jiggy wit it,will smith,1,test,train
TRNRHYP128F426256C,sensations || listen to my shapes,sensations,0,train,train
TRNRNWF128F14530C0,beastie boys || intergalactic,beastie boys,1,train,train
TRNRPVM128F93276FD,the black crowes || remedy,the black crowes,1,train,test
TRNRQZL128F93045BB,mantronix featuring wondress || got to have your love,mantronix featuring wondress,1,test,train
TRNSGHW128F149113F,john mellencamp || key west intermezzo i saw you first,john mellencamp,1,train,train
TRNSHNX128F92C6591,the sound of animals fighting || intro,the sound of animals fighting,0,train,train
TRNSPYF128F1470ABE,soul avengerz featuring angie brown || sing radio edit feat angie brown,soul avengerz featuring angie brown,0,train,train
TRNTADZ128F147B587,kelly joe phelps || circle wars,kelly joe phelps,0,train,train
TRNTCPT128F4256A24,g love special sauce || georgia brown,g love special sauce,0,train,test
TRNTFEU128F148B3A6,50 cent || wanksta,50 cent,1,test,train
TRNTSTB128F9349C07,marcus miller || teen town,marcus miller,0,train,train
TRNTWZU128F425D028,throw the fight || into the fire,throw the fight,0,train,train
TRNUFWS128F9308F08,don henley || taking you home,don henley,1,train,train
TRNUKPK128F42AC766,montgomery gentry || she dont tell me to,montgomery gentry,1,train,train
TRNUOIW128F4242400,la cabra mecanica || cancion de las plantas,la cabra mecanica,0,train,train
TRNUTOB128F92FFB27,train || days,train,0,train,train
TRNUYDD128F427AEDA,moby || rock the house,moby,0,train,train
TRNVAFJ128F9303B05,toni braxton || you mean the world to me,toni braxton,1,train,train
TRNVDTV128F426D9C0,swayzak || smile and receive apparat remix,swayzak,0,train,train
TRNVRTT128F4283B04,violeta parra || verso por desengano,violeta parra,0,train,train
TRNVXOM128E0791E0B,buckcherry || for the movies,buckcherry,0,test,train
TRNVYAG128F1473C5B,andreas johnson || still my world,andreas johnson,0,train,train
TRNVYUG12903CBEEAA,goasia || space travellers,goasia,0,train,train
TRNWDUH128E0799ABE,boyz ii men || a song for mama,boyz ii men,1,train,train
TRNWJVS128F4279AB8,savage garden || i want you,savage garden,1,train,test
TRNWTIV128F426C4AF,july skies || southern orchards,july skies,0,train,train
TRNXETR128F92F95DF,grammatics || dilemma,grammatics,0,test,train
TRNXLEG128F149C224,laura voutilainen || nuorallatanssi,laura voutilainen,0,train,train
TRNXLMC128F92EA56C,bowling for soup || almost,bowling for soup,1,train,train
TRNXNWU128F42340A9,the cure || high,the cure,1,train,train
TRNYAAV128F427F2F6,anna nalick || citadel,anna nalick,0,test,train
TRNYHBW128E0793880,the brian setzer orchestra || jump jive an wail,the brian setzer orchestra,1,train,train
TRNYOXF128F92DFBCF,funki porcini || river of smack,funki porcini,0,train,train
TRNYPBV128F424E33B,idiot pilot || in record shape,idiot pilot,0,train,train
TRNYPOG128F92FCAD4,chiens de paille || tant quon sera la feat iam,chiens de paille,0,test,train
TRNZBZN128F426975E,xscape || just kickin it,xscape,1,train,train
TRNZLFX128E0789409,weezer || beverly hills,weezer,1,train,train
TRNZOLR12903C9F66B,mindinabox || the last v8,mindinabox,0,train,train
TRNZQSH128F42BCA82,betty boo || doin the do,betty boo,1,test,train
TRNZUKZ12903CF1172,garage a trois || hard headed rio aka rio cuca dura,garage a trois,0,train,train
TRNZVVZ128F427675B,subsonica || giorni a perdere,subsonica,0,train,test
TROAAXZ128EF362393,the brand new heavies || dream on dreamer,the brand new heavies,1,train,train
TROAFCQ128F426A2B3,apollo 440 || i need something stronger,apollo 440,0,train,test
TROAGVA128F4263C39,mariah carey || when i saw you,mariah carey,0,test,train
TROALAK128F423FECD,cappadonna || mamma,cappadonna,0,train,train
TROARRL128F933078F,remi nicole || ill be waiting,remi nicole,0,train,train
TROBPBJ128F14ADB3F,lost dogs || cry out loud nazarene crying towel album version,lost dogs,0,train,train
TROBPGU128F92EE888,samsas traum || ingwerbrot und nusse,samsas traum,0,test,train
TROBQUH128F4297D67,alan jackson || little man,alan jackson,1,train,test
TROBQWG12903CEDF71,borknagar || the winterway,borknagar,0,test,test
TROBRHY12903D09C85,lifehouse || halfway gone,lifehouse,1,train,test
TROBUUZ128F4263002,finger eleven || paralyzer,finger eleven,1,train,train
TROBVDU128F92D42CB,r kelly || summer bunnies,r kelly,1,train,train
TROCFFO128F14A35DA,eastern standard time || some day some way,eastern standard time,0,train,train
TROCLQU128F9300E70,the strokes || what ever happened,the strokes,0,train,train
TROCRHE128F148C454,downset || take em out,downset,0,train,train
TROCUBB12903CE168F,michelle branch || goodbye to you,michelle branch,1,train,test
TRODHZT128F4229991,franz ferdinand || wine in the afternoon,franz ferdinand,0,train,train
TRODZPY128F92F6FEE,avant || separated,avant,1,train,train
TRODZYS12903CC15C1,cockney rejects || the greatest cockney rip off,cockney rejects,0,test,test
TROEFKX128F9320C04,50 cent || just a lil bit,50 cent,1,test,train
TROEFYD128F92FD74B,rachael sage || brave,rachael sage,0,train,train
TROEYDL128F92F064D,nickelback || id come for you,nickelback,1,test,test
TROFBIS128E079283A,ms jade || feel the girl,ms jade,1,train,train
TROFONI128F428996E,andy griggs || she thinks she needs me,andy griggs,1,train,train
TROGCTW128F428BE8A,outkast || southernplayalisticadillacmuzik,outkast,1,train,train
TROGEPA128F42B98EE,vetiver || maureen,vetiver,0,train,train
TROGFKO128F425D721,lou bega || mambo no 5 a little bit of,lou bega,1,test,train
TROGIIZ128F14A2A9C,caedmons call || stupid kid album version 2006 remastered,caedmons call,0,train,train
TROGOSE128F9317118,franz ferdinand || take me out,franz ferdinand,1,train,train
TROGRCM128F4250C5A,belly || feed the tree,belly,1,train,train
TROGYQW12903CE7916,meiju suvas || ystavasi aina,meiju suvas,0,train,train
TROHBNK128F42B248B,canibus || second round ko,canibus,1,train,test
TROHDJC12903CDAC78,zola jesus || odessa,zola jesus,0,train,train
TROHVPU128F9308FF6,terminal sound system || year of the pig,terminal sound system,0,train,train
TROHYKR128F9317025,lily allen || the fear,lily allen,1,train,test
TROIBHC128F14958FC,bell biv devoe || poison,bell biv devoe,1,train,train
TROIDDG128F426254C,ginuwine || there it is,ginuwine,1,train,train
TROIGKH128F92C519C,state of bengal || elephant ride,state of bengal,0,train,train
TROIMMR128F93210DC,christina aguilera || fighter,christina aguilera,1,train,train
TROIRNZ12903CE5D91,erykah badu || window seat,erykah badu,1,train,train
TROITEI128EF3517C7,coleman hawkins || sophisticated lady,coleman hawkins,0,train,train
TROIVYR128F92F9753,micachu || curly teeth,micachu,0,test,train
TROJDKB128F4239782,pitbulls in the nursery || lunatic factory,pitbulls in the nursery,0,train,test
TROJOGJ128F1452136,engineers || peter street,engineers,0,test,train
TROJRSW128F93189AA,swollen members || bottom line,swollen members,0,train,train
TROJUAJ128F4267C24,jimmy shubert || coffee break,jimmy shubert,0,train,test
TROJWYR128F4287E66,candy dulfer || home is not a house,candy dulfer,0,test,train
TROJZKY12903CA4490,hannah montana || this is the life,hannah montana,1,train,train
TROKCMB12903CAC503,ana laura || dont run away,ana laura,0,test,train
TROKFWT128F1461F0B,deana carter || we danced anyway,deana carter,1,train,train
TROKNIV12903CC78BC,easton corbin || a little more country than that,easton corbin,1,train,train
TROKTBO128F146E8C8,taking back sunday || makedamnsure,taking back sunday,1,train,train
TROKUQB128F1474A07,chris cagle || my love goes on and on,chris cagle,1,train,train
TROKYBP128F425BBF0,britney spears || piece of me,britney spears,1,train,train
TROLALE128F93461C2,didier lockwood || brasilia,didier lockwood,0,train,train
TROLKTX128F92FAC5B,lee ann womack || i may hate myself in the morning,lee ann womack,1,train,train
TROLNGP128F933AEEF,danni carlos || musica nova,danni carlos,0,train,test
TROLSBW128E0792A43,hole || celebrity skin,hole,1,train,train
TROLUHM128F4288317,the tony rich project || like a woman,the tony rich project,1,train,test
TROMDMC12903CE3041,craig morgan || international harvester,craig morgan,1,train,train
TROMEDO128F42BBAEE,kellie pickler || things that never cross a mans mind,kellie pickler,1,train,train
TROMFXQ128F92C59E3,jack the ripper || escape,jack the ripper,0,test,train
TROMGMU12903CBDF62,four year strong || this body pays the bill,four year strong,0,test,train
TROMPZF128F4276498,jomanda || got a love for you,jomanda,1,train,test
TROMSJP128F9315B25,chatham county line || paige,chatham county line,0,test,train
TROMUHN12903CB48FB,funkdoobiest || bow wow wow,funkdoobiest,1,train,train
TROMYEL12903CFB71A,abydos || a boy named fly,abydos,0,train,test
TROMZSY128F92F2F41,enya || the spirit of christmas past,enya,0,train,train
TRONBHE128F92D6309,katy perry || i kissed a girl,katy perry,1,train,train
TRONCDR128F42633F4,the pretty things || religions dead,the pretty things,0,train,test
TRONECT12903CD9F3B,das glow || phase iv,das glow,0,train,train
TRONFFR128F4283E53,aaliyah || at your best you are love,aaliyah,1,train,train
TRONHPC128F42884E1,donell jones || where i wanna be,donell jones,1,train,test
TRONNFS128F9304D7B,supreme majesty || die in a dream,supreme majesty,0,train,train
TRONZVK128F423F46A,james newton howard || my name is robert neville,james newton howard,0,test,train
TROOAOS128F429832D,bad religion || lost pilgrim,bad religion,0,train,train
TROOBOJ128F149B28E,sielun veljet || moskovan maailmanrodeo 2070,sielun veljet,0,train,test
TROOIKE128E0782597,soul ii soul || a dreams a dream,soul ii soul,1,train,train
TROOOIO128F1496AD9,black ghosts || face the little digitals remix,black ghosts,0,train,train
TROOVVJ128F4270617,babyface || every time i close my eyes,babyface,1,test,train
TROOZEH128F4255EBE,stars as eyes || the head of a dragon,stars as eyes,0,test,test
TROPBKG128F42596D3,speedstar || song for you,speedstar,0,train,train
TROPREP128F92FCE03,dashboard confessional || stolen,dashboard confessional,1,train,test
TROQCDM128F42AE358,sarah mclachlan || angel,sarah mclachlan,1,train,test
TROQJHL128F4235B87,birdman || love my hood,birdman,0,train,train
TROQJNR12903CE3073,craig morgan || thats what i love about sunday,craig morgan,1,train,train
TROQKWB128F1468E73,gilby clarke || pawnshop guitars,gilby clarke,0,test,train
TROQQLV128E078B15F,inner circle || not about romance,inner circle,1,train,test
TROREWN128F145FAA2,musiq || halfcrazy,musiq,1,test,train
TRORGHU128F931AD9B,eiffel 65 || blue da ba dee,eiffel 65,1,test,train
TRORISC128F421924E,the ruts || i aint sophisticated,the ruts,0,train,train
TRORLTF128F146DE1B,daft punk || around the world,daft punk,1,test,test
TRORXXO128F4260B6D,jay vaquer || nera,jay vaquer,0,train,train
TROSEPJ128F428EF40,the jeff healey band || lost in your eyes,the jeff healey band,1,train,test
TROSHOM12903CDA211,a place to bury strangers || smile when you smile,a place to bury strangers,0,test,test
TROSMJT128F42917CB,gabrielle || dreams,gabrielle,1,train,test
TROSOLU128F92FC52C,nosound || fading silently,nosound,0,test,train
TROSOML128F426E74E,saving abel || addicted,saving abel,1,test,train
TROSPTE12903CCCB19,empire of the sun || walking on a dream,empire of the sun,1,train,train
TROSPZM128F92F9EED,kelly clarkson || all i ever wanted,kelly clarkson,1,train,test
TROSRVH128F423245E,hombres g || que soy yo para ti,hombres g,0,train,train
TROSYQR12903CA55CC,peverelist ft pinch || revival,peverelist ft pinch,0,train,train
TROTBZP128F4292801,daryl hall john oates || dont hold back your love,daryl hall john oates,1,test,train
TROTGTA128F147753B,cathy dennis || just another dream,cathy dennis,1,train,train
TROTLOB128F1453462,hanson || i will come to you,hanson,1,train,train
TROTWJQ12903CAF8FC,california sunshine || vision,california sunshine,0,train,test
TROUGBV128F92C2176,brad paisley || im still a guy,brad paisley,1,train,train
TROULJR128F4265C81,firehouse || sleeping with you,firehouse,1,train,test
TROVCPH128F1489186,keith urban || i told you so,keith urban,1,train,train
TROVPAO128F42434EA,jaheim || put that woman first,jaheim,1,test,train
TROVYHS128F92E1593,les fils de teuhpu || folatre,les fils de teuhpu,0,train,train
TROWAUH128F4255352,herrenmagazin || lichter der stadt,herrenmagazin,0,train,train
TROWBAM128F146A41D,dangelo || devils pie,dangelo,0,train,train
TROWGKP128F4298E7A,keith urban || where the blacktop ends,keith urban,1,train,train
TROWZRD128E0794661,50 cent || outta control,50 cent,1,train,train
TROXEYH128F42278AB,mr scruff || champion nibble,mr scruff,0,train,train
TROXHLM128F4266510,blues traveler || hook,blues traveler,1,train,train
TROXWBT128F9305E67,brooks dunn || red dirt road,brooks dunn,1,test,train
TROXWIE128F92D1249,ladyhawke || dusk till dawn,ladyhawke,0,test,train
TROXXYE128F4267245,destinys child || say my name,destinys child,1,train,train
TROYBOL128F9350D1E,daughtry || september,daughtry,1,train,train
TROYDWD128F93576FE,arthur tracy || east of the sun,arthur tracy,0,train,test
TROYELE128F1495692,guy || lets chill,guy,1,train,test
TROYOWO12903CACF51,maxwell || pretty wings,maxwell,1,train,train
TROZERL128F92D2B0B,star fucking hipsters || zombie christ,star fucking hipsters,0,train,train
TROZMRF128F935232C,rattlesnake remedy || killing time,rattlesnake remedy,0,train,train
TROZRET128F1477619,beanie sigel || what ya life like,beanie sigel,0,train,train
TROZSJM128F427556C,complices || pa ti,complices,0,test,train
TROZSZF128F92E0A96,labelle || tears for the world,labelle,0,train,train
TRPAAWS128F92F4130,darius rucker || alright,darius rucker,1,train,train
TRPALZN12903CADB45,mr76ix || racial tension,mr76ix,0,train,test
TRPAVCK128E0781F47,the human league || heart like a wheel,the human league,1,train,train
TRPBAOQ12903D03F85,rupee || tempted to touch,rupee,1,test,train
TRPBHDM12903CBDB64,fourplay string quartet || my baby just cares for me,fourplay string quartet,0,train,train
TRPBHXZ128F4278929,selig || winter,selig,0,train,train
TRPBICL128F92F0D75,epileptics || what have you got to smile about,epileptics,0,train,train
TRPBJQI128F934B166,gwar || bloody mary,gwar,0,train,test
TRPBNQN128F429A71C,nine pound hammer || skin a buck,nine pound hammer,0,train,train
TRPBOHP128E078B74E,avenged sevenfold || bat country,avenged sevenfold,1,train,train
TRPBRWD128F9316946,taylor swift || our song,taylor swift,1,train,test
TRPBUXW128F4274FAB,masta ace incorporated || sittin on chrome,masta ace incorporated,1,train,train
TRPCBVF128F42752F2,tanzwut || die balz,tanzwut,0,train,train
TRPCFZV128F427427F,blue foundation || end of the day silence,blue foundation,0,test,test
TRPCLFW128F146AF9A,robert palmer || youre amazing,robert palmer,1,train,train
TRPCOCU128F428FB1E,the louvin brothers || freight train boogie,the louvin brothers,0,train,train
TRPCQIM128F932CC9F,montt mardie || pretenders,montt mardie,0,train,train
TRPCREB128F4262082,collin raye || anyone else,collin raye,1,train,test
TRPCZWR128F92F4129,darius rucker || history in the making,darius rucker,1,train,train
TRPDADB128F427263F,chris cornell || scar on the sky,chris cornell,0,train,train
TRPDFIE128F14A3026,mercedes sosa lucho gonzalez || el puente de los suspiros,mercedes sosa lucho gonzalez,0,train,test
TRPDGQJ128F427E144,envy other sins || talk to strangers,envy other sins,0,train,test
TRPDNTS128F426B261,nacho cano || la acera de calcuta,nacho cano,0,train,train
TRPDOGG128F42682D6,down to the bone || pure funk,down to the bone,0,train,test
TRPDTZK128F424D881,puddle of mudd || bottom,puddle of mudd,0,test,train
TRPDWFQ128F93347D0,jvox || sweetbaby,jvox,0,train,train
TRPDXIG12903CF4831,sugar ray || falls apart,sugar ray,1,train,test
TRPDZYZ128F426FBC9,jerry goldsmith || butterflies,jerry goldsmith,0,train,test
TRPEFDE128F429F1FF,aaron neville || cant stop my heart from loving you the rain song,aaron neville,1,train,train
TRPEKQB128F92CF404,dj spooky || conduit 24,dj spooky,0,train,train
TRPENME128F92E858C,tippa irie || dj friends,tippa irie,0,train,train
TRPERSJ12903D165FF,apurimac || latinoamerica,apurimac,0,train,train
TRPETRJ128F930FB03,david devant and his spirit wife || whatever turns you on,david devant and his spirit wife,0,test,train
TRPEWCY128F427AAF4,new found glory || my friends over you,new found glory,1,train,train
TRPEXXA128F93590AB,devin townsend || nerd alert,devin townsend,0,train,test
TRPFDRK12903CC5E43,new century classics || room three,new century classics,0,test,train
TRPFEXO12903CA7A95,lukie d || devoted,lukie d,0,train,train
TRPFLUM128F931DA63,the buff medways || archive from 1959,the buff medways,0,train,train
TRPFUKY128F9327C9D,a tribe called quest || find a way,a tribe called quest,1,train,train
TRPFWUU128F92FF2C4,squarepusher || my red hot car,squarepusher,0,train,test
TRPFZZP128EF354116,bassholes || basshole luv theme,bassholes,0,test,train
TRPGAWG128EF36266A,born jamericans || informa fe dead,born jamericans,0,train,train
TRPGBEE128F422ABDF,paul cardall || the noise,paul cardall,0,train,train
TRPGHUR128F930F559,pm dawn || looking through patient eyes,pm dawn,1,train,train
TRPGRBC128EF34014E,everything || hooch,everything,1,train,train
TRPGTLT128F42AF1F8,phil vassar || thats when i love you,phil vassar,1,test,train
TRPHBFH128F92F8FF0,aynsley lister || hurricane,aynsley lister,0,train,train
TRPHJPW128F4265A0D,wade hayes || someone had to teach you,wade hayes,0,train,train
TRPHKLU128F426404D,blackstreet || before i let you go,blackstreet,1,test,train
TRPHMPH128F426CE56,da brat featuring tyrese || whatchu like,da brat featuring tyrese,1,test,test
TRPHOBY128F9315BE0,american princes || kid incinerator,american princes,0,train,test
TRPHQFV128F9349B7D,stacie orrico || theres gotta be more to life,stacie orrico,1,train,train
TRPHVMV128F92FAC5A,lee ann womack || ones a couple,lee ann womack,0,train,train
TRPIELO128F933ACFE,enigma || beyond the invisible,enigma,1,train,train
TRPIRDS128F930917C,matthew sweet || sick of myself,matthew sweet,1,train,test
TRPISEA128F930BBF8,rosemarys sons || so alive,rosemarys sons,0,test,test
TRPIZGV128F9336A2D,beyonce featuring lady gaga || video phone,beyonce featuring lady gaga,1,train,train
TRPJJLO128F428CD0E,usher || u got it bad,usher,1,train,train
TRPJMAJ128F145BBFA,jon secada || do you believe in us,jon secada,1,test,train
TRPJSVD12903CF6720,saliva || always,saliva,1,test,train
TRPJUXK128F9322C71,taylor swift || untouchable,taylor swift,1,train,test
TRPJWEF128F9325E3A,erase errata || hotel suicide,erase errata,0,train,test
TRPJWLC128F422C73D,wolfchant || the axe_ the sword_ the wind and a wolf,wolfchant,0,train,train
TRPKBWQ128F14A03D5,atb || we belong,atb,0,train,test
TRPKHRD128F92E6039,maria mena || youre the only one,maria mena,1,test,train
TRPKMYO128F1460523,soulive || solid,soulive,0,train,train
TRPKOBX128F427D7BD,m83 || up,m83,0,train,train
TRPKUYR128F93543A4,the slits_ neneh cherry || in the beginning,the slits_ neneh cherry,0,test,train
TRPKXET128F92ED656,beyonce || ego,beyonce,1,train,train
TRPLBUH12903CA4332,solitude aeturnus || the fall,solitude aeturnus,0,train,train
TRPLKGM12903CFA317,cancer bats || trust no one,cancer bats,0,test,train
TRPLQEN128F428019D,stone cold steve austin || drink your beer,stone cold steve austin,0,test,train
TRPLTWX128F930F55D,pm dawn || set adrift on memory bliss,pm dawn,1,train,train
TRPLYPC128F14682DC,the bucketheads || the bomb these sounds fall into my mind,the bucketheads,1,train,train
TRPLZOA12903CDB768,spheric universe experience || neptunes revenge,spheric universe experience,0,train,test
TRPMBSE128F42870D5,george strait || youll be there,george strait,1,test,test
TRPMFVE128F92D9536,robin thicke lil wayne || tie my hands,robin thicke lil wayne,0,train,train
TRPMOVH128F932186F,modern skirts || face down,modern skirts,0,train,train
TRPMSAQ128F4288313,the tony rich project || nobody knows,the tony rich project,1,train,test
TRPMXFH128F9318EC3,martina mcbride || i just call you mine,martina mcbride,1,test,train
TRPNJKR12903CE5198,lmfao || im in miami trick,lmfao,1,train,test
TRPNPJT128F92F7FED,maxwell || bad habits,maxwell,1,train,train
TRPNXXH128F42975F3,usher || pop ya collar,usher,1,train,train
TRPNZQK128F1459EFC,panic at the disco || i write sins not tragedies,panic at the disco,1,test,test
TRPOFYW12903C9F5CF,natalia mallo || voce ja era,natalia mallo,0,test,train
TRPOJNO128F42AE435,shayne ward || thats my goal,shayne ward,0,train,test
TRPOLOJ128F92F0053,mos def || wahid,mos def,0,test,train
TRPONRJ128F931A7E2,i was totally destroying it || the ocean,i was totally destroying it,0,train,train
TRPORHV128F9322512,naughty by nature || opp,naughty by nature,1,train,train
TRPPDPF128F426BE0A,pale saints || halflife_ remembered,pale saints,0,train,train
TRPPEYG12903CC16C5,black debbath || the love song,black debbath,0,train,train
TRPPOYF128F93421C3,michael bolton || love is a wonderful thing,michael bolton,1,train,train
TRPPPFB128E07920B6,s club 7 || never had a dream come true,s club 7,1,train,train
TRPPSDY128F428B7BC,red aunts || netty,red aunts,0,train,train
TRPPXSV128F932B2AF,geoff muldaur || livin in the sunlight lovin in the moonlight,geoff muldaur,0,train,train
TRPRAED128F429CBD4,lifehouse || disarray,lifehouse,0,test,test
TRPRFZG128F429A1B2,50 cent || straight to the bank,50 cent,1,train,train
TRPRHDK128F9359896,bon jovi || we werent born to follow,bon jovi,1,train,train
TRPRHKF12903D02444,the skatoons || schkillz,the skatoons,0,train,train
TRPRMNT128E07860A8,dmx || whats my name,dmx,1,test,train
TRPRMOD128F92ED4AE,destinys child || girl,destinys child,1,train,train
TRPRQUF12903CBF587,gift of gab || in las vegas,gift of gab,0,train,train
TRPRUTY128E07865CE,orgy || blue monday optical vocal mix,orgy,0,train,test
TRPSCEW128F9329F43,decoded feedback || hyberia,decoded feedback,0,test,test
TRPSFCY128F92F5B73,bruce springsteen || girls in their summer clothes,bruce springsteen,1,test,train
TRPSFMW128F42AE12A,dixie chicks || not ready to make nice,dixie chicks,1,train,train
TRPSIQO128F4265FB8,ty herndon || hands of a working man,ty herndon,1,test,train
TRPTCMG128F42481F3,shinedown || second chance,shinedown,1,train,train
TRPTFJK128F145D1C0,steve wariner || two teardrops,steve wariner,1,train,train
TRPTFUD12903CCC096,lady antebellum || lookin for a good time,lady antebellum,1,train,train
TRPTOFG128F4253E07,giggles || what goes around comes around,giggles,1,test,train
TRPUBKO128F933CA62,kid rock || all summer long,kid rock,1,train,train
TRPUEFZ128F146269E,onyx || slam,onyx,1,test,test
TRPUIMQ12903CF370F,wig wam || a r n r girl like you,wig wam,0,train,train
TRPUIPT128F92D9B77,power pill fist || man ribbon,power pill fist,0,train,train
TRPUKLN128F1454B57,big youth || hell is for heroes,big youth,0,train,train
TRPUQVD128F421F64D,the four horsemen || drunk again,the four horsemen,0,train,train
TRPUVGN128F4241981,maria mckee || i cant make it alone,maria mckee,0,test,train
TRPUVIC128F42A68BC,just surrender || payback,just surrender,0,train,train
TRPUWCG128F145346D,hanson || this time around,hanson,1,train,train
TRPVADD128F92D5D38,jonas brothers || sos,jonas brothers,1,train,train
TRPVFFH128F4274684,passport || jungle song,passport,0,train,train
TRPVGFU128F426A577,cypress hill || boom biddy bye bye,cypress hill,1,train,train
TRPVHPU128E0793807,haddaway || what is love,haddaway,1,test,test
TRPVJZG128F4242DF8,toby keith || big blue note,toby keith,1,train,train
TRPVOKH128EF33FB07,cliff richard || higher ground 2007 digital remaster,cliff richard,0,train,train
TRPVQGU128F931ED7D,guns n roses || live and let die,guns n roses,1,train,train
TRPVXSC12903CCC66E,zombina and the skeletones || king of the ring,zombina and the skeletones,0,test,test
TRPWCBK128F42BA1B1,metallica || no leaf clover,metallica,1,train,test
TRPWDLH128F427E298,american hifi || dont wait for the sun,american hifi,0,train,train
TRPWEWO128F424F0D2,colbie caillat || dreams collide,colbie caillat,1,test,train
TRPWYWW128F422E08E,eazye || real muthaphuckkin gs,eazye,1,test,train
TRPXJGK128F14805AA,phil collins || something happened on the way to heaven,phil collins,1,train,train
TRPXNIP128F425DCF2,mogwai || take me somewhere nice,mogwai,0,train,test
TRPXOCV128F421480A,paulina rubio || perros,paulina rubio,0,train,train
TRPXQFJ128F9311129,gary go || heart and soul,gary go,0,train,train
TRPXSNV128F42AC723,kenny chesney || summertime,kenny chesney,1,train,test
TRPXWYU128F14539DA,green day || boulevard of broken dreams,green day,1,train,train
TRPYGUV128F92DAC9A,betul demir || uzak uzak,betul demir,0,test,train
TRPYIEB128F427E924,sukshinder shinda || kisa jat da,sukshinder shinda,0,train,train
TRPYZTR128F425F0B0,daughtry || home,daughtry,1,train,train
TRPYZWT12903CBD661,biz markie || ei ya,biz markie,0,train,train
TRPZBJN128F14ACF50,john powell || bobcat pretzel,john powell,0,train,train
TRPZEWS128F92F585E,billy currington || thats how country boys roll,billy currington,1,train,train
TRPZGLI128E078E9DD,barry white || practice what you preach,barry white,1,train,test
TRPZNJD128F93044E4,shabba ranks || lets get it on,shabba ranks,1,test,train
TRPZWPS128E078ED3F,limp bizkit || my way,limp bizkit,1,train,train
TRQABWL128F427A7B6,gabriella cilmi || echo beach,gabriella cilmi,0,train,test
TRQACWO12903CA0648,laura branigan || reverse pyschology lp version,laura branigan,0,test,train
TRQAMIP128F92E2229,egotrippi || varovasti nyt,egotrippi,0,test,train
TRQAVMW128F930316A,3rd bass || pop goes the weasel,3rd bass,1,test,train
TRQAXGH128F9333CE9,justin timberlake || cry me a river,justin timberlake,1,test,train
TRQBHPN128F4264A67,tito rojas || la gente dice,tito rojas,0,train,test
TRQBLJU12903CB97F4,gary allan || watching airplanes,gary allan,1,train,train
TRQBLTU128F145CA93,shannon mcnally || bitter blue,shannon mcnally,0,train,train
TRQBMKY128F427EB02,b2k featuring fabolous || badaboom,b2k featuring fabolous,1,test,train
TRQBNET128F1493163,ala dos namorados || pode ser que seja a saudade,ala dos namorados,0,train,train
TRQCDKU128F93085FD,jeff timmons || baby j,jeff timmons,0,test,train
TRQCHJY128F9311255,filter || god damn me,filter,0,train,train
TRQCLBL128F1458E0C,jellyfish || babys coming back,jellyfish,1,test,test
TRQCMCD128E078451A,scissor sisters || rock my spot crevice canyon,scissor sisters,0,train,test
TRQCZCO128F93420FA,company flow || population control feat ra the rugged man,company flow,0,test,train
TRQDGUN128F42765BB,ghost in the machine || redemption long hair mix,ghost in the machine,0,test,train
TRQDIMM128F427319B,the boo radleys || melodies for the deaf colours for the blind,the boo radleys,0,train,train
TRQDLMW128F92D4F29,jazmine sullivan || bust your windows,jazmine sullivan,1,train,train
TRQDQDM128E078FE59,dru hill || never make a promise,dru hill,1,train,test
TRQDUHL128F42682DC,go fish || please_ please like me parade album version,go fish,0,train,train
TRQEDWD12903CFECE8,warbringer || at the crack of doom,warbringer,0,train,train
TRQELBU128F14A928F,ativin || hidden track,ativin,0,train,train
TRQELLR128F424EACF,3 doors down || its not my time,3 doors down,1,train,train
TRQEZWR128F1492ABD,mary j blige john legend || king queen,mary j blige john legend,0,train,train
TRQFBHF128F931D709,mark broom || twenty nine,mark broom,0,train,train
TRQFCMK128F425CB94,relient k || be my escape,relient k,1,train,train
TRQFMVZ128EF35713E,nevada tan || himmel hilf,nevada tan,0,test,train
TRQFMYW12903CABF59,midi lidi || lednice,midi lidi,0,train,train
TRQFRUA12903CDB3CA,umek || combine fragments,umek,0,train,train
TRQFTMR128F931FB00,demi lovato || dont forget,demi lovato,1,train,test
TRQFXDA128F934ADB7,the black lips || jumpin around,the black lips,0,train,test
TRQFZAB128F145AF50,vixen || it wouldnt be love,vixen,0,train,train
TRQGEFB12903CCDAA1,usher || there goes my baby,usher,1,train,train
TRQGKNN128F92EEEEE,raudive || christmas tree,raudive,0,train,train
TRQGKUD128F9305F42,lupe fiasco || kick push,lupe fiasco,1,train,train
TRQHEGS128E0786C55,madonna || nothing really matters,madonna,1,test,train
TRQHEPZ128F9329001,lenny kravitz || believe,lenny kravitz,1,train,train
TRQHIEB128F93069C1,ruth notman || lark in the clear air,ruth notman,0,train,train
TRQHLHS12903CBA62E,anthony blea y su charanga || las cosas de mi china,anthony blea y su charanga,0,test,train
TRQHTPZ128F4269424,small jackets || teil me baby,small jackets,0,train,train
TRQIANB128F9308AAD,kourosh zolani || dandelions,kourosh zolani,0,test,test
TRQIBNM128F92CDE9B,inon zur || guardians,inon zur,0,train,train
TRQICGN128F149BF92,the youngbloods || thats how strong my love is,the youngbloods,0,train,test
TRQICIZ128F93139DB,marco polo torae || word play,marco polo torae,0,test,test
TRQICVT128F9346F4D,whitney houston || million dollar bill,whitney houston,1,train,train
TRQILNX128F92E7CC6,robbie dupree || goodbye to la,robbie dupree,0,train,train
TRQIULA128F4281936,arcade fire || my heart is an apple,arcade fire,0,test,train
TRQIZVH128F428075C,gretchen wilson || redneck woman,gretchen wilson,1,train,train
TRQJHJF128F1488BC3,paula abdul || my love is for real,paula abdul,1,train,train
TRQJJOT128F4243058,andre herman dune || everyday bliss,andre herman dune,0,train,train
TRQJLFE12903CFD7B6,les claypool || red state girl,les claypool,0,train,test
TRQJPQJ128F1475043,caesars || youre my favourite,caesars,0,train,train
TRQKATK128F4239049,the queers || psycho over you,the queers,0,train,test
TRQKBPR128F930AC18,pearl jam || i am mine,pearl jam,1,train,train
TRQKFQW128F42BC5A1,lonestar || lets be us again,lonestar,1,train,train
TRQKIHD128E0787C8C,lotte ohm || gluhende asche im auge,lotte ohm,0,train,train
TRQKMFE128F42899C5,divokej bill || bagdad,divokej bill,0,train,train
TRQKQQD128F934B4C9,2002 || soul doors,2002,0,test,train
TRQKVBI128F146A507,clay davidson || unconditional,clay davidson,1,train,train
TRQLDTJ128F146E3E7,nine inch nails || only,nine inch nails,1,train,train
TRQLIAY128F92ED753,david cook || permanent,david cook,1,train,test
TRQLJUE128EF3569FB,black label society || nothings the same,black label society,0,test,train
TRQLLGX128F92FB067,accuface || the ride,accuface,0,train,test
TRQLLTH12903CE5701,oro solido || baila que goza,oro solido,0,test,test
TRQLMRA128F4236F57,avail || east on main,avail,0,train,test
TRQLNXM128F934413B,meaghan smith || drifted apart,meaghan smith,0,train,train
TRQLPWU128F42B9FE4,compulsion || basketcase,compulsion,0,train,train
TRQLXVP128F933F48A,louis armstrong || old man mose,louis armstrong,0,train,test
TRQMDHI12903CBF257,keith washington || ready_ willing and able,keith washington,0,test,test
TRQMHEK128F14958FF,bell biv devoe || when will i see you smile again,bell biv devoe,1,train,train
TRQMLBW128F92F310E,incognito || people at the top,incognito,0,train,train
TRQMQPH128F1476016,glenn tipton || cruise control remastered lp version,glenn tipton,0,train,train
TRQNDYJ128F42BC59D,lonestar || not a day goes by,lonestar,1,train,train
TRQNKNZ128E0786265,ll cool j || doin it,ll cool j,1,train,train
TRQNVMR128EF3441D8,vangelis || el greco movement viii,vangelis,0,train,train
TRQNXGZ128F93300BC,kathy troccoli || your grace,kathy troccoli,0,test,test
TRQNYMU12903CE3090,jason aldean || johnny cash,jason aldean,1,train,train
TRQOKXQ128F9343076,kris kross || warm it up,kris kross,1,test,train
TRQOTUS128EF351C48,attack in black || cut and run,attack in black,0,train,train
TRQOUMO128F9324F05,glenn lewis || dont you forget it,glenn lewis,1,train,train
TRQOVBU12903CFD582,boy eats drum machine || 70 miles an hour,boy eats drum machine,0,train,train
TRQOXRL128F930D94A,the june spirit || waiting for blue,the june spirit,0,train,test
TRQPHQJ128F1477665,tears for fears || break it down again,tears for fears,1,test,train
TRQPLHV128E0786D3B,billie ray martin || your loving arms,billie ray martin,1,train,train
TRQPSBI128F14AFB5A,gabriel gordon || the sea,gabriel gordon,0,train,train
TRQPUTX128F4262438,billy gilman || oklahoma,billy gilman,1,train,test
TRQPVSP128F92E6DCC,boyz ii men || 4 seasons of loneliness,boyz ii men,1,train,train
TRQPVZR128EF35F409,the chemical brothers || setting sun,the chemical brothers,1,train,test
TRQQBDA12903C95247,susumu yokota || sakashima,susumu yokota,0,train,train
TRQQDWX128F42727EA,buddy jewell || help pour out the rain laceys song,buddy jewell,1,train,train
TRQQEKK128F9337CDE,kill memory crash || battery,kill memory crash,0,train,train
TRQQGFL128E079225B,eagleeye cherry || the strange,eagleeye cherry,0,train,train
TRQQGUU128F9304FB8,tubelord || your bed is kind of frightening,tubelord,0,train,train
TRQQMDB128F92CD571,john foxx harold budd || stepping sideways,john foxx harold budd,0,train,train
TRQQMGL128F92DEDD0,test your reflex || i know youre lonely,test your reflex,0,test,train
TRQQOFJ128E078B595,sandra de sa || nao posso,sandra de sa,0,train,train
TRQQOJF128F42BC5A3,lonestar || mr mom,lonestar,1,train,train
TRQRBJK12903CCC08F,lady antebellum || american honey,lady antebellum,1,train,train
TRQRBVQ128F425C954,aura noir || merciless,aura noir,0,train,train
TRQRHKG128F931BB56,barenaked ladies || its all been done,barenaked ladies,1,train,train
TRQRHUG128F14A8949,sugarland || settlin,sugarland,1,train,train
TRQRVEV128F14750C5,emma bunton || sunshine on a rainy day,emma bunton,0,train,train
TRQSGEL128F4242DFC,toby keith || a little too late,toby keith,1,train,train
TRQSJFT128F932E489,boyracer || the second fiddle,boyracer,0,test,train
TRQSPPS128F4284B6C,kenny chesney || big star,kenny chesney,1,test,test
TRQSYEE128F147CC5D,metallica || enter sandman,metallica,1,train,test
TRQTAMO128F92E7AB9,arthur russell || the platform on the ocean,arthur russell,0,train,train
TRQTFUV128F426BFC7,billy currington || must be doin somethin right,billy currington,1,train,train
TRQTLVU128F9349BE6,dock boggs || i hope i live a few more days,dock boggs,0,train,train
TRQUEFP12903CFE0F2,fluke || joni,fluke,0,test,train
TRQUFCS12903CD708A,la polla records || gladiadores tv,la polla records,0,train,train
TRQUOEK128F14956D8,eric b rakim || know the ledge,eric b rakim,0,train,test
TRQUQHQ128F425D8A3,ferras || hollywoods not america,ferras,1,train,test
TRQUQXM128F92D2BFF,pompeii || pillars,pompeii,0,test,train
TRQUSUF128F424A022,neyo || go on girl,neyo,1,test,train
TRQUTDV128F4248299,patton oswalt || stella dororobert evansthe sadness ends,patton oswalt,0,train,train
TRQUXXW128EF35A03D,the mint chicks || walking off a cliff again,the mint chicks,0,train,train
TRQVHQT128F4289B71,the grid || swamp thing,the grid,0,test,test
TRQVYQI128F930BA52,the cooper temple clause || into my arms,the cooper temple clause,0,train,train
TRQWDLC128F93278E5,lauryn hill || exfactor,lauryn hill,1,train,train
TRQWMCA128F4289B4D,the lovetones || stars,the lovetones,0,test,test
TRQWRYZ12903D0B763,dru hill || were not making love no more,dru hill,1,train,test
TRQWSDB128F42661A4,the chinese stars || panic in the population,the chinese stars,0,test,train
TRQWSHP128F932D5BD,ec8or || ill give it to you,ec8or,0,test,train
TRQWSSA128F4288388,phil vassar || sixpack summer,phil vassar,1,train,train
TRQXDKI128F92F8286,ottavo padiglione || psikopatika,ottavo padiglione,0,train,train
TRQXGCG128F14A7919,direct || break us in two,direct,0,train,train
TRQXNIT128F424685F,dark at dawn || glorious duty,dark at dawn,0,test,train
TRQXOVD128F93395D3,new monsoon || the sound,new monsoon,0,train,train
TRQXQVR128F92E142A,george lamond || look into my eyes,george lamond,1,train,train
TRQYHTE128F42AE000,anthony hamilton || cant let go,anthony hamilton,1,train,test
TRQYLBP128F42622AE,joe diffie || the quittin kind,joe diffie,1,test,train
TRQYLJG128E078894F,the smashing pumpkins || perfect,the smashing pumpkins,1,test,train
TRQYMJS128F421C978,the dodos || jody,the dodos,0,train,test
TRQYPET128E07919C1,edie brickell || good times,edie brickell,1,train,train
TRQZJPG128F149BA70,secondhand serenade || vulnerable,secondhand serenade,1,train,train
TRQZODO12903CFCD9D,judge jules || judgement theme,judge jules,0,train,test
TRQZZCN12903CA5E89,peasant || well alright,peasant,0,test,train
TRRAEJH128E0781B75,everclear || heartspark dollarsign,everclear,1,train,train
TRRAFBF128F931ADEF,blue roses || i am leaving,blue roses,0,train,test
TRRAPMN128F92D1C9A,bad joke || a bout portant,bad joke,0,train,train
TRRBBSR128F9343EE6,organized konfusion || questions,organized konfusion,0,train,train
TRRBEXO128F42552D4,the plasmatics || lies,the plasmatics,0,train,test
TRRBKIW128F147CDCC,heather small || private glory,heather small,0,train,train
TRRBMUH128F92F3F4F,bob azzam || batucada por favor,bob azzam,0,train,train
TRRCHWJ128F4257FF3,clouds forming crowns || collapsing the first string,clouds forming crowns,0,train,train
TRRCINS12903CE2FE0,craig morgan || i got you,craig morgan,1,train,train
TRRCOLK128F92FA0B9,beth nielsen chapman || ave maria,beth nielsen chapman,0,train,train
TRRCQVR128F4216C37,descendents || i quit,descendents,0,test,test
TRRCRDH128F92FD3F7,le click || tonight is the night,le click,1,train,train
TRRCWHK128F422B6E5,mothers finest || funk a while,mothers finest,0,train,train
TRRCYTK128F4281B1B,sufjan stevens || to be alone with you,sufjan stevens,0,train,train
TRRDSSG12903CB4859,the alter boys || autoerotica,the alter boys,0,test,test
TRREBWT128F422B969,bobby brown || humpin around,bobby brown,1,test,train
TRREGOC128F1454960,talib kweli || get by,talib kweli,1,train,train
TRREHBM12903C955E1,volcano || pulling my face in and out of distortion_ i blink too much,volcano,0,train,train
TRREIGS128F92C260E,miranda lambert || famous in a small town,miranda lambert,1,train,train
TRRESIG128F92EE4DE,admiral tibet || not for you_ not for me,admiral tibet,0,test,train
TRRESPX128F1456CC5,mary j blige || everything,mary j blige,1,train,train
TRREWVB128F4263E44,public enemy || give it up,public enemy,1,train,train
TRREYNG128F4278185,freddie hart || snatch it and grab it,freddie hart,0,test,test
TRRFVLB12903CC34B7,funky green dogs || fired up,funky green dogs,1,train,train
TRRFZKS12903D053F9,martika || love thy will be done,martika,1,test,test
TRRGDYO12903CF043A,flying saucer attack || wish,flying saucer attack,0,test,train
TRRGUUT128F4293B46,ektomorf || from far away,ektomorf,0,train,test
TRRGZTI128F4255806,j holiday || suffocate,j holiday,1,test,train
TRRHGPM128F429D821,full scale || download the destruction,full scale,0,train,train
TRRHPEO128F4241515,the cardinal sin || eyeopener,the cardinal sin,0,train,train
TRRHPNQ128EF35DF46,bruno sanfilippo || the sacred gift,bruno sanfilippo,0,train,train
TRRHZHZ12903CE6A70,demi lovato || here we go again,demi lovato,1,train,test
TRRINEW128F14A3B56,joss stone || tell me bout it,joss stone,1,train,train
TRRIRVA12903CDB4A6,gordian knot || muttersprache,gordian knot,0,test,train
TRRISKY128EF3434F1,beck || epro,beck,1,train,train
TRRIUNR12903D031F5,captain ahab || covered in monkeys,captain ahab,0,train,train
TRRJAYR12903CA0690,dj harry || aquarium man,dj harry,0,train,train
TRRJHBQ128F429525B,jet || are you gonna be my girl,jet,1,train,test
TRRJUQY128F92D80EA,kill the client || liberty or death,kill the client,0,train,train
TRRKAXI12903CC7D01,indidginus || spiritual spearmints,indidginus,0,test,train
TRRKLJZ12903CB00DB,smokie || o little town of bethlehem,smokie,0,test,test
TRRKQER12903D0764C,we are the ocean || are you proud of me now,we are the ocean,0,test,train
TRRKQFD12903D01718,calvin richardson || youre welcome_ stop on by,calvin richardson,0,train,train
TRRLAFU128F92CA994,tesla || what you give,tesla,1,test,test
TRRLFIN128EF34360F,avant || 4 minutes,avant,1,test,train
TRRLJEO128F92F249D,bo kaspers orkester || en man du tyckte om,bo kaspers orkester,0,train,train
TRRLJZG128F1495BA6,johnny gill || the floor,johnny gill,1,train,test
TRRLKWH12903CE17BA,ray j || lets play house,ray j,0,train,test
TRRLMOZ128F92E6814,kristin chenoweth || christmas island,kristin chenoweth,0,train,train
TRRLSJD128F42BBDC1,clipse || we got it for cheap intro,clipse,0,train,train
TRRLWOV128F9335F07,nouvelle || dock of the bay,nouvelle,0,test,test
TRRLXGR128F4267649,nas || i can,nas,1,train,train
TRRLXIW128F424846B,throw rag || johnny,throw rag,0,train,test
TRRMBGI128F9339859,hawkwind || sputnik stan,hawkwind,0,test,test
TRRMBRF128F4259D6B,razed in black || control leather strip mix,razed in black,0,train,test
TRRMOUK128F4281975,basia bulat || birds of paradise,basia bulat,0,train,train
TRRMSAB128F934BC3D,enya || caribbean blue,enya,1,test,train
TRRMXXY128F931E60A,ralphi rosario || an instrumental need,ralphi rosario,0,train,train
TRRMYPD128F1458531,paula abdul || blowing kisses in the wind,paula abdul,1,train,train
TRRNLDR128F148D454,sisqo || thong song,sisqo,1,train,test
TRRNQNR128F42583D4,korn || coming undone,korn,1,train,train
TRRNYKV128F149521C,billy idol || la woman,billy idol,1,train,train
TRRODGF128F9305163,banco de gaia || b2,banco de gaia,0,train,test
TRRPFRW128F4285A26,tom ze || curiosidade,tom ze,0,train,train
TRRPHRU128EF3570D0,gary allan || best i ever had,gary allan,1,test,train
TRRPMKN128F1455AE9,mano negra || when good is one bad theyre ten,mano negra,0,test,test
TRRPNKO128E0783E88,nelly || flap your wings,nelly,1,train,train
TRRPVMH128F424A4CF,defeated sanity || prelude to the tragedy,defeated sanity,0,train,test
TRRQBZY128F4254958,chumbawamba || tubthumping,chumbawamba,1,train,train
TRRQDSX128F145410E,todd barry || couples who agree,todd barry,0,train,train
TRRQIQG128F14B12D9,disturbed || breathe,disturbed,0,train,test
TRRQNJO128F146B60B,jean michel jarre || last rendezvous,jean michel jarre,0,train,train
TRRQPQQ128F148B133,element eighty || goodbye,element eighty,0,test,train
TRRQXRH128F149113C,john mellencamp || human wheels,john mellencamp,1,train,train
TRRREST128F92CAC38,flobots || handlebars,flobots,1,train,train
TRRRLAI128F1483268,lionel richie || im missing her,lionel richie,0,train,train
TRRRLGS128F428CCE3,outkast || atliens,outkast,1,train,train
TRRRPMZ128F931B292,miriodor || talrika,miriodor,0,test,train
TRRRYAG12903CE442D,everything at once || streetlife headlights bonus track,everything at once,0,train,test
TRRSBSK128F4264BB4,g love special sauce || some peoples like that,g love special sauce,0,train,test
TRRSCIC128F92CC95B,jonas brothers || lovebug,jonas brothers,1,train,train
TRRSCMJ128F92DC388,brian tyler || eagle eye end title,brian tyler,0,train,test
TRRSGAK128E0786BAE,garbage || push it,garbage,1,test,train
TRRSIYM12903CDD141,insect warfare || evolved into obliteration,insect warfare,0,train,train
TRRSKRE128F92CA523,ace of base || dont turn around,ace of base,1,train,test
TRRSPDI128F934445E,absoluuttinen nollapiste || olen pahoillani,absoluuttinen nollapiste,0,train,test
TRRSPIS128C71962D2,blink182 || all the small things,blink182,1,train,train
TRRSYOF128F935408F,the comedian harmonists || tea for two,the comedian harmonists,0,test,train
TRRSZCO128F4270273,orgy || blue monday,orgy,1,train,test
TRRSZHL128F4236288,sonora carruseles || amor mexicano,sonora carruseles,0,train,test
TRRUFGY128F42886F3,wedding present || red shoes by the drugstore,wedding present,0,train,train
TRRULCS128E078B893,ry cooder || los chucos suaves,ry cooder,0,train,test
TRRUOVU128F4277722,hooligans || menj tovabb,hooligans,0,train,train
TRRUUIS128E078D76F,brandy || have you ever,brandy,1,test,train
TRRUVLO128F92DE6F7,la roux || bulletproof,la roux,1,train,train
TRRUVON128F4273D8E,ofunkillo || cara escombro el hombre roncha,ofunkillo,0,train,train
TRRUYDF128F4262E55,groove theory || keep tryin,groove theory,1,train,test
TRRVASR128F14567C5,tom petty and the heartbreakers || into the great wide open,tom petty and the heartbreakers,1,train,train
TRRVCWA12903CE814E,trentemoller || sycamore feeling thomas schumacher remix,trentemoller,0,train,train
TRRVJCK12903CD2DCB,justin bieber || u smile,justin bieber,1,train,train
TRRVNEK128F148B076,styx || love is the ritual,styx,1,train,test
TRRWDHQ128F9331896,tic tac toe || furz,tic tac toe,0,train,train
TRRWOGO128F428E2EC,brad paisley || celebrity,brad paisley,1,train,train
TRRXAZO128F934B093,supershine || kingdom come,supershine,0,train,train
TRRXENN128E078A4A0,keyshia cole || love,keyshia cole,1,train,train
TRRXKMS128F147BFF2,harold budd || niki d,harold budd,0,test,test
TRRXRAB128F930D84B,scumbucket || breeze,scumbucket,0,test,train
TRRXTKV128EF3570CB,gary allan || a feelin like that,gary allan,1,train,train
TRRXXFR128F429BA0D,wrinkle neck mules || big dipper,wrinkle neck mules,0,train,test
TRRXZWF12903CE3047,craig morgan || tough,craig morgan,1,train,train
TRRYACF128F428E1C9,transglobal underground || bullet train,transglobal underground,0,train,train
TRRYGHU128F42768C6,vinicio capossela || solo per me,vinicio capossela,0,train,train
TRRYLSW128F426BD67,nickelback || figured you out,nickelback,1,train,test
TRRYMEW128F426FDB7,brian tyler || second opinion,brian tyler,0,train,test
TRRYNPY128F9349D10,bireli lagrene || daphne version courte,bireli lagrene,0,test,train
TRRYOVF128E078B112,adam sandler || pickin daisies,adam sandler,0,train,train
TRRYRQG128F4262524,evan and jaron || crazy for this girl,evan and jaron,1,test,train
TRRYXJG128F4277734,faith no more || epic,faith no more,1,train,train
TRRYZSU128F145FCF2,smokey robinson the miracles || you cant let the boy overpower the man in you,smokey robinson the miracles,0,test,test
TRRZBAH128F427E8E6,deyampert || i want you to know me feat desney bailey,deyampert,0,train,test
TRRZBVB128F42BB675,dany brillant || ay mourir pour toi,dany brillant,0,test,train
TRRZFBS128F145C465,training for utopia || tennessee midget,training for utopia,0,test,train
TRRZMLD128F14A927A,the panoply academy || nocturnally yours,the panoply academy,0,train,train
TRRZSBO128F428BE44,usher || nice slow,usher,1,train,train
TRSAAJY128E0799698,faith hill || the lucky one,faith hill,1,train,train
TRSAASB128F9321993,2pac || so many tears,2pac,1,train,train
TRSAFXB12903CB7437,chico debarge || medication interlude,chico debarge,0,test,test
TRSAGJB128F4227B9D,danity kane || sleep on it,danity kane,1,train,train
TRSAIPX128F9336A0A,adam lambert || for your entertainment,adam lambert,1,test,train
TRSAKRH128F4247F79,mint condition || breakin my heart pretty brown eyes,mint condition,1,test,train
TRSAKYI12903CD6027,christmas island || weird you out,christmas island,0,train,train
TRSBBOA128F145B794,blind melon || no rain,blind melon,1,train,train
TRSBCEX128F426EF9D,ginuwine || differences,ginuwine,1,train,train
TRSBLEG128F424AF91,jacob fred jazz odyssey || santiago lends a hand,jacob fred jazz odyssey,0,train,train
TRSBNBH128F426404E,blackstreet || joy,blackstreet,1,test,train
TRSBNOL128F935A636,erik og kriss || anmeldelsen,erik og kriss,0,test,test
TRSBRCR128F145E702,richie sambora || ballad of youth,richie sambora,1,train,train
TRSCAMK128F93234B0,hannah montana || lets get crazy,hannah montana,1,test,train
TRSCEPO128F4275E89,molesta || pku patrz komu ufasz,molesta,0,train,train
TRSCMSE128F4215095,sinead oconnor || you made me the thief of your heart,sinead oconnor,0,test,train
TRSCNGW12903CE91EB,frightened rabbit || footshooter,frightened rabbit,0,test,train
TRSCUDL128F92D6019,current 93 bonnie prince billy || idumea vocals bonnie prince billy,current 93 bonnie prince billy,0,test,train
TRSCWOW12903CC3475,beth nielsen chapman || all the time in the world lp version,beth nielsen chapman,0,train,train
TRSDGOH12903CCAB60,nicolas makelberge || if you knew,nicolas makelberge,0,train,train
TRSDHZY128F42B91E7,the killers || mr brightside,the killers,1,train,train
TRSDRFU128F92C93A8,eddie money || fall in love again,eddie money,1,test,train
TRSDRZS128F145852E,paula abdul || vibeology,paula abdul,1,train,train
TRSDVNE128F428EBAE,rick astley || cry for help,rick astley,1,train,test
TRSDWJQ128F148043B,the futureheads || face acoustic version,the futureheads,0,train,train
TRSDXAX128F1456CCB,mary j blige || give me you,mary j blige,1,test,train
TRSEFJK12903CCC363,logistics || winter blues,logistics,0,train,train
TRSEOGG128F427AB68,room eleven || what will it be,room eleven,0,test,test
TRSEOPL128F92F10FD,alternative tv || unlikely star,alternative tv,0,train,train
TRSFAJV128F92CF79E,reverend horton heat || big sky,reverend horton heat,0,train,train
TRSFCLU128C719691A,u2 || mysterious ways,u2,1,train,test
TRSFLKL128F4280644,joe jackson || hell of a town,joe jackson,0,train,train
TRSFNJM128F428F1FC,stefon harris || the mystic messenger,stefon harris,0,test,train
TRSFNQZ128F422F1EC,action action || the short weekend begins with longing,action action,0,train,train
TRSFTTB128F426E6AC,liars || red dirt,liars,0,train,test
TRSFUSO12903CA45E1,jah cure || dung in deh,jah cure,0,test,test
TRSFZUW128F42506D2,the white stripes || seven nation army,the white stripes,1,train,train
TRSGAGR128F92F9973,alix perez ft foreign beggars || the cut deepens,alix perez ft foreign beggars,0,train,train
TRSGGHQ128F42AF430,ruben studdard || one side,ruben studdard,0,train,train
TRSGJOX12903D0C3A6,flying lotus || satelllliiiiiiiteee,flying lotus,0,test,train
TRSGMYK128F42ACE11,michael jackson || stranger in moscow,michael jackson,1,train,train
TRSGOJS128F422567A,cadena perpetua || desde el infierno,cadena perpetua,0,train,train
TRSGYQR128F423A686,jaheim || ive changed feat keyshia cole amended album version,jaheim,0,test,train
TRSHRQD128F14AAFDD,korn || twisted transistor,korn,1,test,train
TRSHUQM128F4274684,april march || mon petit cowboy,april march,0,train,train
TRSIGRM128F428603B,brazilian girls || linterprete,brazilian girls,0,train,train
TRSILLP128F429BA53,taraf de haidouks || lezghinka,taraf de haidouks,0,train,train
TRSILRM128F42B50BC,skeelo || i wish,skeelo,1,train,test
TRSIPGY128F933E1B6,trisomie 21 || hear me now remix t21 version,trisomie 21,0,train,train
TRSITDT128F428AAC2,locust || recyclable body fluids in human form,locust,0,train,test
TRSJBPV12903CB8C4C,ulver || porn piece or the scars of cold kisses,ulver,0,test,train
TRSJBSU128F426FF31,firehouse || when i look into your eyes,firehouse,1,train,test
TRSJBTI128F42AEE03,youngbloodz || presidential,youngbloodz,1,test,train
TRSJFWJ128F92DD764,eskimo joe || sinners and saints,eskimo joe,0,train,train
TRSJGXS128F42430AA,six finger satellite || last transmission album,six finger satellite,0,train,train
TRSJKTN128F932CDC3,lake trout || mine,lake trout,0,train,train
TRSJSRS128F42A0E8A,amerie || why dont we fall in love,amerie,1,train,train
TRSJWVO128F427EE7C,norman brown || i need you,norman brown,0,test,test
TRSKOLD128E078F4BA,new edition || im still in love with you,new edition,1,train,train
TRSLHZY128F425A02F,george michael || too funky,george michael,1,train,train
TRSLIIV128F42880F3,del mccoury || whose shoulder will you cry on,del mccoury,0,train,train
TRSLKFP128EF341D1B,snoop dogg || lets get blown,snoop dogg,1,train,train
TRSLNTJ128F9321F46,deep purple || woman from tokyo,deep purple,0,train,test
TRSLOXT128F428F202,keith urban || who wouldnt wanna be me,keith urban,1,train,train
TRSLVSY128F1463424,del amitri || always the last to know,del amitri,1,train,train
TRSMAPM128E078FB5A,chico debarge || give you what you want fa sure,chico debarge,1,train,test
TRSMKIN12903CD927F,martin denny || soshu night serenade,martin denny,0,train,train
TRSMQEG128F92EDA67,tracy chapman || heavens here on earth lp version,tracy chapman,0,train,train
TRSMUBZ128F9335659,gwen stefani || cool,gwen stefani,1,test,train
TRSMUVJ128F4269EE4,steel prophet || rain walker,steel prophet,0,test,test
TRSMXAB128E078F394,eminem || ass like that,eminem,1,train,train
TRSNEZC128F4259DE7,bertine zetlitz || let armies loose,bertine zetlitz,0,train,test
TRSNGTO12903CAA0FF,kerrs pink || sank fra skogen song from the wildness,kerrs pink,0,train,train
TRSNZCR128F146F8B4,ima robot || philosophofee,ima robot,0,test,train
TRSNZYQ128F42BC830,jars of clay || fly,jars of clay,0,test,train
TRSODRO128F1491146,lionel richie || zoomin,lionel richie,0,train,train
TRSOIYW128F93023F0,inkubus sukkubus || smile of torment,inkubus sukkubus,0,train,train
TRSOLOA12903D123A4,emily jane white || stairs,emily jane white,0,test,test
TRSPBVB128F422D6FD,dizzy gillespie charlie parker || a night in tunisia,dizzy gillespie charlie parker,0,train,train
TRSPRHV128F93312C4,made in sweden || give me whiskey,made in sweden,0,train,train
TRSQDLG128F9305F46,krsone || step into a world raptures delight,krsone,1,train,train
TRSQXRT128F14919A0,crystal waters || say if you feel alright,crystal waters,1,train,train
TRSRGAV128F14712FC,big rich || comin to your city,big rich,1,test,train
TRSROYQ128F4289C4A,born jamericans || boom shak atack,born jamericans,1,train,train
TRSRVAK128F4282ECA,blue october || into the ocean,blue october,1,train,train
TRSRXBC128F92CDB0A,randy houser || boots on,randy houser,1,train,train
TRSSFVY12903CEC2E3,kim waters || a love like this,kim waters,0,test,train
TRSSHGF128F42BC645,aaron carter || aarons party come get it,aaron carter,1,train,test
TRSSKZF128F9308436,red astaire || follow me,red astaire,0,test,test
TRSSOXS12903CC52F0,tevin campbell || strawberry letter 23,tevin campbell,1,train,train
TRSSSFZ12903C95935,bethany dillon || the way i come to you,bethany dillon,0,train,train
TRSSZGF128F42910AF,londonbeat || ive been thinking about you,londonbeat,1,train,train
TRSTWBV128F9300379,squarepusher || papalon,squarepusher,0,test,test
TRSTYSP128F427F0B1,montgomery gentry || gone,montgomery gentry,1,train,train
TRSUDTE128F42A640B,chingo bling w mistah fab and fabo of d4l || do the lasso wmistah fab fabo of d4l amended album version,chingo bling w mistah fab and fabo of d4l,0,train,train
TRSUEQR128F42367AE,dave eggar || breathe,dave eggar,0,test,train
TRSUFMC128F9301DD6,andrae crouch || until jesus comes,andrae crouch,0,train,train
TRSUMTP12903CDB90D,pokolgep || dolgozik a ver,pokolgep,0,test,train
TRSUNUI128F92E6576,311 || get down,311,0,train,train
TRSUOXA128F933CE40,the black crowes || hard to handle,the black crowes,1,train,test
TRSVEWJ12903CFC94D,fused forces || henry,fused forces,0,train,train
TRSVFQZ128F42AB33A,screamfeeder || numb,screamfeeder,0,test,train
TRSVHKR128F42583D3,maya saban || ein perfektes leben 8 spur mix,maya saban,0,test,train
TRSVLUV128F4263540,bad english || straight to your heart,bad english,1,train,test
TRSVOUL128F426D423,diamond head || this planet and me,diamond head,0,train,train
TRSVPZR128F4252653,janet jackson || i want you,janet jackson,1,test,test
TRSVTOC128F932586C,marnie stern || prime,marnie stern,0,train,train
TRSVURQ128F425B9AB,three days grace || just like you,three days grace,1,train,train
TRSWJTW128F4243A9E,bjorn berge || hell of a party,bjorn berge,0,train,train
TRSWTQQ128F92E6DDC,boyz ii men || vibin,boyz ii men,1,train,train
TRSWXGS128F93487E7,la coka nostra || the stain,la coka nostra,0,train,test
TRSXDBQ12903CE6A6E,zug izland || sunny day,zug izland,0,test,train
TRSXLOE128F9336834,gabby glaser || shakedown,gabby glaser,0,test,train
TRSXYXC128F92E4CCB,threshold || virtual isolation,threshold,0,train,train
TRSXZIQ128F93394F7,chris su || consciousness,chris su,0,test,test
TRSYDVL128F42911C0,alan jackson || when somebody loves you,alan jackson,1,train,test
TRSYESN128F9321289,saving jane || girl next door,saving jane,1,train,train
TRSYFAU12903CBE0AE,laura marling || what he wrote,laura marling,0,train,train
TRSYFWL128F42AC944,plain white ts || our time now,plain white ts,1,train,train
TRSYNRW128F92DFFD1,pnk || so what,pnk,1,train,test
TRSYQXF128F4261D3F,dixie chicks || ready to run,dixie chicks,1,train,train
TRSYSBV128F42278BA,skalpel feat yarah bravo || voice of reason,skalpel feat yarah bravo,0,train,train
TRSYUUW128F4296C17,lonestar || walking in memphis,lonestar,1,train,train
TRSYXMY128E078E807,aaron hall || i miss you,aaron hall,1,train,train
TRSZBOP12903D0081F,high tone || freakency,high tone,0,train,train
TRSZNIY128F14A437E,shania twain || man i feel like a woman,shania twain,1,test,train
TRSZTOO128E07963BA,seguridad social || esto no es una cancion_ directo,seguridad social,0,test,test
TRSZUXR128F92F5F44,dixie chicks || cowboy take me away,dixie chicks,1,test,train
TRTAAHY128F428D383,brad paisley || little moments,brad paisley,1,test,train
TRTACGL128F93292F7,coldplay || talk,coldplay,1,train,train
TRTAFBV128F147F577,cocteau twins || essence,cocteau twins,0,test,train
TRTAILF128F1468785,meredith brooks || what would happen,meredith brooks,1,train,train
TRTAIUQ128F92D9A41,david francey || kansas,david francey,0,train,train
TRTANHM128F4263CDE,firehouse || all she wrote,firehouse,1,train,test
TRTAQUM128F148BF8B,mya || my first night with you,mya,1,train,train
TRTARNK12903CB62D4,battle of the future buddhas || marsmellow,battle of the future buddhas,0,train,train
TRTATKH128F42676CE,beck || where its at,beck,1,train,train
TRTAXMM128F425698A,atargatis || the marching of the fey,atargatis,0,train,train
TRTAZRV128E078551E,keith sweat || how do you like it part 2 gangsta mix,keith sweat,0,train,train
TRTBBSF128F92FA4A7,sleepy sun || sandstorm woman,sleepy sun,0,train,test
TRTBHFM128F1484D34,nightcrawlers || push the feeling on,nightcrawlers,1,train,train
TRTBHWA128F4228E06,nils petter molvaer_ eivind aarset_ morten molster_ roger ludvigsen_ rune arnesen_ ulf wo holand_ || phum,nils petter molvaer_ eivind aarset_ morten molster_ roger ludvigsen_ rune arnesen_ ulf wo holand_,0,test,train
TRTBQLQ12903CE572B,girlschool || back for more,girlschool,0,train,train
TRTBRDB128F9322738,painkiller hotel || how was i supposed to know album,painkiller hotel,0,train,test
TRTBVOJ128F428E703,r kelly || when a womans fed up,r kelly,1,train,train
TRTBWBX128F42930C4,musiq || scratch introlude,musiq,0,train,train
TRTBXAM128F4293C97,diego el cigala || palabras que escriben el aire,diego el cigala,0,test,train
TRTCFPM128F92CD291,within temptation || deceiver of fools live audio,within temptation,0,train,test
TRTCLFS128E0799AD4,boyz ii men || ill make love to you,boyz ii men,1,train,train
TRTCNZL128F92FF796,squarepusher || 8 bit mix 1,squarepusher,0,train,test
TRTDBXM128F92C488F,alan jackson || listen to your senses,alan jackson,0,train,test
TRTDNUA128F4289975,andy griggs || if heaven,andy griggs,1,train,train
TRTDSEM128F92FBF60,mercyme || i can only imagine,mercyme,1,train,test
TRTEAOE128F9333D15,hannah montana || ice cream freeze lets chill,hannah montana,1,train,train
TRTEGUJ128F425B7D3,foo fighters || the pretender,foo fighters,1,train,test
TRTENRI128F4269838,az || whats the deal halfamil interlude explicit,az,0,train,test
TRTFCNZ128F146D76D,red hot chili peppers || under the bridge,red hot chili peppers,1,train,train
TRTFCVJ128F92F9CC1,richard h kirk || digital globe,richard h kirk,0,train,train
TRTFFUY128F92EBFB8,wild billy childish the musicians of the british empire || joe strummers grave,wild billy childish the musicians of the british empire,0,train,test
TRTFGPP128F92E4974,berri txarrak || ez,berri txarrak,0,train,train
TRTFJDL128F4278CE4,krayzie bone || gemini,krayzie bone,0,train,train
TRTGAOS128F4271E72,inoj || time after time,inoj,1,train,train
TRTGJTO128F92F6046,blues etilicos || shes nineteen years old,blues etilicos,0,train,train
TRTGMJR128F4262E67,paint by numbers || steps,paint by numbers,0,train,train
TRTGNYO128F92F0651,nickelback || never gonna be alone,nickelback,1,train,test
TRTGOLL128EF353FE6,absent kid || shame on us all,absent kid,0,train,test
TRTGSAR128F42A53DA,kellie coffey || when you lie next to me,kellie coffey,1,train,test
TRTGVKC128E078FB31,lost boyz || me and my crazy world,lost boyz,1,test,train
TRTGYCE128F4258E1C,out of the grey || forever i will trust in you,out of the grey,0,train,train
TRTGYEK128F4243FF7,the old dead tree || the lost boy so be it,the old dead tree,0,test,train
TRTHCFQ128F9331E3B,red hot chili peppers || give it away,red hot chili peppers,1,train,train
TRTHKNP128F92FDC0C,kws || please dont go,kws,1,train,train
TRTHKPV128F427D4D3,dark meat || there is a retard on acid holding a hammer to your brain,dark meat,0,train,train
TRTIHCH128F4266ACF,collin raye || couldnt last a moment,collin raye,1,train,test
TRTIHEO12903CA1AF9,the jane shermans || somebody lied,the jane shermans,0,train,train
TRTIMHF128F426B41B,nickelback || far away,nickelback,1,test,test
TRTIWTY128F92E1C0B,tim finn || snowbound,tim finn,0,train,train
TRTIXPX128EF3421CF,loney_ dear || saturday waits,loney_ dear,0,train,train
TRTIYOC128F4298B3C,glen washington || jah glory,glen washington,0,test,test
TRTJMPV128F1492818,the great society || girl lp version,the great society,0,test,test
TRTJMRS128F92FC23A,the meligrove band || feversleep,the meligrove band,0,train,train
TRTJMSC128F425E637,motorhead || bad religion,motorhead,0,train,test
TRTJQGK128F423DA2C,gorguts || hideous infirmity,gorguts,0,train,test
TRTJTDD12903CF2756,atlantic starr || love crazy,atlantic starr,1,train,train
TRTJTLA128F42863F0,dave hole || think it over,dave hole,0,train,train
TRTKCVM12903CC8BD7,rudy vallee || lets put out the lights and go to sleep,rudy vallee,0,train,train
TRTKGQP12903CB397C,frank chacksfield his orchestra || exactly like you,frank chacksfield his orchestra,0,train,train
TRTKGUG12903CDEEE0,lets go sailing || better off,lets go sailing,0,train,train
TRTKIMI12903CE6B99,jeru the damaja || come clean,jeru the damaja,1,test,train
TRTKTLE128F148B246,helmet || insatiable,helmet,0,train,train
TRTKTTZ128F149083E,sir mixalot || baby got back,sir mixalot,1,train,train
TRTKVCR128F425B77C,hanino || ya zine rani nabghik,hanino,0,train,train
TRTKVDH12903CE6A77,demi lovato || catch me,demi lovato,1,test,test
TRTKXLA128F932A92B,signal aout 42 || religion,signal aout 42,0,train,train
TRTKZCS128F42AD8A3,backstreet boys || incomplete,backstreet boys,1,train,test
TRTLDCG128F428B69A,brooks dunn || missing you,brooks dunn,1,train,train
TRTLZIG128F429B51A,bette davis || turn me loose on broadway,bette davis,0,train,train
TRTMCQA128F92EFAFE,n sync || gone,n sync,1,train,test
TRTMIUE128F9324F0A,aaliyah || age aint nothing but a number,aaliyah,1,train,train
TRTMKMF12903C959E5,the entrance band || hourglass,the entrance band,0,test,train
TRTNIBM128F42AC946,plain white ts || hate i really dont like you,plain white ts,1,train,train
TRTNJNZ128F423C11E,paul avgerinos || music of the round sky,paul avgerinos,0,train,train
TRTNMGW128F92F8759,keha || take it off,keha,1,test,train
TRTNMLI128F92D46A0,ba cissoko || sabolan,ba cissoko,0,train,train
TRTNNOK128F92EA85A,higamos hogamos || major blitzkrieg depth charge buzzer remix,higamos hogamos,0,train,train
TRTNUDK128F426240A,dwarves || i will deny,dwarves,0,train,train
TRTOAJD128F4265DCE,broken social scene || lovers spit,broken social scene,0,train,train
TRTOICS128F429076E,warren g || do you see,warren g,1,train,train
TRTOXAS128F92CF824,lunar aurora || mein schattenbruder,lunar aurora,0,train,train
TRTOXPO128F145D090,the swinging blue jeans || thats the way it goes mono,the swinging blue jeans,0,test,test
TRTPFZG12903CD65F7,errol dunkley || sad to know,errol dunkley,0,train,test
TRTPHUW12903CCE735,miranda lambert || heart like mine,miranda lambert,1,train,train
TRTPNKB128F42815A5,sun yanzi || hey jude,sun yanzi,0,train,test
TRTPPUN128F42AE37D,brad paisley || the world,brad paisley,1,test,train
TRTPPYR128F92DA60E,nickelback || rockstar,nickelback,1,train,test
TRTPWYK128F42634FC,reel 2 real feat erick more || the new anthem funky budda mix,reel 2 real feat erick more,0,train,test
TRTQBIL128F423CE35,lida husik || ein symphonie des grauens,lida husik,0,train,train
TRTQRXM128F14885C1,jon secada || just another day,jon secada,1,train,train
TRTQTLL128F4281A63,gruff rhys || painting people blue,gruff rhys,0,train,train
TRTQWEQ12903C9C71A,faith hill || the way you love me,faith hill,1,test,train
TRTQWZY128F932FE6E,daughtry || life after you,daughtry,1,train,train
TRTRGLW128F4262697,suicidal tendencies || gon breakdown,suicidal tendencies,0,train,train
TRTRLHV128F9322847,trang fodsel || hei_ her er jeg,trang fodsel,0,train,test
TRTROLO128F9300AD3,taj mahal || tom sally drake,taj mahal,0,test,test
TRTRUQW128E0799679,eric clapton bb king || marry you,eric clapton bb king,0,test,train
TRTSALI128F4266880,brant bjork || i want you around,brant bjork,0,train,test
TRTSMYN128F932D344,dave gleasons wasted days || south virginia breakdown,dave gleasons wasted days,0,test,train
TRTSVCB12903CBE82A,jeff scott soto || hey,jeff scott soto,0,train,train
TRTSYFC128F92F16A3,jc chasez || blowin me up with her love,jc chasez,1,train,train
TRTTBET128F145B114,rachelle ferrell || i know you love me,rachelle ferrell,0,train,train
TRTTGTM12903CE314F,jason aldean || why,jason aldean,1,train,train
TRTTHHZ128F4270682,tom rush || no regrets,tom rush,0,test,test
TRTTOUE128F4226F80,los alegres de teran || veinte anos,los alegres de teran,0,train,train
TRTTWVZ128F92E81B8,fiction 8 || chaotica,fiction 8,0,test,test
TRTTZDE128C71969A1,u2 || beautiful day,u2,1,train,test
TRTUMLG12903CC084F,brenda russell || too cool for the room,brenda russell,0,train,train
TRTUOKY12903CB1EC6,joey mcintyre || stay the same,joey mcintyre,1,train,train
TRTURSO128F426A25E,todiefor || jaded,todiefor,0,train,train
TRTUUIL128F146B6A1,the autumn offering || last desperado,the autumn offering,0,train,train
TRTUWLR128F92E355B,lowell fulson || funky broadway,lowell fulson,0,train,test
TRTUZIM128F93097C8,my own grave || unleash,my own grave,0,train,train
TRTVJAN128E0789ADC,brother beyond || the girl i used to know,brother beyond,1,train,train
TRTVNSS128F93405CD,sense || all around me,sense,0,test,train
TRTVTFT128F9327735,linkin park || new divide,linkin park,1,test,train
TRTVWKM128F428F239,jennifer hanson || beautiful goodbye,jennifer hanson,1,train,test
TRTVWRF128F42397CB,fall of serenity || recreation,fall of serenity,0,train,train
TRTVZSZ128F92ECB86,vince guaraldi st pauls church of san rafael || the lords prayer,vince guaraldi st pauls church of san rafael,0,train,train
TRTWCAN128F4263636,cry of love || too cold in the winter,cry of love,0,train,train
TRTWDWO128F42624D8,travis tritt || love of a woman,travis tritt,1,test,train
TRTWFKE128EF35F93B,linkin park || what ive done,linkin park,1,test,train
TRTWKAN128F425AEEF,boys like girls || heroheroine,boys like girls,1,train,train
TRTWPAE128F427D71D,louis bertignac || flipper,louis bertignac,0,train,test
TRTWWNB128F42BA65A,alan jackson || like red on a rose,alan jackson,1,test,test
TRTXGDG128F422B96D,new edition || hit me off,new edition,1,train,train
TRTXJBO128F4294115,avril lavigne || my happy ending,avril lavigne,1,test,train
TRTXVPQ128F92E7E55,han bennink and terrie ex || fik,han bennink and terrie ex,0,train,train
TRTXYGN128F4259011,aborym || between the devil and the deep blue sea,aborym,0,train,train
TRTYEZR128F92CD85A,soprano || motha fucka,soprano,0,test,train
TRTYQVA128F145D081,the swinging blue jeans || lawdy miss clawdy mono,the swinging blue jeans,0,train,test
TRTYXZK128F4290090,backstreet boys || show me the meaning of being lonely,backstreet boys,1,train,test
TRTYYPY128F426FDDE,brian tyler || enter the wormhole,brian tyler,0,train,test
TRTYYXC128F931F752,r kelly || gotham city,r kelly,1,train,train
TRTZAPH128F429F90C,m people || moving on up,m people,1,test,train
TRTZASA128F424A001,swizz beatz || money in the bank,swizz beatz,1,train,test
TRTZDUE128F9327811,autumnblaze || scared,autumnblaze,0,train,train
TRTZGHX128F426EEFF,cypress hill || dr greenthumb,cypress hill,1,train,train
TRTZITM12903CBE749,dewscented || torn to shreds,dewscented,0,train,train
TRTZJQT128F1499ECA,lighter shade of brown || on a sunday afternoon,lighter shade of brown,1,test,test
TRTZKOY128F93433B3,sondaschule || abschiedsbrief,sondaschule,0,train,train
TRTZVRP128F421928D,weasel walter || bohemian rhapsody,weasel walter,0,train,train
TRTZZVH12903CAE35D,neil young || pocahontas lp version,neil young,0,test,train
TRUADLS128F42620AD,savage garden || the animal song,savage garden,1,train,test
TRUAJTA128F428B24D,carolyn dawn johnson || i dont want you to go,carolyn dawn johnson,1,test,train
TRUAUWN12903CEA462,bluetech || rite of the dragonfly,bluetech,0,train,train
TRUAZCE128F425A76E,mitchell akiyama || the height of the matter,mitchell akiyama,0,test,train
TRUBCEV12903CAD061,la firma || la llamada,la firma,0,train,train
TRUBQQB128F9323690,supreme love gods || cat garage version,supreme love gods,0,test,test
TRUBRZH12903CF0627,mabulu || kombela ka shikwembu,mabulu,0,test,train
TRUBVBK128F4256C40,thou art lord || growing in winged skull,thou art lord,0,train,train
TRUCPLO128E0786BAC,garbage || special,garbage,1,train,train
TRUCSEI128F148C01C,onyx || shifftee,onyx,1,train,test
TRUCXEU128F42A118C,natalie imbruglia || wrong impression,natalie imbruglia,1,train,train
TRUCXGV128F422BB0D,barbara manning || the arsonist story evil craves attentionour son10x10,barbara manning,0,test,train
TRUCYKW128F148387B,maywood || give me back my love,maywood,0,test,train
TRUCZTB128F4218750,dierks bentley || what was i thinkin,dierks bentley,1,test,train
TRUDEED128F4242DE8,toby keith || im just talkin about tonight,toby keith,1,test,train
TRUDNCD128E078F6F3,jodeci || im still waiting,jodeci,1,test,train
TRUDRYQ128F4287663,basic channel || q11iiii,basic channel,0,train,train
TRUEHCD12903CCDEC2,dudley perkins || solitude,dudley perkins,0,train,train
TRUEMRO128F423CB04,tanto metro devonte || everyone falls in love,tanto metro devonte,1,test,test
TRUENMN128F1478668,jack johnson || upside down,jack johnson,1,train,train
TRUENYK128F4274057,system of a down || chop suey,system of a down,1,train,train
TRUFABS128F931245E,single cell orchestra || blood,single cell orchestra,0,train,train
TRUFDNZ12903CF357D,mayday parade || save your heart,mayday parade,0,train,train
TRUFFFS128F93165FC,jayz || blue magic,jayz,1,train,train
TRUFKLI12903CFBD1F,gretchen wilson || when i think about cheatin,gretchen wilson,1,train,train
TRUFOPK128E07929AC,hole || doll parts,hole,1,train,train
TRUFSCX12903CD8312,hurricane chris featuring mouse || coke bottle,hurricane chris featuring mouse,0,train,train
TRUFTBY128F93450B8,lady gaga || alejandro,lady gaga,1,train,train
TRUGDIB128F932FA39,noemi || petrolio,noemi,0,train,test
TRUGHMH128F9351EEF,argenis brito || imminent,argenis brito,0,test,train
TRUGVSW128F92E341C,esa pakarinen || kun mina laksin kyllaan,esa pakarinen,0,train,train
TRUGXMF128E0784B2F,the benjamin gate || tonight contact album version,the benjamin gate,0,train,train
TRUHGAC128F1492AC4,mary j blige || im goin down,mary j blige,1,test,train
TRUHHNC12903CE7C44,18th dye || island vs island,18th dye,0,train,train
TRUHRWC128F1477E7D,kathleen madigan || tattoo amended album version,kathleen madigan,0,train,train
TRUHVZR128F92F8B86,warbringer || abandoned by time,warbringer,0,train,train
TRUHWSQ128F42659E5,wilson phillips || you wont see me cry,wilson phillips,1,test,train
TRUHXCQ128F932D517,dar williams || youre aging well,dar williams,0,train,test
TRUHXFQ128F42522A7,die apokalyptischen reiter || metal will never die,die apokalyptischen reiter,0,train,train
TRUIBFX128EF34064E,young buck || get buck,young buck,1,train,train
TRUICIA128F931C48A,univers zero || electronika mambo musette,univers zero,0,test,train
TRUIJUI128F424943A,la troba kungfu || bufa el vent,la troba kungfu,0,train,test
TRUIPHW128F1494DDC,michael nyman || the explosion,michael nyman,0,train,train
TRUISME128F92F63EF,isobel campbell mark lanegan || rambling man,isobel campbell mark lanegan,0,train,test
TRUJDJG128F1480E4B,tom petty || saving grace,tom petty,1,train,train
TRUJLNZ128F424C048,time of orchids || entertainment woes,time of orchids,0,train,train
TRUJQJR128E0784A55,jayz || only a customer,jayz,0,train,train
TRUJXXR128F42B6A08,screeching weasel || i will always do,screeching weasel,0,train,train
TRUKAAZ128F92FA895,the usa is a monster || the greatest mystery,the usa is a monster,0,train,train
TRUKDWD128F4262E65,paint by numbers || i woke up,paint by numbers,0,train,train
TRUKEKW128F92D4AD5,megadeth || symphony of destruction,megadeth,1,train,test
TRUKFEJ128F92F4BDA,randy newman || the unkindest cut,randy newman,0,train,train
TRUKPVW128F4290453,tracy byrd || im from the country,tracy byrd,1,train,train
TRUKVKD128F4238219,terri clark || youre easy on the eyes,terri clark,1,test,train
TRULDFR128F42910BC,londonbeat || come back,londonbeat,1,test,train
TRULHBN128F14992E1,emerson drive || fall into me,emerson drive,1,train,train
TRULMUW128F933755A,stemage || strati part 2,stemage,0,test,test
TRULQPU128F148CF17,toby keith || how do you like me now,toby keith,1,train,train
TRULRMX128F145FDE3,donny osmond || too young,donny osmond,0,train,train
TRULTYV128F92DEDDC,olivia ruiz || cabaret blanco,olivia ruiz,0,train,test
TRULZJB128F4291EC4,britney spears || do somethin,britney spears,1,train,train
TRUMFLQ128E078F4DD,kci jojo || last nights letter,kci jojo,1,train,test
TRUMFXO128F42651FF,nine days || bitter,nine days,0,train,test
TRUMINU128F42BC598,lonestar || tell her,lonestar,1,train,train
TRUMKOU128F429DF46,neneh cherry || buddy x,neneh cherry,1,train,test
TRUMLQD12903CA9316,tyondai braxton || unfurling,tyondai braxton,0,train,train
TRUMNPV128F4231962,astarte || empress of the shadow land lloth bonus track,astarte,0,train,train
TRUMPGT128F930B8F8,freedom call || flame in the night,freedom call,0,train,test
TRUMVWO128F92F50FF,freeway || think about it,freeway,0,train,train
TRUNBDV128F1458639,38 special || the sound of your voice,38 special,1,train,train
TRUNBFE128F42956EF,n sync || tearin up my heart,n sync,1,train,test
TRUNNKR128F426779D,be your own pet || black hole,be your own pet,0,train,test
TRUNRNB128F42A76B6,rihanna sean paul || break it off,rihanna sean paul,1,test,train
TRUNSUT128F42AD092,inxs || pretty vegas,inxs,1,train,train
TRUNTPG128F427240C,april march || resume,april march,0,train,train
TRUNUOW128F92D125A,ov wright || a fool cant see the light,ov wright,0,train,test
TRUNVKT12903CDB12C,duane eddy || someday the rainbow,duane eddy,0,train,train
TRUOBIR128F9304428,neffa || qualcosa di piu,neffa,0,train,test
TRUOGYL128F424D501,agathodaimon || glasul artei viitoare,agathodaimon,0,train,train
TRUOHFX128F42455EA,prong || power of the damager,prong,0,train,train
TRUOLER128F424F024,the electric hellfire club || the abattoir eternal,the electric hellfire club,0,train,train
TRUOUHA128F147A2C1,the divine comedy || life on earth,the divine comedy,0,train,train
TRUOUVU128F935149D,linval thompson || skilful man,linval thompson,0,train,train
TRUOZPQ128F92ECDD6,bruce springsteen || devils dust,bruce springsteen,1,test,train
TRUPQPE128C7196472,nelly || pimp juice,nelly,1,test,train
TRUPWCG128E078ED7D,queens of the stone age || you think i aint worth a dollar_ but i feel like a millionaire,queens of the stone age,0,test,train
TRUPZKO12903CE6C47,blake shelton || austin,blake shelton,1,train,test
TRUQDTY12903CDEF4A,the bear quartet || i got the door,the bear quartet,0,train,train
TRUQFPA128F92EC819,mudcrutch || crystal river live version,mudcrutch,0,train,test
TRUQGGJ128F427E02B,enrique iglesias || lloro por ti,enrique iglesias,1,test,test
TRUQOOS128F933240A,the dolly rocker movement || sorry,the dolly rocker movement,0,train,test
TRUQUPP12903CDA0A4,kite flying society || 10_000 hands,kite flying society,0,test,train
TRUQUVF128F934281B,los brujos || piso liso,los brujos,0,train,train
TRURHUH128F931C3D7,filter || take a picture,filter,1,train,train
TRURNOJ128F428586D,tlc || what about your friends,tlc,1,train,train
TRURWYJ12903D012FF,electric wizard || satanic rites of drugula,electric wizard,0,train,train
TRURYHO128F422FA52,malene mortensen || giving you the best that ive got,malene mortensen,0,train,test
TRUSQMJ128F4265865,ginuwine || love you more,ginuwine,1,train,train
TRUSSIG128F931E068,wynton marsalis septet || bayou baroque,wynton marsalis septet,0,train,train
TRUSWMQ128F4260DD9,mike doughty || looking at the world from the bottom of a well,mike doughty,0,train,train
TRUTNDZ128F93398F0,edvin marton || dramatico,edvin marton,0,test,train
TRUTNNQ128E0783715,jimmy eat world || pain,jimmy eat world,1,test,train
TRUTOBC128F4269C40,ricky martin || loaded,ricky martin,1,train,train
TRUTSCA128F42ADFB4,phantom planet || 8,phantom planet,0,test,train
TRUUEWC12903CFF3B2,osi || sure you will,osi,0,train,test
TRUUFEK128F1459560,richard marx || now and forever,richard marx,1,train,train
TRUUKUZ128F92CD821,patti labelle || new day,patti labelle,1,train,test
TRUUMHI128F9353E32,the mae shi || nickel arcade,the mae shi,0,train,train
TRUUXXB128F427EB89,bailter space || photon,bailter space,0,train,train
TRUVSTW128F1455762,mary j blige || be without you,mary j blige,1,test,train
TRUVVME12903CBA350,taylor swift || change,taylor swift,1,test,test
TRUWKHZ128F428A4B0,kenny chesney || how forever feels,kenny chesney,1,train,test
TRUWQIJ128F424F9F1,the monas || she goes down,the monas,0,test,test
TRUWRTZ12903CBF24E,keith washington || kissing you,keith washington,1,train,test
TRUWVXJ12903CB358C,gramatik || new nautilus,gramatik,0,train,train
TRUXEOM128F4295267,jet || cold hard bitch,jet,1,train,test
TRUXLWW128F14567C4,tom petty and the heartbreakers || learning to fly,tom petty and the heartbreakers,1,test,train
TRUXMNN12903CCF20C,horace andy || i love my dub,horace andy,0,test,train
TRUXYDP128F93234BD,taylor swift || crazier,taylor swift,1,train,test
TRUYBMJ12903CC8759,big rich || wild west show,big rich,1,train,train
TRUYBTD128F4289EA2,aaron lines || you cant hide beautiful,aaron lines,1,train,train
TRUYHAK128F92D674F,the pierces || it was you,the pierces,0,test,train
TRUYKEI128F4233659,50 cent || i get money,50 cent,1,train,train
TRUYKJE12903CE314B,jason aldean || amarillo sky,jason aldean,1,test,train
TRUYKQC128F92E7474,mr caponee || be a model,mr caponee,0,train,train
TRUYKZY128F42696DF,craig armstrong || i love him and she admires him,craig armstrong,0,train,train
TRUYRIS12903CEDCCA,hopesfall || breathe from coma,hopesfall,0,train,test
TRUYWQL12903C9A02D,briskeby || miss you like crazy,briskeby,0,train,train
TRUYXOY12903CC1C1C,modeselektor || cash,modeselektor,0,train,train
TRUZDBA128F145E9F2,afroman || because i got high,afroman,1,train,train
TRUZEDJ12903CEF67E,bo bice || got money,bo bice,0,train,test
TRUZPJB128E0782F49,mansun || electric man,mansun,0,train,train
TRUZQFC128E0785D6F,the mars volta || the widow,the mars volta,1,test,train
TRVAGSB128E078A7D4,madonna || bad girl,madonna,1,test,train
TRVAJWX128F1498C2E,aaron neville || silent night,aaron neville,0,train,train
TRVALZD128F4269E57,frobelin palikat || paapaapalikka,frobelin palikat,0,train,test
TRVANOX128F92FA7F4,kate voegele || kindly unspoken,kate voegele,1,train,train
TRVASJJ128F4298C31,monrose || hot summer tai jason remix,monrose,0,train,train
TRVATHK12903CA8CB6,london elektricity || wishing well stateless remix,london elektricity,0,test,train
TRVBBAD128F426186C,jessica simpson || sweet kisses,jessica simpson,0,test,train
TRVBNVQ128F42796DC,tindersticks || the flicker of a little girl,tindersticks,0,train,train
TRVBOLZ128E0791488,bon jovi || everyday,bon jovi,0,train,train
TRVBPYH128E0788A3A,dilated peoples featuring kanye west || this way,dilated peoples featuring kanye west,1,test,test
TRVBQKU128F935A13F,rem || the great beyond,rem,1,train,test
TRVBTHF128F42A0A4A,fuschnickens || breakdown,fuschnickens,1,train,test
TRVBUJQ128F425E0FF,death in vegas || leather,death in vegas,0,test,train
TRVCHNL128F4262384,nofx || hot dog in a hallway,nofx,0,train,test
TRVCIMC128F92FACD7,smut peddlers || bottom feeders feat ra the rugged man,smut peddlers,0,test,train
TRVCZLV128F1453A16,g dep feat kool g rap and rakim || i am,g dep feat kool g rap and rakim,0,train,train
TRVDECZ128F423D581,count basie big band || lil darlin,count basie big band,0,train,test
TRVDFCY128F4261D33,dixie chicks || theres your trouble,dixie chicks,1,train,train
TRVDMYX128F424F997,2raumwohnung || lachen und weinen sun electric remix,2raumwohnung,0,train,test
TRVDTJC128F4260466,the breeders || forced to drive loho version,the breeders,0,train,train
TRVEAOD12903CF1A3F,skinlab || disturbing the art of expression,skinlab,0,train,test
TRVEDVT128F146E5D4,cher || strong enough,cher,1,test,train
TRVELHF128F933C8B4,the rembrandts || someone,the rembrandts,1,train,test
TRVENWN128F1465DDC,richard marx || take this heart,richard marx,1,test,train
TRVEOLM128F42A3A31,busta rhymes || break ya neck,busta rhymes,1,train,train
TRVFDOP12903CFFCD0,subtone || guru,subtone,0,train,test
TRVFIFJ128F429846C,spice girls || stop,spice girls,1,test,test
TRVFPKY12903CB0513,jake shimabukuro || sakura sakura,jake shimabukuro,0,train,train
TRVFZYL128F93218CC,mikroboy || ruckschritt gleich fortschritt,mikroboy,0,train,train
TRVGFAT128F145C4EA,graham coxon || bonfires,graham coxon,0,test,train
TRVGGUA128C71962AC,jodeci || freekn you,jodeci,1,train,train
TRVGHWL128F92EC342,annihilator || riff raff bonus track,annihilator,0,train,train
TRVGOPV128F934982C,woody herman || woodchoppers ball,woody herman,0,train,train
TRVGQQT128F9366EBC,12 stones || fade away,12 stones,0,train,train
TRVGVCN128F1468006,george clinton featuring digital underground || knee deep midnight mix explicit feat digital underground,george clinton featuring digital underground,0,train,train
TRVHAIZ128EF34716F,the provenance || woh iii tsne,the provenance,0,train,train
TRVHALE128F428B7F9,aswad || warriors,aswad,0,train,train
TRVHMAU128F92DDC13,la bouche || sweet dreams,la bouche,1,test,train
TRVHPAI128F427D138,the black keys || something on my mind,the black keys,0,train,train
TRVHPEU128F42882B2,outkast || players ball,outkast,1,test,train
TRVHQWC128F92D4C1A,bbmak || still on your side,bbmak,1,train,test
TRVHUIV128F4292279,curtis stigers || sleeping with the lights on,curtis stigers,1,train,train
TRVHVNS128F4262D2F,tal bachman || shes so high,tal bachman,1,train,train
TRVHYYX128F428E191,free kitten || daddy long legs,free kitten,0,test,train
TRVIBOJ128F423B592,smifnwessun || bucktown,smifnwessun,1,test,train
TRVIQIT12903CBF866,six ft ditch || victimized feat joe none,six ft ditch,0,test,train
TRVISTN128F9310B57,headlights || everybody needs a fence to lean on via satellite remix,headlights,0,test,train
TRVIZLW128F4297E41,the darkness || love on the rocks with no ice,the darkness,0,test,train
TRVJDIF128F9348152,kmd || gimme,kmd,0,test,train
TRVJHQB128F934ACE3,gwar || antarctican drinking song,gwar,0,train,test
TRVJLTI128F4234BC5,matt nathanson || amazing again,matt nathanson,0,train,train
TRVJMVD12903CB0DF2,dave clarke || southside,dave clarke,0,train,test
TRVJTNR12903D027E0,orphaned land || the evil urge,orphaned land,0,test,train
TRVJYIM128F421B97D,dragonforce || through the fire and flames,dragonforce,1,train,train
TRVKEND128F426347F,reuben || oh the shame,reuben,0,train,train
TRVKIBX128F42BCE52,jason michael carroll || alyssa lies,jason michael carroll,1,train,train
TRVKIRF128F9325BA1,attention deficit || what,attention deficit,0,test,train
TRVKLNX128F4294D96,adema || blame me,adema,0,test,train
TRVKXEC128F930F543,pm dawn || paper doll,pm dawn,1,train,train
TRVKZYH128F92F5CA7,gs boyz || stanky legg,gs boyz,1,train,train
TRVLJRQ128EF356CC2,dario marianelli || threats,dario marianelli,0,train,train
TRVLUZB128F42B8328,eagles of death metal || bag o miracles,eagles of death metal,0,train,test
TRVMAFG128F9336F5E,rotersand || rushing club recut,rotersand,0,train,train
TRVMGCQ128F428E751,chetes || destino,chetes,0,train,train
TRVMMIH128E0788A30,dilated peoples || tryin to breathe,dilated peoples,0,test,train
TRVMPGZ128F932CB9B,takaru || have at it hoss,takaru,0,train,train
TRVMUEW128F1460C00,paulina rubio || dont say goodbye,paulina rubio,1,test,train
TRVMUZZ128F9307D8B,iq || came down,iq,0,train,train
TRVNOKS128F930B7DC,fred fortin || charlie remerciements,fred fortin,0,train,test
TRVNRBE128F92E79E9,memphis minnie || you aint done nothing to me,memphis minnie,0,train,train
TRVNSGB128F146ABFC,benny green || my girl bill,benny green,0,test,train
TRVNWBU128F422EE8A,cupid || cupid shuffle,cupid,1,train,train
TRVOABF128F1456CDC,guy || dancin,guy,1,train,test
TRVOBUJ128E078D76C,brandy || talk about our love featuring kanye west lp version,brandy,0,train,train
TRVOMOL128F4265994,men of vizion || house keeper,men of vizion,1,train,train
TRVOSYJ128F426A939,brownstone || 5 miles to empty,brownstone,1,train,test
TRVOUBQ128EF367613,linkin park || bleed it out,linkin park,1,train,train
TRVOUGF128F4279FF8,gloria estefan || youll be mine party time,gloria estefan,1,train,train
TRVOWFP128F145B036,joe cocker || what are you doing with a fool like me,joe cocker,1,test,test
TRVOWOG128E0783E33,vanessa carlton || white houses,vanessa carlton,1,train,test
TRVPEJL128F92C9E60,jerry goldsmith || a new life,jerry goldsmith,0,train,test
TRVPWRH128F4286620,plies || rich folk explicit album version,plies,0,train,test
TRVQATK12903CB9CF8,howie day || longest night,howie day,0,train,test
TRVQPWW128F9337F77,samae koskinen || aurinko,samae koskinen,0,train,test
TRVQUFT128F9338162,whiskey rebels || yolo bus blues,whiskey rebels,0,train,test
TRVRKIS12903D07703,lifehouse || from where you are,lifehouse,1,train,test
TRVRKWD128F147DF68,ratatat || montanita,ratatat,0,train,train
TRVSBGC128F4283DBB,velvet revolver || fall to pieces,velvet revolver,1,train,test
TRVSFYH128F42639B7,robin thicke || can u believe,robin thicke,1,test,train
TRVSJOM12903CD2DC1,justin bieber || one less lonely girl,justin bieber,1,test,train
TRVSJQC128F4265773,will smith || miami,will smith,1,train,train
TRVSVGG128F932303C,jonas fjeld || jeg kommer mot deg,jonas fjeld,0,train,test
TRVTHSB128F92D4F5A,nicole atkins || inside of love,nicole atkins,0,train,test
TRVTPHH128F42593C7,tg sheppard || trying to beat the morning home,tg sheppard,0,train,train
TRVTSUN128F9351B06,ihsahn || the barren lands,ihsahn,0,train,train
TRVTSUV12903CAB536,the jessica fletchers || i got news,the jessica fletchers,0,train,test
TRVTWLC12903CE5B4F,madlib || shades of pete super,madlib,0,train,train
TRVUFFD128F426F4A7,slow train soul || twisted cupid,slow train soul,0,train,train
TRVUFYR128F9335289,demi lovato || get back,demi lovato,1,test,test
TRVUHZI128F42A0DEF,usher || u remind me,usher,1,train,train
TRVUPTL128F42AD5DA,calle 13 || cabeco,calle 13,0,train,test
TRVURZH128F93187B8,hudson mohawke || twistclip loop,hudson mohawke,0,train,train
TRVUTTQ12903C9AF41,skid row || wasted time,skid row,1,train,test
TRVUUAV128F92F626B,xandria || wisdom,xandria,0,test,test
TRVVFHE12903CDBB2F,chezidek || devil dub,chezidek,0,train,train
TRVVHZX128F423C68A,the crimea || howling at the moon,the crimea,0,test,test
TRVVUGN128F425F612,starflyer 59 || somewhere when your heart glowed,starflyer 59,0,train,train
TRVVZJB128F147C7FA,eric clapton || layla,eric clapton,1,train,train
TRVWBLG128F93523B2,blue meanies || emotions in motion,blue meanies,0,train,train
TRVWFJC128F93166A8,david archuleta || crush,david archuleta,1,train,train
TRVWKKI12903C9ACB0,faith hill || breathe,faith hill,1,train,train
TRVWPFC128F427586D,maanam || klucz,maanam,0,test,test
TRVWRDY128F4279FF2,gloria estefan || im not giving you up,gloria estefan,1,test,train
TRVWTEW12903CB145F,erja lyytinen || i think of you,erja lyytinen,0,train,train
TRVWVKY128F148D60A,toby keith || i love this bar,toby keith,1,train,train
TRVWVOY128F4296593,wyclef jean featuring missy elliott || party to damascus,wyclef jean featuring missy elliott,1,train,train
TRVWVSS12903CACBA2,hurricane chris || a bay bay,hurricane chris,1,test,train
TRVXAIZ12903CFF672,dario marianelli || you will become an artist,dario marianelli,0,train,train
TRVXCJK128F935400D,corrina repp || safe place in the world,corrina repp,0,train,test
TRVXEOK128F92FCBFC,dixie chicks || long time gone,dixie chicks,1,train,train
TRVXOPH128F426C1B4,mad doctor x || me i keep it real,mad doctor x,0,train,train
TRVYCUL128F42BAA7F,toby keith || as good as i once was,toby keith,1,test,train
TRVYSTU128F92E74ED,red stick ramblers || the smeckled suite,red stick ramblers,0,train,train
TRVYVTX128F9301152,aphex twin || aussois,aphex twin,0,train,train
TRVYWUK128F1487792,robbie nevil || for your mind,robbie nevil,1,train,train
TRVZDKN128F14916CA,queen latifah || just another day,queen latifah,1,train,train
TRVZDUJ128F428BBF6,the dells || all about the paper,the dells,0,train,train
TRVZOZY128F933B771,daryl hall || im in a philly mood,daryl hall,1,train,test
TRVZQSD128F93236FC,brad paisley || anything like me,brad paisley,1,train,train
TRVZUEH128E07927A8,sting || if i ever lose my faith in you,sting,1,test,train
TRWANXX128F9304344,pg six || til dreams come true,pg six,0,train,test
TRWAPCT128F1494611,dean martin || i love the way you say goodnight,dean martin,0,test,train
TRWBACU128F428D2A5,outkast featuring sleepy brown || the way you move,outkast featuring sleepy brown,1,train,train
TRWBICM12903CDDF2A,ephel duath || new disorder,ephel duath,0,train,train
TRWBJOA128F424B019,matthew good || i am not safer than a bank,matthew good,0,test,train
TRWBOSZ128F428CFD0,daughters || fur beach,daughters,0,train,train
TRWBVXL128EF349BE8,dale watson || you always get what you always got,dale watson,0,train,train
TRWCCJA128F9320F5D,magtens korridorer || picnic pa kastellet live,magtens korridorer,0,train,train
TRWCUAA128F4257365,eisregen || zu ehren meiner dunklen konigin demo 96,eisregen,0,train,train
TRWCXQI128F421873E,dierks bentley || free and easy down the road i go,dierks bentley,1,train,train
TRWCZWD128F4276C95,mariah carey || i dont wanna cry,mariah carey,1,train,train
TRWDNVX128F9313F4D,carrie underwood || undo it,carrie underwood,1,train,test
TRWDZIO128F92EF1BB,diamond rio || one more day,diamond rio,1,train,train
TRWEEXP12903CD1C76,carnal forge || whos gonna burn,carnal forge,0,train,train
TRWEZEI128F14551B1,ulf lundell || foxf,ulf lundell,0,train,test
TRWFMGH128F4247F6B,mint condition || you dont have to hurt no more,mint condition,1,train,train
TRWFPAG128EF3456DC,ateens || dancing queen,ateens,1,train,train
TRWGBYD128F92FE6B5,jaromir nohavica || pro martinu,jaromir nohavica,0,test,train
TRWGRQO12903CF1FB4,stampin ground || dead from the neck up,stampin ground,0,test,train
TRWGSBZ12903D0B1A4,chris liebing || order,chris liebing,0,test,train
TRWGYYM12903D07233,all4one || the christmas song chestnuts roasting on an open fire lp version,all4one,0,train,train
TRWGZFN12903CF5917,woe of tyrants || tempting the wretch,woe of tyrants,0,train,test
TRWHGOU128F428D386,cake || never there,cake,1,train,train
TRWHIZB12903CD1880,tokyo dragons || come on baby,tokyo dragons,0,train,test
TRWHSQY128F92FCD0D,beardfish || the basic blues,beardfish,0,test,train
TRWHUQV12903CFFA1F,million stylez || fade away,million stylez,0,test,train
TRWHXTV128F92FE080,brand nubian || another day in the beast thoughts from a criminal explicit lp version,brand nubian,0,train,test
TRWIBJX128F4261FF5,the go faster nuns || rock city,the go faster nuns,0,train,train
TRWIDFK128F428CE3F,expose || as long as i can dream,expose,1,test,train
TRWIOKX128F1456AD9,chante moore || straight up,chante moore,1,train,test
TRWJBEY128E07879A9,vinicio capossela || che cosse lamor,vinicio capossela,0,train,train
TRWJCBY128F4261C0F,dixie chicks || tonight the heartaches on me,dixie chicks,1,train,train
TRWJFXN128F14525D1,yellowcard || lights and sounds,yellowcard,1,train,train
TRWJHTB128F92D8656,ray lamontagne || you are the best thing,ray lamontagne,1,train,test
TRWKMKV128E078A7D8,madonna || rain,madonna,1,train,train
TRWKRWH12903CFDBEF,dierks bentley || i wanna make you close your eyes,dierks bentley,1,test,train
TRWKSXI128F42408D9,chimaira || rizzo explicit album version,chimaira,0,train,test
TRWLBGD128F427C708,ernst rolf || tacka vet jag gubben far,ernst rolf,0,train,train
TRWLJDI128F425EE48,tanya tucker || take another run,tanya tucker,0,train,test
TRWLJVV128F4272540,the ataris || the boys of summer,the ataris,1,train,train
TRWLLSL128F9307D36,makyo || chandan,makyo,0,train,train
TRWLMWR128F4290AB9,city || weil die erde eine kugel ist,city,0,train,train
TRWLNDJ12903CF4CF4,marlene dietrich || i will come back again,marlene dietrich,0,train,test
TRWLYPN128F9303ACD,lasgo || something,lasgo,1,train,train
TRWMCDF128F9343264,pixie lott || my love,pixie lott,0,test,train
TRWMELU128C719690F,u2 || even better than the real thing,u2,1,train,test
TRWMENZ128F1466CCC,blessid union of souls || let me be the one,blessid union of souls,1,train,test
TRWMGRX128F148DEFA,keith urban || stupid boy,keith urban,1,train,train
TRWMLLX128F427E8C9,melissa etheridge || angels would fall,melissa etheridge,1,test,train
TRWMMBC12903CC4ECB,jaheim || finding my way back,jaheim,1,train,train
TRWMVGD128F4284C78,martika || martikas kitchen,martika,1,train,test
TRWMWSM128F42ACE15,john mayer trio || who did you think i was,john mayer trio,1,train,train
TRWMXSA128F42750C5,abe vigoda || world heat,abe vigoda,0,train,test
TRWMZSF12903CA728C,piebald || on and on,piebald,0,test,train
TRWNFOX128F1459C47,vince gill || feels like love,vince gill,1,test,train
TRWNGSP128F93373AA,outrageous cherry || youre a reflection of infinite chaos,outrageous cherry,0,train,train
TRWNHSP128F4283188,kaya project || good morning london,kaya project,0,train,train
TRWNIES12903CEEAD5,corcobado y manta ray || jugador,corcobado y manta ray,0,test,test
TRWNKRJ128F424809C,julianne hough || that song in my head,julianne hough,1,test,test
TRWNLHY128F4278EA7,travis tritt || just too tired to fight it,travis tritt,0,train,train
TRWNUGN12903D08177,lloyd banks || on fire,lloyd banks,1,train,train
TRWNVIL128F428F337,before dark || monica,before dark,1,train,train
TRWOFAX128F92F56EA,alternative tv || reunion,alternative tv,0,train,train
TRWOFYM128F4263BBB,jon b || pretty girl,jon b,1,train,train
TRWOHUD128F4278843,chihiro onitsuka || rebel luck,chihiro onitsuka,0,train,train
TRWOTLB128F92DE834,anita baker || i apologize,anita baker,1,train,train
TRWOULU128F92CA4E8,ace of base || captain nemo,ace of base,0,train,test
TRWOWNK128F934EE88,senser || peace,senser,0,train,train
TRWPAJV12903CC87AA,big rich || lost in this moment,big rich,1,train,train
TRWPZKS128F4283E2F,real mccoy || one more time,real mccoy,1,train,train
TRWPZLB12903CCD8E3,emilie simon || the devil at my door,emilie simon,0,train,train
TRWQECN128F4291245,martina mcbride || this ones for the girls,martina mcbride,1,train,train
TRWQGLL128F42982E2,spice girls || goodbye,spice girls,1,train,test
TRWQHWM12903CDCF14,a plea for purging || retribution,a plea for purging,0,train,train
TRWQLHC128F932A8E5,little river band || forever blue,little river band,0,train,test
TRWQLPW12903D03F4B,levon helm || little birds,levon helm,0,train,test
TRWQNKI128F145E390,vanessa williams || work to do,vanessa williams,1,train,train
TRWQOKL128F931BCC9,darker my love || blue day,darker my love,0,train,train
TRWQOWI128F42B6501,catherine wheel || waydown,catherine wheel,0,train,train
TRWQZUI128F932C072,g love special sauce || you shall see,g love special sauce,0,train,test
TRWRBDR128F9315C0E,one t || bein a star,one t,0,train,train
TRWRDNQ128F42BA407,gloria estefan || heavens what i feel,gloria estefan,1,train,train
TRWRDXJ128F42246FA,gene chandler || kissin in the kitchen,gene chandler,0,test,test
TRWRJDC12903CCFD49,arma blanca || interludio,arma blanca,0,train,train
TRWROGP128F93394C7,soda stereo || no necesito verte para saberlo,soda stereo,0,train,train
TRWRQAB128F428CE65,zeke || tuned out,zeke,0,train,test
TRWRXMT128F427AE82,xzibit || shroomz,xzibit,0,test,train
TRWSANY128F426ED18,starving || mots doux,starving,0,train,train
TRWSDMH128F42A450E,patty pravo || nel giardino dellamore,patty pravo,0,test,train
TRWSGYN128F428A36F,martina mcbride || when godfearin women get the blues,martina mcbride,1,test,train
TRWSJBG128F146CAFC,elastica || stutter,elastica,1,train,train
TRWSKSX128F93073AE,metallica || cyanide,metallica,1,train,test
TRWSOCU128F92E68CB,impaled nazarene || pandemia,impaled nazarene,0,train,test
TRWSRAV128F4290332,whitney houston || my name is not susan,whitney houston,1,train,train
TRWSTYN128F9331873,baaba maal || miyaabele,baaba maal,0,train,train
TRWSXJU12903CEF30F,streetwize || lost without u,streetwize,0,train,train
TRWTJKJ128E078FC10,lee ann womack || now you see me now you dont,lee ann womack,1,train,train
TRWTLGE128F4228E92,lil kim featuring sisqo || how many licks,lil kim featuring sisqo,1,test,train
TRWTXLW128F42741B9,the cover girls || wishing on a star,the cover girls,1,train,test
TRWTXZB128F4234F93,tata bojs || halovo voditko 4,tata bojs,0,train,test
TRWTZBP128F92F4C9B,d12 || how come,d12,1,train,train
TRWTZXG128F426EA09,shel silverstein || standing,shel silverstein,0,train,test
TRWUKMT128F421C42F,mokoma || tama puoli,mokoma,0,train,train
TRWUUHS12903CC9223,plastiscines || another kiss,plastiscines,0,train,train
TRWUUZR128F934DB8D,kool keith || sly we fly feat motion man,kool keith,0,test,train
TRWUVEE128F427E073,hubert felix thiefaine || les mouches bleues,hubert felix thiefaine,0,train,test
TRWUYJE12903D09FB5,dream evil || lady of pleasure,dream evil,0,train,test
TRWUZER128F92E0BE1,nekromantix || way down to hell,nekromantix,0,train,test
TRWVAPE128F42BA1B3,metallica || hero of the day,metallica,1,train,test
TRWVKHI128F92F28E4,keyshia cole || heaven sent,keyshia cole,1,train,train
TRWVQDC12903CA9E36,alicia keys || unthinkable im ready,alicia keys,1,train,test
TRWVTKP128EF362538,toneloc || all through the night,toneloc,1,train,train
TRWVVBD128F92EAC99,audioslave || original fire,audioslave,1,test,train
TRWVVUQ128F145AD8B,najee || superwoman where were you when i needed you,najee,0,train,train
TRWVWBT128F92F1A3F,backyard tire fire || forever a day,backyard tire fire,0,train,train
TRWVXWR128F92CF848,mark wills || shes in love,mark wills,1,train,train
TRWWZMV12903CFB79A,scram c baby || evening dress,scram c baby,0,test,train
TRWXGMQ128F92E8B59,mat kearney || closer to love,mat kearney,1,train,test
TRWXLCE128F148729B,black oak arkansas || rebel 2006 remastered lp version,black oak arkansas,0,test,train
TRWXTYB128F4298AE6,whitney houston || whatchulookinat,whitney houston,1,train,train
TRWXUMV128F4298470,spice girls || headlines friendship never ends,spice girls,1,train,test
TRWYEVB12903CA449C,hannah montana || rock star,hannah montana,1,train,train
TRWYFFA128F9301792,bon jovi || misunderstood,bon jovi,0,train,train
TRWYVBK128F1468257,dangelo || lady,dangelo,1,train,train
TRWYVXR128F4269E69,frobelin palikat || rouva huttunen,frobelin palikat,0,train,test
TRWYYWB128F92F608B,mr sos || fraud felines aka too many cats be fakin instrumental,mr sos,0,train,train
TRWZEPR128F4296743,aloha || youve escaped 7 version,aloha,0,train,train
TRWZXLX128F42910B1,londonbeat || a better love,londonbeat,1,train,train
TRXAACB128F427E90E,toby tobias || bugle love,toby tobias,0,train,train
TRXAGDW128F425CC84,phoebe killdeer the short straws || hes gone,phoebe killdeer the short straws,0,train,train
TRXAKST128E07928FF,vanessa carlton || ordinary day,vanessa carlton,1,test,test
TRXANWN128F14A949A,tomi swick || habits,tomi swick,0,train,test
TRXAWGU128F14A0D85,steve bug || fresh,steve bug,0,train,train
TRXAYNO128F42AC7CC,teddy geiger || for you i will confidence,teddy geiger,1,train,train
TRXAZGI12903CBBB2E,five for fighting || superman its not easy,five for fighting,1,test,train
TRXBIKI128F426D22F,jean leclerc || tangerine 444,jean leclerc,0,train,test
TRXBKGA128F93054C5,todd rhodes and his orchestra || todds idea,todd rhodes and his orchestra,0,train,test
TRXCBAA128F42ACCEE,massive attack || unfinished sympathy,massive attack,0,train,train
TRXCEND128C71962A4,jodeci || get on up,jodeci,1,train,train
TRXCSMP128F428A359,lonestar || im already there,lonestar,1,train,train
TRXDAGS128F149D988,tracy byrd || the keeper of the stars,tracy byrd,1,train,train
TRXDEBV12903D071EF,a man called adam || estelle,a man called adam,0,test,train
TRXDSND128F92D4DC4,tricarico || oroscopo,tricarico,0,train,train
TRXEAYH12903CBFA56,lasgo || alone,lasgo,1,train,train
TRXEQSK128F9319884,king geedorah || the final hour,king geedorah,0,train,test
TRXETJS12903D1376E,adam lambert || time for miracles,adam lambert,1,test,train
TRXEUIW128F42366FB,brigada flores magon || chien de guerre,brigada flores magon,0,train,train
TRXFBUJ128F421AB25,david ball || riding with private malone,david ball,1,train,train
TRXFCXC128F42846DF,wild orchid || at night i pray,wild orchid,1,train,test
TRXFLUX128F4288736,tyrese || signs of love makin,tyrese,1,train,train
TRXFMIP128F423A4DA,god lives underwater || tricked,god lives underwater,0,train,train
TRXFMUG128F4294EEE,blu cantrell || hit em up style oops,blu cantrell,1,train,train
TRXFPDV128EF354146,reigning sound || shes bored with you,reigning sound,0,train,train
TRXGTIF128F92E4162,ebru gundes || senden gayri,ebru gundes,0,train,test
TRXGZWX128F146085B,talk talk || without you,talk talk,0,train,train
TRXHDFD128F9337A80,radium || concrete oppressor,radium,0,train,test
TRXHDNL128EF3570CC,gary allan || right where i need to be,gary allan,1,train,train
TRXICIN12903CD26F1,juniper moon || cosas que nunca te dije,juniper moon,0,train,train
TRXIDQU128F14566FF,ralph tresvant || sensitivity,ralph tresvant,1,train,train
TRXIGTK128F930D4B6,stephen kellogg the sixers || vegas,stephen kellogg the sixers,0,train,train
TRXITUO128F93236F5,brad paisley || american saturday night,brad paisley,1,test,train
TRXIWJV128F4238B00,sean paul || gimme the light,sean paul,1,train,test
TRXIZHF128F932D702,marshall crenshaw || long and complicated,marshall crenshaw,0,train,train
TRXIZRE128F92CDB0B,randy houser || anything goes,randy houser,1,train,train
TRXIZZP128F1465DE1,richard marx || keep coming back,richard marx,1,train,train
TRXJAKL128F9313B0D,los straitjackets || time bomb,los straitjackets,0,train,train
TRXJBTB128F932DBA8,elf power || temporary arm,elf power,0,train,train
TRXJFXM128F145F5D2,tracie spencer || its all about you not about me,tracie spencer,1,test,test
TRXJJTL128F931A402,the herbaliser || funny,the herbaliser,0,train,train
TRXJMCK128F425DBA2,tlc || girl talk,tlc,1,train,train
TRXJPGZ12903CC98CE,while || gate 2,while,0,test,test
TRXJTXI128F42470FC,xperience || fireworks,xperience,0,test,train
TRXKASQ12903CAC737,treat || im not runnin,treat,0,test,train
TRXKSBO128F4274FC7,masta ace incorporated || born to roll,masta ace incorporated,1,test,train
TRXKWPB128F4242DFB,toby keith || get drunk and be somebody,toby keith,1,train,train
TRXKXNH128F9321B73,jeru the damaja || intro,jeru the damaja,0,train,train
TRXKYVI12903CC1F9D,rhapsody of fire || crystal moonlight,rhapsody of fire,0,train,test
TRXLDMD128F93187E9,hudson mohawke || velvet peel,hudson mohawke,0,train,train
TRXLFSC12903CC4D64,framing hanley || lollipop,framing hanley,1,test,train
TRXLMRV128E078EC78,no doubt || simple kind of life,no doubt,1,test,test
TRXLYYK128F92FDAC8,same difference || breaking free,same difference,0,test,train
TRXMAVS128EF350545,chisel || interlude,chisel,0,test,train
TRXMBPH128F147753D,cathy dennis || everybody move,cathy dennis,1,train,train
TRXNOYO128F4227D13,gyroscope || safe forever,gyroscope,0,train,train
TRXORCK128F4296CD6,brooks dunn || its getting better all the time,brooks dunn,1,train,train
TRXORPL128F93148BB,boogie down productions || build and destroy,boogie down productions,0,train,train
TRXOYOZ12903D0DE53,zac brown band || chicken fried,zac brown band,1,train,train
TRXPIZE12903CAE528,the high wire || honeycomb,the high wire,0,train,train
TRXPNKD12903CB593E,deerhoof || the tears and music of love,deerhoof,0,train,train
TRXPNTR128E078662C,alanis morissette || thank u,alanis morissette,1,train,train
TRXPSET128F9319F9D,mariah carey || i want to know what love is,mariah carey,1,train,train
TRXQGRN128F1454B4C,son of dork || holly im the one,son of dork,0,train,train
TRXQPDS128F1472055,sarina paris || look at us,sarina paris,1,train,test
TRXQSFO128F92EC3B6,tyrese || sweet lady,tyrese,1,train,train
TRXQTYH128F427B166,erykah badu || honey,erykah badu,1,train,train
TRXQTZS128F92F7E22,sin plomo || nature groove,sin plomo,0,train,train
TRXRFBY128F93234B5,miley cyrus || hoedown throwdown,miley cyrus,1,train,train
TRXRIYK128F428CD86,usher || think of you,usher,1,train,train
TRXRPYM128F147B0C8,eric church || how bout you,eric church,1,train,test
TRXRZJA128F933501F,ddamage || ape shall never kill ape,ddamage,0,train,train
TRXSRMI128F9300669,bone crusher featuring killer mike ti || never scared,bone crusher featuring killer mike ti,1,train,train
TRXSSHO128F4261EE6,3t || anything,3t,1,train,train
TRXSTZP128F428C311,andy griggs || tonight i wanna be your man,andy griggs,1,train,train
TRXSVIF128F428E2A5,spirea x || chlorine dream,spirea x,0,train,test
TRXSWBF12903CE6466,bikstok rogsystem || pawpaw,bikstok rogsystem,0,train,test
TRXSYGA128F426F26D,lauryn hill || mr intentional,lauryn hill,0,train,train
TRXTJOP128F425554C,gary allan || tough little boys,gary allan,1,test,train
TRXTXMP128EF35F7B9,mika || grace kelly,mika,1,train,test
TRXUKYM128F42487DC,sondre lerche || my hands are shaking,sondre lerche,0,test,train
TRXULWA128F429F143,atomic 61 || the other whitemeat,atomic 61,0,test,train
TRXUVKX12903CBD5E7,headman || freedom drums,headman,0,train,test
TRXVBQP128F931C68F,geneva || best regrets,geneva,0,train,train
TRXVDDU128F4227E03,gerling || we got venom lp version,gerling,0,train,train
TRXVEBU12903CC5D27,young dre d || rise fall,young dre d,0,train,train
TRXVEXD128F9319B2E,wiley || stars,wiley,0,test,train
TRXVJVZ128F1459CC2,trisha yearwood || i wouldve loved you anyway,trisha yearwood,1,train,train
TRXVKGV128F145807E,chris ledoux || cadillac ranch dance club version,chris ledoux,0,train,train
TRXVWEM128F422F1A8,bayside || a synonym for acquiesce,bayside,0,train,train
TRXWCAM128F4261C7C,luther vandross || i can make it better,luther vandross,1,test,train
TRXWDDL128F425DBDE,tlc || hat 2 da back,tlc,1,train,train
TRXWKLR128F147CEEC,kudai || llevame acustico,kudai,0,train,test
TRXWQJL128EF351B64,the cinematic orchestra feat lou rhodes || music box,the cinematic orchestra feat lou rhodes,0,test,train
TRXWSGS128F931EDBD,after 7 || til you do me right,after 7,1,train,train
TRXXAEX128F1481559,the quireboys || hey you,the quireboys,0,train,test
TRXXCSV128F9300B59,prefuse 73 || uprock and invigorate a prefusedabrye production,prefuse 73,0,train,train
TRXXQER12903CB2605,hallelujah the hills || slow motion records broken at break neck speeds,hallelujah the hills,0,train,train
TRXXVOG128F92F411D,darius rucker || dont think i dont think about it,darius rucker,1,train,train
TRXYDWI128F93165B7,kris allen || heartless,kris allen,1,train,train
TRXYJMN128F931B4EC,tom petty || you dont know how it feels,tom petty,1,train,train
TRXYOKX128F42AF292,backstreet boys || just want you to know,backstreet boys,1,train,test
TRXYQNC128F425AD7F,dan bartamilan straka || stmivani,dan bartamilan straka,0,train,test
TRXYUEL128E0781C04,the sundays || a certain someone,the sundays,0,train,test
TRXZAMA128F9310108,louis logic || postal,louis logic,0,train,train
TRXZAZQ128E078666E,alanis morissette || hands clean,alanis morissette,1,train,train
TRXZCFI128F92F2924,vakill || the flyer,vakill,0,train,train
TRXZJLA12903CC168E,tuk tuk rally || 1 december,tuk tuk rally,0,train,test
TRXZSUN128F428923F,ruben studdard || sorry 2004,ruben studdard,1,train,train
TRYAFCL128F421EAF5,the honor system || finding color in grey people,the honor system,0,train,test
TRYAHQH128E0789ABF,chesney hawkes || the one and only,chesney hawkes,1,train,train
TRYALRP128F92F521E,system of a down || aerials,system of a down,1,train,train
TRYAMBV128F427AF29,bask || si commandante remix,bask,0,train,test
TRYAPPK12903CE83F1,ezgirl || 208 recap,ezgirl,0,test,train
TRYBGMF12903CAEC50,the black box revelation || sleep while moving,the black box revelation,0,train,train
TRYBJME128F425DA4D,tracy byrd || ten rounds with jose cuervo,tracy byrd,1,test,train
TRYBLTX128F426B3F3,nickelback || photograph,nickelback,1,test,test
TRYCERF128F149170B,lionel richie || dont wanna lose you,lionel richie,1,train,train
TRYCFBA128F14895A5,my chemical romance || famous last words,my chemical romance,1,train,test
TRYCQRL128F93333DB,cry cry cry || the kid,cry cry cry,0,test,train
TRYCSKB128F4285A89,king chango || melting pot intro,king chango,0,test,train
TRYCTAK128F935A243,klovner i kamp || 59_9_9 grader nord,klovner i kamp,0,train,train
TRYDCSY12903D08DAC,capleton || sign wonder,capleton,0,test,train
TRYDESI128F933B06C,antonio orozco || escuchame,antonio orozco,0,train,train
TRYDEYW12903D08522,nick jonas the administration || who i am,nick jonas the administration,1,test,train
TRYDIHO12903CF8472,504 boyz || wobble wobble,504 boyz,1,test,train
TRYDKSC12903CCFF86,rara avis || purpose,rara avis,0,train,train
TRYDWSR128F428005C,pearl jam || last kiss,pearl jam,1,train,train
TRYDYJD128F14632D9,mando diao || little boy jr 2002 digital remaster,mando diao,0,train,train
TRYEDYA128F4276172,trio toykeat || vagabonden och svan,trio toykeat,0,test,train
TRYEFYI128F42B74BC,dave weckl || tomatillo,dave weckl,0,train,train
TRYEHKJ12903CE5826,swirl people || its good to be the dj,swirl people,0,test,train
TRYEJCH12903CE60D3,the dillinger escape plan || room full of eyes,the dillinger escape plan,0,test,train
TRYELKF128F92F3347,happoradio || liittymat kiinni,happoradio,0,test,train
TRYFIQI12903CC070F,white lion || its over lp version,white lion,0,train,train
TRYFPBP12903CC75C8,mac kregor || parti en yeuks feat organiz,mac kregor,0,train,train
TRYFPHZ12903D1478C,antonio machin || somos novios,antonio machin,0,train,train
TRYFSJE128EF3622F9,the pharcyde || runnin,the pharcyde,1,train,train
TRYFTCH128F4242C56,laleh || hide away,laleh,0,train,test
TRYFVDL128F9320EA2,the tragically hip || fly,the tragically hip,0,test,test
TRYGRZD128F92DE5FE,the lost trailers || holler back,the lost trailers,1,test,test
TRYGSYN128F14957B9,guy lombardo || whats the reason im not pleasin you,guy lombardo,0,train,train
TRYHBZC128F931AFC8,helicopter girl || blue melody,helicopter girl,0,train,train
TRYHESG128F1452CE0,juliet turner || vampire,juliet turner,0,train,train
TRYHLZN128F42AE6C4,jonesmann || bis der letzte fallt,jonesmann,0,train,train
TRYIOPI128F93349CF,charly garcia || victima,charly garcia,0,train,train
TRYIRGS128F4264D22,susana baca || summertime,susana baca,0,test,train
TRYIYUF128F932573D,hilary duff || wake up,hilary duff,1,test,train
TRYJEIP12903CAA93F,seal || dont cry,seal,1,train,train
TRYJIHD128F42884CC,deborah cox || nobodys supposed to be here,deborah cox,1,train,test
TRYJNRE128F428A19A,erin bode || june,erin bode,0,test,test
TRYJPBH128F42A642C,chingo bling || like this n like that explicit album version,chingo bling,0,train,train
TRYJQYT128F149469D,dean martin || waiting for the robert e lee digitally remastered 97,dean martin,0,test,train
TRYJRAX128F425E33D,kenny rogers || i cant unlove you,kenny rogers,1,train,train
TRYKNOO128F932A718,necessary response || forever,necessary response,0,train,train
TRYKVFW128F4243264,kealii reichel || lahainaluna,kealii reichel,0,test,test
TRYLATP128F92E67C9,diomay || retour au xii,diomay,0,train,train
TRYLBOS12903CCB7FD,blessure grave || in my mind,blessure grave,0,test,test
TRYLDDB128F1474B86,afi || miss murder,afi,1,test,test
TRYLDXV128F425E722,trace adkins || every light in the house,trace adkins,1,train,train
TRYLNYG128F934C959,mercyful fate || nightmare be thy name,mercyful fate,0,test,test
TRYLOWQ12903CAC344,the rocket summer || this is a refuge,the rocket summer,0,test,train
TRYLRRS12903CA0E9E,dmx || stop being greedy,dmx,1,train,train
TRYLUFX128F42A0C51,the vandals || christian or canadian,the vandals,0,test,train
TRYLZPJ128F425AD81,nick lachey || i cant hate you anymore,nick lachey,1,train,train
TRYMDTA128F14ABE7B,aitiem || dicke dumme liese,aitiem,0,test,test
TRYMPIY128F93031A3,case joe || faded pictures,case joe,1,train,train
TRYMRST128E078373F,live || selling the drama,live,1,train,train
TRYMYWW128F9341688,love shop || krig ro ro,love shop,0,test,train
TRYNDMD128E0782911,runrig || healer in your heart,runrig,0,train,test
TRYNMOX128F1497D91,antony the johnsons || deeper than love,antony the johnsons,0,train,test
TRYNNVI128F931469B,kaadapatton || labsent,kaadapatton,0,train,train
TRYNSJH128F145D6DD,keith urban || but for the grace of god,keith urban,1,train,train
TRYOJGO128E0799462,mario winans || never really was amended version,mario winans,0,test,train
TRYOKRN128F9321806,u2 || get on your boots,u2,1,train,test
TRYOQMN128F42530E7,gregor tresher || break new soil,gregor tresher,0,train,train
TRYPFRW128EF3570D1,gary allan || nothing on but the radio,gary allan,1,train,train
TRYPLLZ128E07951EC,faith evans featuring carl thomas || cant believe,faith evans featuring carl thomas,1,test,test
TRYPNUU128E07912EA,beck || jackass,beck,1,train,train
TRYPSFO12903CA84F0,the pussycat dolls || stickwitu,the pussycat dolls,1,test,train
TRYPUAE128F427D282,man man || big trouble,man man,0,train,train
TRYPUSK128F4282B38,profane omen || rewind,profane omen,0,train,train
TRYPZXU128F930ECC9,steve perry || you better wait,steve perry,1,test,test
TRYQBUJ12903CC4AAA,tevin campbell || back to the world,tevin campbell,1,test,train
TRYQBWX128F9326C8C,madonna || celebration,madonna,1,train,train
TRYQMEK128F42942E6,the tractors || the santa claus boogie,the tractors,1,train,train
TRYQOIN128F42517ED,junior wells || little by little im losing you,junior wells,0,train,train
TRYQXMK12903CFEDA0,norther || black gold,norther,0,train,train
TRYREAS128E0786A99,david byrne || wicked little doll lp version,david byrne,0,test,train
TRYRQLJ128F92F258F,shirley collins || all things are quite silent,shirley collins,0,test,train
TRYRWWP128F932D184,girugamesh || dead world,girugamesh,0,train,train
TRYSKQT128F4236C72,govt mule || banks of the deep end,govt mule,0,train,train
TRYSVCP12903CE762D,1000names || haunted landscape,1000names,0,train,train
TRYTFTJ128F4289245,ben christophers || the spaces in between,ben christophers,0,test,test
TRYTHSA128F9322DD9,karrin allyson || nature boy,karrin allyson,0,train,train
TRYTPGN128F428603F,brazilian girls || i want out,brazilian girls,0,train,train
TRYTVVL128F931C559,the shamen || heal the separation organ mix,the shamen,0,train,train
TRYTWKM128F42BB520,lonestar || mountains,lonestar,1,train,train
TRYUFYC128F4260FDE,wighnomy brothers feat delhia || la cena,wighnomy brothers feat delhia,0,train,train
TRYUGZX128F1462579,the honeycombs || ill see you tomorrow,the honeycombs,0,test,train
TRYUMUZ128F426F3BD,sally shapiro || i know,sally shapiro,0,train,train
TRYUOQN128F92DD75E,askillz krafty kuts || happiness,askillz krafty kuts,0,train,train
TRYURPU128F14937DF,inhale exhale || sons of tomorrow to noah james,inhale exhale,0,train,train
TRYUSKW128F425E728,trace adkins || help me understand,trace adkins,1,train,train
TRYUSNW128F425C1BC,the last dance || wish me closer,the last dance,0,train,train
TRYVCSQ128F42939BF,harry gregsonwilliams || main titles,harry gregsonwilliams,0,train,test
TRYVIQR128F9309158,the warren brothers || little saviour of brooklyn,the warren brothers,0,train,train
TRYVTBE128F92EC75D,the kumba mela experiment || spiritual journey,the kumba mela experiment,0,train,train
TRYVURD128F92D02A2,karrin allyson || te amo,karrin allyson,0,train,train
TRYVYEZ128F4237304,handsome boy modeling school || first and then instrumental,handsome boy modeling school,0,train,train
TRYWFMW128E0792EFE,gin blossoms || as long as it matters,gin blossoms,1,train,train
TRYWFNH12903CC2F7B,a || enjoy yourself,a,1,train,train
TRYWUBG128F14771B5,obie trice || got some teeth,obie trice,1,train,train
TRYWVOO12903CBCF22,hank jones || my funny valentine,hank jones,0,train,test
TRYWWMZ128F933B291,scumbucket || by voices,scumbucket,0,test,train
TRYWWQC128F933761F,gary allan || learning how to bend,gary allan,1,train,train
TRYWXFK128F92EF27B,samantha fox || touch me 2007,samantha fox,0,train,train
TRYWYDF128F425FB40,billy dean || dont threaten me with a good time,billy dean,0,train,train
TRYWZJW128F9312023,dave matthews band || where are you going,dave matthews band,1,train,test
TRYXAVH128F42934DC,sage francis || got up this morning,sage francis,0,test,test
TRYXCRU128F42B785A,home grown || grow up,home grown,0,train,train
TRYXEQE128F42B2FFD,sarah mclachlan || river,sarah mclachlan,1,train,test
TRYYOYT128F1489EBF,el chojin f || escenario,el chojin f,0,test,train
TRYYQEG128F92E4419,craig david || 7 days,craig david,1,train,test
TRYYQHP128F9313D41,pnk || funhouse,pnk,1,train,test
TRYZMOC128F423E58D,my chemical romance || helena so long goodnight,my chemical romance,1,test,test
TRYZSJU128F4290095,backstreet boys || weve got it goin on,backstreet boys,1,train,test
TRYZXLF128F42582FE,brennan green || escape from chinatown,brennan green,0,test,train
TRYZZOD128EF362308,the pharcyde || drop,the pharcyde,1,train,train
TRZAGLX12903CEF338,clay walker || whats it to you,clay walker,1,test,train
TRZASSN128F4285F07,alicia keys || how come you dont call me,alicia keys,1,train,test
TRZBDHW128F14805B0,phil collins || another day in paradise,phil collins,1,train,train
TRZBDJG128F42727D2,beyonce || dangerously in love,beyonce,1,train,train
TRZBEQX128F4243603,kinito mendez || el chivo conuquero,kinito mendez,0,train,train
TRZBJZQ128F425C5BF,david arkenstone || taken by the wind,david arkenstone,0,train,train
TRZBKLC128F92ED28F,the black crowes || thorn in my pride,the black crowes,1,test,test
TRZBKZY128F42957F2,miranda lambert || kerosene,miranda lambert,1,train,train
TRZBLGD12903CC52ED,tevin campbell || tell me what you want me to do,tevin campbell,1,train,train
TRZCLRL128F14544A4,beth orton || conceived michael brauer radio mix,beth orton,0,train,test
TRZCXBR128F428F310,audio adrenaline || jazz odyssey bloom album version,audio adrenaline,0,test,test
TRZDDTY128F92CF096,rauxa || flis flas,rauxa,0,train,train
TRZDGCD128F4292E3E,zazie || femmes tefales,zazie,0,test,train
TRZDUHV128F429270E,the verve pipe || the freshmen,the verve pipe,1,train,train
TRZDVAJ128F92EAAC0,justin timberlake || summer love,justin timberlake,1,train,train
TRZEALU128F930C6CE,sandro perri || double suicide,sandro perri,0,train,train
TRZEMSR128F1488E74,keith urban || tonight i wanna cry,keith urban,1,test,train
TRZFFEW128F1491A5F,spice girls || too much,spice girls,1,train,test
TRZFPML128F931B0D4,blockhead || music by cavelight,blockhead,0,test,test
TRZFPUI128F147A02A,afi || love like winter,afi,1,train,test
TRZFXGT128F92FCF95,michael stanley || help,michael stanley,0,train,train
TRZGABY128F1462E00,yellowcard || ocean avenue,yellowcard,1,train,train
TRZGDVP128F14531F0,alanis morissette || ironic,alanis morissette,1,train,train
TRZGHKX128F4236EB7,lyrics born || i cant wait for your love feat joyo velarde_ prod chief xcelblackalicious,lyrics born,0,train,train
TRZGIUI128F932D2F3,sutton foster || sunshine on my shoulders,sutton foster,0,train,train
TRZGMXC128F92D8481,the inchtabokatables || healing hands,the inchtabokatables,0,train,train
TRZGXKI128F92E8060,the avett brothers || pretty girl from san diego,the avett brothers,0,train,train
TRZHAHK128F93055E2,ice cube mack 10 ms toi || you can do it,ice cube mack 10 ms toi,0,test,train
TRZHCHI12903CD8DCB,finger eleven || complicated questions,finger eleven,0,train,train
TRZHIQO128F92DE5B9,kellie pickler || best days of your life,kellie pickler,1,train,train
TRZHJHI128F427D217,houston calls || the better part of valor,houston calls,0,train,train
TRZIERZ128F4287E81,brooks dunn || youll always be loved by me,brooks dunn,1,train,train
TRZIHRQ128F92CA4DF,ace of base || cruel summer,ace of base,1,train,test
TRZIJYG128F1484D60,adam ant || room at the top,adam ant,1,train,train
TRZIVNR128F93086AF,jackie greene || like a ball and chain,jackie greene,0,train,train
TRZIWHB128F930386D,call and response || the fool,call and response,0,train,train
TRZIYEV128F931F5C9,escuela de odio || gritos,escuela de odio,0,train,test
TRZJBTO128F1467147,bonnie raitt || have a heart,bonnie raitt,1,train,train
TRZJEIP12903CFDBC9,eric church || smoke a little smoke,eric church,1,train,test
TRZJJPP128E07997C4,skinnyman || who me,skinnyman,0,train,test
TRZJNJU128F148ADF0,darryl worley || when you need my love,darryl worley,1,test,train
TRZJTEE128E078F51D,mary j blige || sweet thing,mary j blige,1,test,train
TRZJUCW128F92F5C6A,el barrio || en la calle del amor,el barrio,0,train,train
TRZKDNJ128E078AC77,wilt || no worries,wilt,0,test,test
TRZLDPX128F421EDA1,solar fields || jeezlh,solar fields,0,train,test
TRZLFOG128F4260A16,sean kingston || take you there,sean kingston,1,train,test
TRZLHBF128F147BB12,olga tanon || se que vendras llorando bonus track,olga tanon,0,train,train
TRZLHQN128F1453A17,g dep feat mark curry and loon || blast off,g dep feat mark curry and loon,0,train,train
TRZLIYM128F146E8D7,goo goo dolls || give a little bit,goo goo dolls,1,test,train
TRZLNAQ128F92F28C9,aaliyah || more than a woman,aaliyah,1,train,train
TRZLPJO128F423C693,enya || only if,enya,1,train,train
TRZLPTI128F14585DD,kid frost || no sunshine,kid frost,1,train,train
TRZLTKY128F1459D79,joe nichols || she only smokes when she drinks,joe nichols,1,train,train
TRZLWKR128E078B0F8,adam sandler || the chanukah song,adam sandler,1,train,train
TRZMERO128F92ED22A,melanie fiona || it kills me,melanie fiona,1,train,train
TRZMMNN12903CBA99D,delerium || heavens earth matt darey remix radio edit,delerium,0,train,train
TRZMXJI128F935A0F2,jonathan king || youre the greatest lover,jonathan king,0,test,train
TRZNIOJ128F9307592,the lancashire hotpots || deirdre,the lancashire hotpots,0,train,train
TRZNWXW128F4248D6B,johann johannsson || salfraedingur,johann johannsson,0,train,train
TRZOJVI128F92F5A1A,mystikal || bouncin back bumpin me against the wall,mystikal,1,train,train
TRZPEWU128F42A2A39,death by kite || dare i eat a peach,death by kite,0,train,test
TRZPFBY12903CA7CD8,tony di bart || the real thing,tony di bart,0,train,test
TRZQIKA128F4289413,sugarland || joey,sugarland,1,train,train
TRZQIPC128F9314132,crystal eyes || lonely ball of fate,crystal eyes,0,train,test
TRZQJFI128F14765BE,oakley hall || spanish fandango,oakley hall,0,train,train
TRZQPDA128F422AEF8,phil kline || youve never lived zippo songs,phil kline,0,train,train
TRZRMML128F1459DF4,mark wills || 19 somethin,mark wills,1,train,train
TRZRSHS128F9337CE3,lusine || keep me fading,lusine,0,test,train
TRZRTHR128EF33ED94,murder at the registry || the stolen photograph,murder at the registry,0,train,train
TRZRVWF128F424EA0B,jonas brothers || when you look me in the eyes,jonas brothers,1,train,train
TRZRXRD128F931113D,knaan || wavin flag,knaan,1,test,train
TRZRZTM128F4259BEB,dan potthast || heavy,dan potthast,0,train,train
TRZRZTX128F92E314B,obszon geschopf || resist,obszon geschopf,0,train,train
TRZRZXQ128F92DE1EA,fred fortin || georges,fred fortin,0,train,test
TRZSFPQ128F147554C,havalina rail company || hot pants,havalina rail company,0,test,train
TRZSRMM128F934202A,barenaked ladies || brian wilson,barenaked ladies,1,train,train
TRZSWTH12903CEA4C5,101 strings || blues in the shadows,101 strings,0,train,train
TRZTEQA128F146B1A4,john waite || how did i get by without you,john waite,1,test,train
TRZTGCG128F92E504C,bill engvall || caught big time lp version,bill engvall,0,test,train
TRZTICD128F423766A,billie myers || kiss the rain,billie myers,1,test,test
TRZTJRK128F428D2BC,outkast || roses,outkast,1,train,train
TRZTMLZ12903CE7F05,a small good thing || heathaze,a small good thing,0,test,train
TRZTTLN128F423BCC4,ivan ferreiro || personalidad multiple,ivan ferreiro,0,train,train
TRZTWLJ128F4257750,stacie orrico || stuck,stacie orrico,1,train,train
TRZTYRN128F92FC935,george mccrae || sunny aruba,george mccrae,0,train,train
TRZUBJA12903CB80D0,matt wertz || honest man,matt wertz,0,train,train
TRZUDQR128F424889F,terry riley || the ecstacy,terry riley,0,test,test
TRZUIOX128F4227BFC,james blunt || 1973,james blunt,1,train,train
TRZUSNQ128F14698DA,dnote || changeless,dnote,0,train,train
TRZUWYN128F932BC8F,stereophonics || climbing the wall,stereophonics,0,train,test
TRZUYRV128F4281F31,vybz kartel || bruk out,vybz kartel,0,train,train
TRZVDKI128EF367614,linkin park || shadow of the day,linkin park,1,train,train
TRZVOZR12903CA44FB,mira craig || im the one,mira craig,0,train,train
TRZVPZQ128E078F0E3,bon jovi || in these arms,bon jovi,1,train,train
TRZVUWB128F9328FF9,amduscia || a pleasure without end,amduscia,0,train,train
TRZVUYQ128F424DA6D,masters of the hemisphere || she plays guitar,masters of the hemisphere,0,train,train
TRZVWJC128F42418CA,a jealousy issue || burning butterflies,a jealousy issue,0,train,train
TRZVYBQ128F932AA2C,ashbury heights || swansong,ashbury heights,0,train,train
TRZVYZE12903CDCD26,darryl worley || doin whats right,darryl worley,0,train,train
TRZWANT128F428BA45,the aggrolites || prisoner song,the aggrolites,0,test,train
TRZWWJU128F4288383,phil vassar || just another day in paradise,phil vassar,1,test,train
TRZXLGT128F92FA7AC,letters to cleo || awake,letters to cleo,1,train,train
TRZXLHH128F4262E9B,spin doctors || you let your heart go too fast,spin doctors,1,train,train
TRZXNWF128F14538A5,prince alla || they never love in disco style,prince alla,0,train,train
TRZXPJT128F42BC289,ginuwine || whats so different,ginuwine,1,train,train
TRZYQZI128F934347D,don huonot || marionettikadulla,don huonot,0,test,train
TRZYUDY128F148AD53,jessica andrews || who i am,jessica andrews,1,test,train
TRZZMLV128F426AE03,allure featuring 112 || all cried out,allure featuring 112,1,train,train
TRZZPNJ12903CC8985,taal || mister grey,taal,0,test,train
TRZZUTD12903CADD68,kid cudi || solo dolo nightmare,kid cudi,0,test,test
TRZZXER128F4253184,zbigniew preisner || first time outside,zbigniew preisner,0,train,test
TRZZYRP128F92F1307,solipsism || flying,solipsism,0,train,train
TRZZZYV128F92E996D,tlc || dear lie,tlc,1,train,train
