canonical_key,artist_name,row_date,artist_score,prior_hit_title,prior_hit_date,chronology_valid
spin doctors || cleopatras cat,Spin Doctors,1994-06-18,1,Jimmy Olsen's Blues,1993-12-04,True
phil vassar || sixpack summer,Phil Vassar,2001-08-11,1,Rose Bouquet,2001-05-19,True
craig morgan || international harvester,Craig Morgan,2007-12-15,1,Tough,2007-09-08,True
puff johnson || forever more,Puff Johnson,1996-05-18,0,,,True
zhane || groove thang,Zhané,1994-01-15,1,Hey Mr. D.J.,1994-01-08,True
enya || only if,Enya,1998-01-03,1,Caribbean Blue,1992-04-18,True
leona lewis || bleeding love,Leona Lewis,2008-03-01,0,,,True
deana carter || did i shave my legs for this,Deana Carter,1997-12-13,1,We Danced Anyway,1997-04-05,True
lmfao || im in miami trick,LMFAO,2009-03-21,0,,,True
david cook || the time of my life,David Cook,2008-06-07,0,,,True
phil collins || something happened on the way to heaven,Phil Collins,1990-08-04,1,Do You Remember?,1990-07-28,True
dwele || find a way,Dwele,2003-09-20,0,,,True
backstreet boys || incomplete,Backstreet Boys,2005-04-23,1,Drowning,2002-03-02,True
remy shand || take a message,Remy Shand,2002-04-27,0,,,True
audioslave || doesnt remind me,Audioslave,2005-09-17,1,Be Yourself,2005-07-23,True
common || the light,Common,2000-08-05,0,,,True
kci jojo || all my life,K-Ci & JoJo,1998-03-28,1,Last Night's Letter,1998-02-14,True
jermaine jackson || dont take it personal,Jermaine Jackson,1990-01-06,1,Don't Take It Personal,1989-12-30,True
backstreet boys || show me the meaning of being lonely,Backstreet Boys,2000-01-01,1,Larger Than Life,1999-12-25,True
eddie money || fall in love again,Eddie Money,1992-05-16,1,I'll Get By,1992-05-02,True
swv || right here,SWV,1993-01-02,0,,,True
faith hill || like we never loved at all,Faith Hill,2005-10-08,1,Mississippi Girl,2005-10-01,True
abra moore || four leaf clover,Abra Moore,1997-07-19,0,,,True
justin timberlake || cry me a river,Justin Timberlake,2002-12-21,1,Like I Love You,2002-12-14,True
linkin park || crawling,Linkin Park,2001-08-11,1,One Step Closer,2001-06-02,True
lady antebellum || need you now,Lady Antebellum,2009-08-29,1,I Run To You,2009-08-22,True
masta ace incorporated || born to roll,Masta Ace Incorporated,1994-03-12,0,,,True
karyn white || hungah,Karyn White,1994-09-24,1,The Way I Feel About You,1992-04-11,True
luke bryan || someone else calling you baby,Luke Bryan,2010-11-13,1,Rain Is A Good Thing,2010-08-21,True
ashley tisdale || he said she said,Ashley Tisdale,2007-01-27,0,,,True
kings of leon || sex on fire,Kings Of Leon,2008-11-08,1,Use Somebody,2008-10-11,True
happy mondays || step on,Happy Mondays,1991-03-16,0,,,True
candlebox || far behind,Candlebox,1994-08-27,1,You,1994-07-16,True
aaliyah || at your best you are love,Aaliyah,1994-09-03,1,Back & Forth,1994-08-27,True
dmx || who we be,DMX,2001-10-13,1,Party Up (Up In Here),2000-07-15,True
elton john || made in england,Elton John,1995-07-15,1,Believe,1995-07-08,True
poison || ride the wind,Poison,1991-02-02,1,Something To Believe In,1991-01-26,True
dixie chicks || cowboy take me away,Dixie Chicks,1999-11-27,1,Ready To Run,1999-11-20,True
jonas brothers || paranoid,Jonas Brothers,2009-05-30,1,Tonight,2009-03-14,True
dixie chicks || you were mine,Dixie Chicks,1999-01-23,1,Wide Open Spaces,1999-01-16,True
robbie nevil || for your mind,Robbie Nevil,1991-10-26,1,Just Like You,1991-10-05,True
saving abel || addicted,Saving Abel,2008-06-28,0,,,True
gretchen wilson || here for the party,Gretchen Wilson,2004-08-07,1,Redneck Woman,2004-07-31,True
metallica || the day that never comes,Metallica,2008-09-06,1,I Disappear,2000-09-23,True
celine dion || i drove all night,Céline Dion,2003-02-15,1,A New Day Has Come,2002-07-13,True
sunscreem || love u more,Sunscreem,1993-02-27,0,,,True
christina aguilera || aint no other man,Christina Aguilera,2006-06-24,1,The Voice Within,2004-03-13,True
augustana || sweet and low,Augustana,2008-05-17,1,Boston,2007-03-31,True
madison avenue || dont call me baby,Madison Avenue,2000-07-08,0,,,True
mc hammer || pray,MC Hammer,1990-09-29,1,Have You Seen Her,1990-09-22,True
audioslave || like a stone,Audioslave,2003-03-01,1,Cochise,2003-02-22,True
the white stripes || blue orchid,The White Stripes,2005-05-07,1,Seven Nation Army,2003-10-04,True
maroon 5 || this love,Maroon 5,2004-02-14,1,Harder To Breathe,2004-01-17,True
britney spears || lucky,Britney Spears,2000-08-12,1,Oops!...I Did It Again,2000-08-05,True
lonestar || im already there,Lonestar,2001-05-05,1,Tell Her,2001-03-31,True
lost boyz || music makes me high,Lost Boyz,1996-10-05,1,Renee,1996-07-20,True
bee gees || paying the price of love,Bee Gees,1993-10-23,1,One,1989-10-28,True
monifah || touch it,Monifah,1998-08-08,1,You Don't Have To Love Me,1997-03-01,True
the fray || how to save a life,The Fray,2006-04-15,1,Over My Head (Cable Car),2006-04-08,True
rick astley || hopelessly,Rick Astley,1993-09-04,1,Move Right Out,1991-07-20,True
jim jones ron browz featuring juelz santana || pop champagne,Jim Jones & Ron Browz featuring Juelz Santana,2008-11-01,0,,,True
avril lavigne || hot,Avril Lavigne,2007-12-08,1,When You're Gone,2007-11-17,True
stevie nicks || sometimes its a bitch,Stevie Nicks,1991-09-07,1,Rooms On Fire,1989-08-05,True
lou bega || mambo no 5 a little bit of,Lou Bega,1999-08-28,0,,,True
nick lachey || whats left of me,Nick Lachey,2006-03-11,0,,,True
kanye west || diamonds from sierra leone,Kanye West,2005-05-21,1,Jesus Walks,2004-10-23,True
celine dion || taking chances,Céline Dion,2007-12-01,1,I Drove All Night,2003-05-10,True
darryl worley || have you forgotten,Darryl Worley,2003-03-15,1,I Miss My Friend,2002-10-26,True
toni braxton || he wasnt man enough,Toni Braxton,2000-03-18,1,Un-Break My Heart,1997-08-09,True
lady antebellum || our kind of love,Lady Antebellum,2010-02-06,1,Ready To Love Again,2010-01-30,True
sheryl crow || all i wanna do,Sheryl Crow,1994-08-06,1,Leaving Las Vegas,1994-06-25,True
evan and jaron || crazy for this girl,Evan and Jaron,2000-11-04,0,,,True
shai || if i ever fall in love,Shai,1992-10-17,0,,,True
cleopatra || cleopatras theme,Cleopatra,1998-07-04,0,,,True
aaliyah || age aint nothing but a number,Aaliyah,1995-01-14,1,At Your Best (You Are Love),1995-01-07,True
swing out sister || am i the same girl,Swing Out Sister,1992-09-12,1,Waiting Game,1989-06-24,True
the tokens || the lion sleeps tonight wimoweh,The Tokens,1994-08-20,0,,,True
real mccoy || one more time,Real McCoy,1997-03-29,1,Automatic Lover (Call For Love),1996-02-24,True
selena gomez the scene || naturally,Selena Gomez & The Scene,2010-01-09,1,Falling Down,2009-10-17,True
incubus || wish you were here,Incubus,2001-09-22,1,Drive,2001-09-15,True
buddy jewell || help pour out the rain laceys song,Buddy Jewell,2003-06-21,0,,,True
lost boyz || lifestyles of the rich and shameless,Lost Boyz,1995-05-13,0,,,True
lasgo || alone,Lasgo,2003-12-27,1,Something,2003-03-15,True
janet jackson || i want you,Janet Jackson,2004-04-03,1,Just A Little While,2004-03-27,True
blackstreet || joy,Blackstreet,1995-04-01,1,Before I Let You Go,1995-03-25,True
macy gray || i try,Macy Gray,2000-02-19,0,,,True
joe cocker || what are you doing with a fool like me,Joe Cocker,1990-06-23,1,When The Night Comes,1990-03-10,True
the hives || hate to say i told you so,The Hives,2002-07-20,0,,,True
christina aguilera featuring redman || dirrty,Christina Aguilera Featuring Redman,2002-09-21,0,,,True
eli young band || always the love songs,Eli Young Band,2009-04-04,0,,,True
kool g rap || fast life,Kool G Rap,1995-12-02,0,,,True
lee ann womack || a little past little rock,Lee Ann Womack,1998-10-10,0,,,True
curtis stigers || sleeping with the lights on,Curtis Stigers,1992-06-20,1,You're All That Matters To Me,1992-03-07,True
brooks dunn || my heart is lost to you,Brooks & Dunn,2002-05-25,1,The Long Goodbye,2002-05-04,True
lady antebellum || lookin for a good time,Lady Antebellum,2008-10-25,1,Love Don't Live Here,2008-07-12,True
shai || baby im yours,Shai,1993-06-05,1,Comforter,1993-05-29,True
three days grace || home,Three Days Grace,2005-02-12,1,Just Like You,2004-12-11,True
five || when the lights go out,Five,1998-06-06,0,,,True
amy winehouse || you know im no good,Amy Winehouse,2007-03-31,0,,,True
toby love featuring rakim keny || tengo un amor,Toby Love featuring Rakim & Ken-Y,2006-11-18,0,,,True
daughtry || life after you,Daughtry,2009-12-19,1,No Surprise,2009-10-31,True
bell biv devoe || when will i see you smile again,Bell Biv DeVoe,1991-01-19,1,B.B.D. (I Thought It Was Me)?,1991-01-12,True
kris kross || live and die for hip hop,Kris Kross,1996-04-27,1,Tonite's Tha Night,1996-04-20,True
fergie || clumsy,Fergie,2007-10-27,1,Big Girls Don't Cry,2007-10-20,True
joe jonas || gotta find you,Joe Jonas,2008-07-05,0,,,True
brad paisley || celebrity,Brad Paisley,2003-06-14,1,I Wish You'd Stay,2003-03-22,True
dan baird || i love you period,Dan Baird,1992-12-05,0,,,True
danny gokey || my best days are ahead of me,Danny Gokey,2010-03-20,0,,,True
the killers || read my mind,The Killers,2007-03-03,1,When You Were Young,2007-01-06,True
stevie wonder || for your love,Stevie Wonder,1995-03-04,1,"Gotta Have You (From ""Jungle Fever"")",1991-08-03,True
madonna || ray of light,Madonna,1998-07-11,1,Frozen,1998-07-04,True
john mellencamp || key west intermezzo i saw you first,John Mellencamp,1996-08-31,1,Dance Naked,1995-02-18,True
indiaarie || video,India.Arie,2001-03-31,0,,,True
city high || what would you do,City High,2001-03-24,0,,,True
haddaway || what is love,Haddaway,1993-08-28,0,,,True
faith hill || sunshine and summertime,Faith Hill,2006-07-29,1,The Lucky One,2006-06-03,True
orgy || blue monday,Orgy,1999-02-27,0,,,True
no doubt || simple kind of life,No Doubt,2000-07-01,1,Just A Girl,1996-06-29,True
keith urban || you look good in my shirt,Keith Urban,2008-07-05,1,Everybody,2008-02-23,True
jinny || keep warm,Jinny,1991-09-14,0,,,True
kelly clarkson || breakaway,Kelly Clarkson,2004-08-28,1,Low,2003-11-29,True
brooks dunn || youll always be loved by me,Brooks & Dunn,2000-06-10,1,Missing You,1999-10-30,True
shakira || she wolf,Shakira,2009-08-01,1,Don't Bother,2006-01-14,True
guy || lets chill,Guy,1991-02-23,1,I Wanna Get With U,1991-02-16,True
toby keith || american ride,Toby Keith,2009-08-15,1,Lost You Anyway,2009-07-18,True
miley cyrus || breakout,Miley Cyrus,2008-08-09,1,7 Things,2008-08-02,True
whitney houston || i learned from the best,Whitney Houston,2000-02-19,1,My Love Is Your Love,2000-02-12,True
alan jackson || little man,Alan Jackson,1999-07-10,1,Gone Crazy,1999-06-05,True
bonnie raitt || love sneakin up on you,Bonnie Raitt,1994-03-12,1,Not The Only One,1992-08-08,True
republica || ready to go,Republica,1996-08-10,0,,,True
londonbeat || come back,Londonbeat,1995-04-15,1,A Better Love,1991-08-17,True
firehouse || i live my life for you,Firehouse,1995-02-25,1,Sleeping With You,1993-02-13,True
gloria estefan || youll be mine party time,Gloria Estefan,1996-09-07,1,Reach,1996-08-31,True
phil collins || another day in paradise,Phil Collins,1990-01-06,1,Another Day In Paradise,1989-12-30,True
marc anthony || i need to know,Marc Anthony,1999-09-11,0,,,True
lenny kravitz || fly away,Lenny Kravitz,1998-12-05,1,Can't Get You Off My Mind,1996-08-03,True
david cook || permanent,David Cook,2009-06-06,1,Come Back To Me,2009-04-18,True
dierks bentley || settle for a slowdown,Dierks Bentley,2006-04-01,1,Come A Little Closer,2006-02-04,True
yellowcard || lights and sounds,Yellowcard,2006-02-04,1,Ocean Avenue,2004-09-25,True
kenny g || havana,Kenny G,1997-03-08,1,The Moment,1997-02-15,True
jonas brothers || bb good,Jonas Brothers,2008-08-30,1,Tonight,2008-08-23,True
mariah carey || ill be lovin u long time,Mariah Carey,2008-07-26,1,Bye Bye,2008-07-19,True
beyonce || ego,Beyoncé,2009-06-20,1,Halo,2009-06-13,True
kenny chesney || summertime,Kenny Chesney,2006-04-29,1,Living In Fast Forward,2006-04-22,True
shanice || i love your smile,Shanice,1991-11-23,0,,,True
le click || tonight is the night,Le Click,1995-07-22,0,,,True
nickelback || figured you out,Nickelback,2004-02-07,1,Someday,2004-01-31,True
eiffel 65 || blue da ba dee,Eiffel 65,1999-12-11,0,,,True
lenny kravitz || ill be waiting,Lenny Kravitz,2008-02-23,1,Lady,2005-04-23,True
will smith || miami,Will Smith,1998-12-05,1,Just The Two Of Us,1998-11-28,True
dru hill || were not making love no more,Dru Hill,1997-12-13,1,Never Make A Promise,1997-12-06,True
lil mama featuring chris brown tpain || shawty get loose,Lil Mama featuring Chris Brown & T-Pain,2008-03-08,0,,,True
ferras || hollywoods not america,Ferras,2008-04-05,0,,,True
cathy dennis || everybody move,Cathy Dennis,1991-12-14,1,Too Many Walls,1991-11-16,True
sleepy brown featuring outkast || i cant wait,Sleepy Brown featuring Outkast,2004-02-21,0,,,True
kris kross || im real,Kris Kross,1993-11-20,1,I Missed The Bus,1993-01-09,True
bone thugsnharmony || tha crossroads,Bone Thugs-N-Harmony,1996-05-11,1,East 1999,1996-03-02,True
natalie imbruglia || wrong impression,Natalie Imbruglia,2002-03-02,1,Torn,1998-12-12,True
nelly featuring kelly rowland || dilemma,Nelly featuring Kelly Rowland,2002-07-13,0,,,True
toni braxton featuring loon || hit the freeway,Toni Braxton Featuring Loon,2002-11-09,0,,,True
sara bareilles || love song,Sara Bareilles,2007-11-17,0,,,True
dangelo || cruisin,D'Angelo,1995-11-04,1,Brown Sugar,1995-10-28,True
finger eleven || one thing,Finger Eleven,2004-07-24,0,,,True
guns n roses || dont cry,Guns N' Roses,1991-09-21,1,You Could Be Mine,1991-09-14,True
faith evans featuring carl thomas || cant believe,Faith Evans (Featuring Carl Thomas),2001-05-05,0,,,True
r kelly || if i could turn back the hands of time,R. Kelly,1999-08-28,1,Did You Ever Think,1999-08-21,True
hifive || shes playing hard to get,Hi-Five,1992-08-01,1,Just Another Girlfriend,1992-01-11,True
shabba ranks || lets get it on,Shabba Ranks,1995-03-11,1,"Mr. Loverman (From ""Deep Cover"")",1992-10-17,True
atlantic starr || love crazy,Atlantic Starr,1991-11-23,1,One Lover At A Time,1987-11-07,True
clay davidson || unconditional,Clay Davidson,2000-03-25,0,,,True
tracy byrd || walking to jerusalem,Tracy Byrd,1995-08-12,1,The Keeper Of The Stars,1995-05-13,True
backstreet boys || inconsolable,Backstreet Boys,2007-09-29,1,Just Want You To Know,2005-09-24,True
r kelly || when a womans fed up,R. Kelly,1998-12-26,1,Gotham City,1997-11-29,True
dixie chicks || i can love you better,Dixie Chicks,1998-01-31,0,,,True
alicia keys || like youll never see me again,Alicia Keys,2007-11-24,1,No One,2007-11-17,True
taylor swift || you belong with me,Taylor Swift,2008-11-22,1,You're Not Sorry,2008-11-15,True
keith urban || but for the grace of god,Keith Urban,2000-12-23,1,Your Everything,2000-10-28,True
shakespears sister || i dont care,Shakespears Sister,1992-11-28,1,Stay,1992-11-14,True
finger eleven || paralyzer,Finger Eleven,2007-06-23,1,One Thing,2005-02-05,True
blessid union of souls || i wanna be there,Blessid Union Of Souls,1997-05-10,1,All Along,1996-10-12,True
avril lavigne || sk8er boi,Avril Lavigne,2002-09-14,1,Complicated,2002-09-07,True
maxwell || bad habits,Maxwell,2009-10-10,1,Pretty Wings,2009-10-03,True
jonas brothers || lovebug,Jonas Brothers,2008-09-27,1,Burnin' Up,2008-09-20,True
beyonce || listen,Beyoncé,2007-01-06,1,Irreplaceable,2006-12-30,True
paula abdul || vibeology,Paula Abdul,1992-01-18,1,Blowing Kisses In The Wind,1992-01-11,True
jennifer hanson || beautiful goodbye,Jennifer Hanson,2003-01-18,0,,,True
white town || your woman,White Town,1997-03-29,0,,,True
matchbox twenty || disease,matchbox twenty,2002-10-19,1,Mad Season,2001-09-15,True
mc hammer || here comes the hammer,MC Hammer,1991-01-05,1,Pray,1990-12-29,True
tlc || silly ho,TLC,1999-01-09,1,Diggin' On You,1996-03-30,True
terri clark || i just wanna be mad,Terri Clark,2002-11-09,1,A Little Gasoline,2001-01-20,True
jeru the damaja || come clean,Jeru The Damaja,1994-01-29,0,,,True
lenny kravitz || believe,Lenny Kravitz,1993-07-03,1,Stand By My Woman,1991-12-07,True
christina aguilera || not myself tonight,Christina Aguilera,2010-05-01,1,Keeps Gettin' Better,2009-02-14,True
az yet featuring peter cetera || hard to say im sorry,Az Yet featuring Peter Cetera,1997-02-22,0,,,True
hannah montana || rock star,Hannah Montana,2008-02-16,1,Nobody's Perfect,2007-08-04,True
beck || epro,Beck,2005-03-26,1,Jack-Ass,1997-11-15,True
garbage || push it,Garbage,1998-05-09,1,Stupid Girl,1996-12-07,True
gary allan || watching airplanes,Gary Allan,2007-11-10,1,A Feelin' Like That,2007-05-05,True
joe nichols || she only smokes when she drinks,Joe Nichols,2003-08-16,1,Brokenheartsville,2003-06-07,True
trisha yearwood || i wouldve loved you anyway,Trisha Yearwood,2001-08-04,1,Real Live Woman,2000-05-06,True
madonna || hung up,Madonna,2005-11-05,1,American Life,2003-05-24,True
limp bizkit || my way,Limp Bizkit,2001-04-28,1,Rollin',2001-03-03,True
kenny lattimore || never too busy,Kenny Lattimore,1996-07-20,0,,,True
simple minds || shes a river,Simple Minds,1995-02-18,1,See The Lights,1991-07-20,True
vanessa williams || save the best for last,Vanessa Williams,1992-02-01,1,The Comfort Zone,1992-01-25,True
kenny chesney || keg in the closet,Kenny Chesney,2005-06-04,1,Anything But Mine,2005-05-28,True
jayz featuring blackstreet || the city is mine,Jay-Z featuring Blackstreet,1998-01-31,0,,,True
j holiday || bed,J. Holiday,2007-08-04,0,,,True
maxi priest || just a little bit longer,Maxi Priest,1990-12-08,1,Close To You,1990-12-01,True
lil kim featuring sisqo || how many licks,Lil' Kim (Featuring Sisqo),2000-11-25,0,,,True
beyonce || at last,Beyoncé,2009-02-07,1,Single Ladies (Put A Ring On It),2009-01-31,True
westside connection || bow down,Westside Connection,1996-09-28,0,,,True
jayz || izzo hova,Jay-Z,2001-07-28,1,I Just Wanna Love U (Give It 2 Me),2001-03-17,True
iyaz || replay,Iyaz,2009-09-05,0,,,True
darryl worley || sounds like life to me,Darryl Worley,2009-08-01,1,If Something Should Happen,2005-07-23,True
aaron hall || dont be afraid,Aaron Hall,1992-03-14,0,,,True
firehouse || love of a lifetime,Firehouse,1991-06-29,1,Don't Treat Me Bad,1991-06-22,True
twista || get it wet,Twista,1997-11-29,0,,,True
u2 || get on your boots,U2,2009-02-07,1,Sometimes You Can't Make It On Your Own,2005-04-30,True
lloyd banks || on fire,Lloyd Banks,2004-05-15,0,,,True
the killers || spaceman,The Killers,2008-11-22,1,Human,2008-11-15,True
natasha bedingfield || soulmate,Natasha Bedingfield,2009-05-09,1,Angel,2008-11-22,True
eric church || how bout you,Eric Church,2006-07-22,0,,,True
real mccoy || automatic lover call for love,Real McCoy,1995-10-21,1,Come And Get Your Love,1995-10-14,True
alan jackson || thatd be alright,Alan Jackson,2003-02-08,1,Work In Progress,2002-12-28,True
gary allan || right where i need to be,Gary Allan,2001-04-07,1,Smoke Rings In The Dark,2000-02-19,True
sara evans || suds in the bucket,Sara Evans,2004-08-07,1,Perfect,2004-05-29,True
bubba sparxxx || ugly,Bubba Sparxxx,2001-09-01,0,,,True
natasha bedingfield || unwritten,Natasha Bedingfield,2005-12-10,1,These Words,2005-11-12,True
chesney hawkes || the one and only,Chesney Hawkes,1991-08-03,0,,,True
queens of the stone age || no one knows,Queens Of The Stone Age,2002-12-28,0,,,True
blind melon || no rain,Blind Melon,1993-08-21,0,,,True
lifehouse || hanging by a moment,Lifehouse,2001-02-10,0,,,True
keith urban || days go by,Keith Urban,2004-07-24,1,You'll Think Of Me,2004-06-26,True
justin bieber || love me,Justin Bieber,2009-11-14,1,One Time,2009-11-07,True
the script || the man who cant be moved,The Script,2010-08-21,1,Breakeven,2010-08-14,True
david archuleta || angels,David Archuleta,2008-11-15,1,Crush,2008-11-08,True
julianne hough || that song in my head,Julianne Hough,2008-06-07,0,,,True
justin bieber || never let you go,Justin Bieber,2010-03-20,1,One Less Lonely Girl,2010-02-13,True
nas || i can,Nas,2003-03-01,1,Made You Look,2003-02-22,True
chico debarge || give you what you want fa sure,Chico DeBarge,1999-10-23,1,Talk To Me,1987-03-21,True
rihanna sean paul || break it off,Rihanna / Sean Paul,2006-12-09,0,,,True
justin timberlake || like i love you,Justin Timberlake,2002-09-07,0,,,True
darryl worley || when you need my love,Darryl Worley,2000-06-10,0,,,True
mariah carey featuring joe 98 degrees || thank god i found you,Mariah Carey Featuring Joe & 98 Degrees,1999-12-11,0,,,True
jet || cold hard bitch,JET,2004-04-03,1,Are You Gonna Be My Girl,2004-03-27,True
jon secada || just another day,Jon Secada,1992-04-18,0,,,True
matchbox twenty || how far weve come,matchbox twenty,2007-09-15,1,Unwell,2004-03-27,True
miley cyrus || when i look at you,Miley Cyrus,2010-01-30,1,Party In The U.S.A.,2010-01-23,True
owl city || vanilla twilight,Owl City,2009-11-07,1,Fireflies,2009-10-31,True
miranda lambert || kerosene,Miranda Lambert,2005-12-17,0,,,True
jon b || pretty girl,Jon B,1995-09-02,0,,,True
backstreet boys || ill never break your heart,Backstreet Boys,1998-12-05,1,Everybody [Backstreet's Back],1998-09-12,True
bon jovi || this aint a love song,Bon Jovi,1995-06-10,1,Always,1995-05-06,True
keith urban || where the blacktop ends,Keith Urban,2001-06-16,1,But For The Grace Of God,2001-05-05,True
brad paisley || we danced,Brad Paisley,2000-10-14,1,Me Neither,2000-06-03,True
bruce springsteen || devils dust,Bruce Springsteen,2005-04-16,1,The Rising,2002-10-12,True
edward maya vika jigulina || stereo love,Edward Maya / Vika Jigulina,2010-10-23,0,,,True
vanessa williams || running back to you,Vanessa Williams,1991-08-10,1,Darlin' I,1989-06-24,True
eminem || the way i am,Eminem,2000-08-26,1,The Real Slim Shady,2000-08-19,True
dave hollister || my favorite girl,Dave Hollister,1999-04-10,0,,,True
50 cent || straight to the bank,50 Cent,2007-05-26,1,Window Shopper,2006-01-21,True
sugarland || joey,Sugarland,2009-09-05,1,It Happens,2009-08-01,True
wyclef jean featuring missy elliott || party to damascus,Wyclef Jean featuring Missy Elliott,2003-10-18,0,,,True
kris allen || heartless,Kris Allen,2009-06-06,0,,,True
keith urban || making memories of us,Keith Urban,2005-04-23,1,You're My Better Half,2005-04-16,True
musiq || dontchange,Musiq,2002-09-07,1,halfcrazy,2002-08-31,True
celine dion || think twice,Céline Dion,1994-08-20,1,Misled,1994-08-13,True
r kelly || bump n grind,R. Kelly,1994-02-05,1,Sex Me (Parts I & II),1994-01-29,True
ll cool j || luv u better,LL Cool J,2002-08-24,1,Imagine That,2000-08-19,True
jonas brothers || tonight,Jonas Brothers,2008-08-16,1,Pushin' Me Away,2008-08-09,True
ciara featuring ludacris || oh,Ciara featuring Ludacris,2005-03-26,0,,,True
londonbeat || ive been thinking about you,Londonbeat,1991-02-09,0,,,True
billy ray cyrus || achy breaky heart,Billy Ray Cyrus,1992-05-09,0,,,True
beck || the new pollution,Beck,1997-05-31,1,Devil's Haircut,1996-11-30,True
alicia keys || if i aint got you,Alicia Keys,2004-03-06,1,You Don't Know My Name,2004-02-28,True
justin bieber || u smile,Justin Bieber,2010-04-03,1,Never Let You Go,2010-03-27,True
luther vandross || always and forever,Luther Vandross,1994-12-10,1,Heaven Knows,1993-10-02,True
britney spears || sometimes,Britney Spears,1999-05-22,1,...Baby One More Time,1999-05-15,True
beyonce || dangerously in love,Beyoncé,2004-09-18,1,Naughty Girl,2004-08-21,True
steve perry || you better wait,Steve Perry,1994-07-16,0,,,True
joshua kadison || jessie,Joshua Kadison,1993-10-09,0,,,True
skid row || wasted time,Skid Row,1992-01-04,1,I Remember You,1990-03-31,True
red hot chili peppers || under the bridge,Red Hot Chili Peppers,1992-04-04,1,Give It Away,1992-01-25,True
tracy byrd || the keeper of the stars,Tracy Byrd,1995-04-01,1,Watermelon Crawl,1994-11-19,True
the breeders || cannonball,The Breeders,1993-12-04,0,,,True
brad paisley || waitin on a woman,Brad Paisley,2008-07-26,1,I'm Still A Guy,2008-07-19,True
toby keith || im just talkin about tonight,Toby Keith,2001-06-16,1,You Shouldn't Kiss Me Like This,2001-05-12,True
yakida || i saw you dancing,Yaki-Da,1995-06-03,0,,,True
everything but the girl || missing,Everything But The Girl,1995-08-12,0,,,True
trace adkins || rough ready,Trace Adkins,2004-10-30,1,Hot Mama,2004-04-24,True
keyshia cole || i should have cheated,Keyshia Cole,2005-10-08,0,,,True
soap || this is how we party,S.O.A.P.,1998-04-18,0,,,True
savage garden || crash and burn,Savage Garden,2000-04-08,1,I Knew I Loved You,2000-04-01,True
framing hanley || lollipop,Framing Hanley,2009-01-10,0,,,True
mike posner || cooler than me,Mike Posner,2010-05-15,0,,,True
seal || waiting for you,Seal,2003-10-18,1,"Fly Like An Eagle (From ""Space Jam"")",1997-05-03,True
celine dion || the power of love,Céline Dion,1993-11-27,1,Love Can Move Mountains,1993-03-13,True
ice cube || it was a good day,Ice Cube,1993-03-06,1,Wicked,1993-01-23,True
enya || caribbean blue,Enya,1992-02-29,1,Orinoco Flow (Sail Away),1989-05-13,True
john legend || save room,John Legend,2006-11-11,1,Ordinary People,2005-05-21,True
sneaker pimps || 6 underground,Sneaker Pimps,1997-05-03,0,,,True
nelly || n dey say,Nelly,2005-02-05,1,Flap Your Wings,2004-11-13,True
carl thomas || i wish,Carl Thomas,2000-03-25,0,,,True
s club 7 || never had a dream come true,S Club 7,2001-03-03,0,,,True
alanis morissette || hands clean,Alanis Morissette,2002-02-02,1,Unsent,1999-03-13,True
jennifer lopez || get right,Jennifer Lopez,2005-01-22,1,Baby I Love U,2004-04-24,True
beyonce || ring the alarm,Beyoncé,2006-09-23,1,Dangerously In Love,2005-01-29,True
christina milian || am to pm,Christina Milian,2001-08-25,0,,,True
pnk || funhouse,P!nk,2009-10-10,1,Please Don't Leave Me,2009-10-03,True
seal || killer,Seal,1992-03-28,1,Crazy,1991-10-26,True
avant || 4 minutes,Avant,2006-03-25,1,Don't Take Your Love Away,2004-07-24,True
new found glory || my friends over you,New Found Glory,2002-09-07,0,,,True
the killers || mr brightside,The Killers,2005-02-12,1,Somebody Told Me,2005-01-15,True
public enemy || cant truss it,Public Enemy,1991-10-19,0,,,True
matchbox twenty || bright lights,matchbox twenty,2003-09-27,1,Unwell,2003-09-20,True
landon pigg || falling in love at a coffee shop,Landon Pigg,2008-01-05,0,,,True
trace adkins || ladies love country boys,Trace Adkins,2006-12-23,1,Swing,2006-09-09,True
blaine larsen || how do you get that lonely,Blaine Larsen,2005-03-19,0,,,True
anita baker || i apologize,Anita Baker,1994-12-31,1,Body & Soul,1994-12-24,True
busta rhymes || break ya neck,Busta Rhymes,2001-11-10,1,Turn It Up [Remix]/Fire It Up,1998-09-19,True
trisha yearwood || georgia rain,Trisha Yearwood,2005-08-06,1,I Would've Loved You Anyway,2001-12-15,True
jim jones || we fly high,Jim Jones,2006-10-21,0,,,True
lee ann womack || last call,Lee Ann Womack,2009-01-31,1,I May Hate Myself In The Morning,2005-04-23,True
toby keith || shes a hottie,Toby Keith,2008-03-22,1,Get My Drink On,2008-02-23,True
the cranberries || dreams,The Cranberries,1994-04-02,1,Linger,1994-03-26,True
crash test dummies || supermans song,Crash Test Dummies,1991-10-05,0,,,True
mary j blige || give me you,Mary J. Blige,2000-04-15,1,Deep Inside,2000-02-19,True
maroon 5 || sunday morning,Maroon 5,2005-01-08,1,She Will Be Loved,2005-01-01,True
sean paul || so fine,Sean Paul,2009-07-18,1,Temperature,2006-08-19,True
mat kearney || closer to love,Mat Kearney,2009-08-08,1,Nothing Left To Lose,2007-03-24,True
belly || feed the tree,Belly,1993-05-15,0,,,True
melanie fiona || it kills me,Melanie Fiona,2009-12-05,0,,,True
gretchen wilson || redneck woman,Gretchen Wilson,2004-04-10,0,,,True
mariah carey || honey,Mariah Carey,1997-09-13,1,Always Be My Baby,1996-11-09,True
jaheim || just in case,Jaheim,2001-06-30,1,Could It Be,2001-04-28,True
new edition || one more day,New Edition,1997-06-07,1,I'm Still In Love With You,1997-03-22,True
weird al yankovic || smells like nirvana,Weird Al Yankovic,1992-04-25,1,Fat,1988-05-28,True
50 cent || pimp,50 Cent,2003-05-31,1,In Da Club,2003-05-24,True
trace adkins || swing,Trace Adkins,2006-07-08,1,Honky Tonk Badonkadonk,2006-03-18,True
dru hill || never make a promise,Dru Hill,1997-08-09,1,In My Bed,1997-06-28,True
johnny gill || wrap my body tight,Johnny Gill,1991-03-23,1,Fairweather Friend,1991-02-02,True
jeremih || birthday sex,Jeremih,2009-04-25,0,,,True
outkast || atliens,OutKast,1996-11-30,1,Elevators (Me & You),1996-11-23,True
sting || when we dance,Sting,1994-10-29,1,Nothing 'Bout Me,1993-12-11,True
cathy dennis || too many walls,Cathy Dennis,1991-07-06,1,Touch Me (All Night Long),1991-06-29,True
ashanti || only u,Ashanti,2004-11-20,1,Rain On Me,2004-01-10,True
paulina rubio || the one you love,Paulina Rubio,2002-10-26,1,Don't Say Goodbye,2002-08-17,True
rascal flatts || fast cars and freedom,Rascal Flatts,2005-05-07,1,Bless The Broken Road,2005-04-30,True
miranda lambert || more like her,Miranda Lambert,2009-01-31,1,Gunpowder And Lead,2008-09-13,True
the tony rich project || nobody knows,The Tony Rich Project,1995-12-16,0,,,True
curtis stigers || youre all that matters to me,Curtis Stigers,1992-03-07,1,I Wonder Why,1992-01-18,True
bowling for soup || high school never ends,Bowling For Soup,2006-11-25,1,Almost,2005-07-02,True
the pussycat dolls || i hate this part,The Pussycat Dolls,2008-12-13,1,When I Grow Up,2008-10-25,True
mystikal || bouncin back bumpin me against the wall,Mystikal,2001-12-15,1,Shake Ya Ass,2000-12-23,True
korn || twisted transistor,Korn,2005-10-15,1,Did My Time,2003-10-11,True
cathy dennis || touch me all night long,Cathy Dennis,1991-03-02,1,Just Another Dream,1991-02-23,True
madonna || bedtime story,Madonna,1995-04-22,1,Take A Bow,1995-04-15,True
the red jumpsuit apparatus || face down,The Red Jumpsuit Apparatus,2006-08-05,0,,,True
brad paisley || anything like me,Brad Paisley,2010-09-18,1,Water,2010-09-04,True
lauryn hill || exfactor,Lauryn Hill,1999-01-09,1,Doo Wop (That Thing),1999-01-02,True
backstreet boys || everybody backstreets back,Backstreet Boys,1998-04-18,1,Quit Playing Games (With My Heart),1998-04-11,True
captain hollywood project || more and more,Captain Hollywood Project,1993-05-01,0,,,True
bruce hornsby || fields of gray,Bruce Hornsby,1993-10-09,0,,,True
chaka demus pliers || murder she wrote,Chaka Demus & Pliers,1993-01-02,0,,,True
shania twain || dont be stupid you know i love you,Shania Twain,1997-12-06,1,Love Gets Me Every Time,1997-11-29,True
soul for real || candy rain,Soul For Real,1995-01-07,0,,,True
my chemical romance || welcome to the black parade,My Chemical Romance,2006-09-30,1,The Ghost Of You,2006-01-14,True
kci jojo || you bring me up,K-Ci & JoJo,1997-06-14,1,"How Could You (From ""Bulletproof"")",1997-02-22,True
jc chasez || blowin me up with her love,Jc Chasez,2003-01-04,0,,,True
sarina paris || look at us,Sarina Paris,2001-02-24,0,,,True
kid frost || la raza,Kid Frost,1990-07-07,0,,,True
nine inch nails || the hand that feeds,Nine Inch Nails,2005-04-09,1,The Day The World Went Away,1999-09-04,True
saliva || always,Saliva,2002-12-14,0,,,True
b2k || girlfriend,B2K,2003-03-08,1,Why I Love You,2002-11-23,True
beastie boys || chcheck it out,Beastie Boys,2004-05-15,1,Intergalactic,1998-11-28,True
eminem || music box,Eminem,2010-01-09,1,Elevator,2010-01-02,True
dr dre || nuthin but a g thang,Dr. Dre,1993-01-30,0,,,True
darden smith || loving arms,Darden Smith,1993-10-02,0,,,True
gloria estefan || live for loving you,Gloria Estefan,1991-10-12,1,Can't Forget You,1991-08-31,True
maroon 5 || wake up call,Maroon 5,2007-08-25,1,Makes Me Wonder,2007-08-18,True
destinys child || say my name,Destiny's Child,1999-12-25,1,Bug A Boo,1999-12-18,True
bon jovi || in these arms,Bon Jovi,1993-05-08,1,Bed Of Roses,1993-05-01,True
phil collins || everyday,Phil Collins,1994-01-29,1,Both Sides Of The Story,1994-01-22,True
taylor swift || come in with the rain,Taylor Swift,2009-11-14,1,You Belong With Me,2009-11-07,True
jomanda || i like it,Jomanda,1993-07-10,1,Got A Love For You,1991-10-12,True
adam lambert || whataya want from me,Adam Lambert,2010-01-02,1,For Your Entertainment,2009-12-12,True
jimmy eat world || pain,Jimmy Eat World,2005-02-12,1,Sweetness,2002-11-02,True
kris allen || no boundaries,Kris Allen,2009-06-06,0,,,True
andru donalds || mishale,Andru Donalds,1994-12-10,0,,,True
eminem || without me,Eminem,2002-05-11,1,The Way I Am,2000-10-28,True
flobots || handlebars,Flobots,2008-04-26,0,,,True
kristinia debarge || goodbye,Kristinia DeBarge,2009-05-09,0,,,True
restless heart || when she cries,Restless Heart,1992-11-14,1,I'll Still Be Loving You,1987-08-08,True
warren g || do you see,Warren G,1994-12-03,1,This D.J.,1994-11-26,True
beats international || dub be good to me,Beats International,1990-04-14,0,,,True
usher || moving mountains,Usher,2008-06-14,1,Caught Up,2005-06-11,True
modjo || lady hear me tonight,Modjo,2001-01-06,0,,,True
brooks dunn || red dirt road,Brooks & Dunn,2003-05-31,1,Every River,2003-01-04,True
duran duran || reach up for the sunrise,Duran Duran,2004-11-06,1,Electric Barbarella,1997-12-06,True
foo fighters || best of you,Foo Fighters,2005-05-14,1,Times Like These,2003-07-19,True
sonique || it feels so good,Sonique,2000-01-22,0,,,True
trapt || headstrong,Trapt,2003-04-05,0,,,True
coldplay || violet hill,Coldplay,2008-05-24,1,Talk,2006-04-08,True
carrie underwood || cowboy casanova,Carrie Underwood,2009-10-03,1,Home Sweet Home,2009-06-06,True
serj tankian || empty walls,Serj Tankian,2007-11-10,0,,,True
tracie spencer || still in my heart,Tracie Spencer,2000-03-04,1,It's All About You (Not About Me),1999-11-06,True
billy gilman || oklahoma,Billy Gilman,2000-11-11,1,One Voice,2000-10-21,True
dierks bentley || trying to stop your leaving,Dierks Bentley,2008-04-19,1,Free And Easy (Down The Road I Go),2007-12-29,True
hanson || mmmbop,Hanson,1997-05-03,0,,,True
erykah badu || on on,Erykah Badu,1997-01-25,0,,,True
cheap trick || wherever would i be,Cheap Trick,1990-10-27,1,Can't Stop Falling Into Love,1990-10-20,True
joshua kadison || picture postcards from la,Joshua Kadison,1994-11-12,1,Beautiful In My Eyes,1994-09-03,True
bonnie raitt || have a heart,Bonnie Raitt,1990-03-10,0,,,True
kenny chesney || living in fast forward,Kenny Chesney,2006-01-28,1,Who You'd Be Today,2006-01-21,True
michael jackson || heal the world,Michael Jackson,1992-12-12,1,Jam,1992-10-10,True
chante moore || straight up,Chanté Moore,2000-10-28,1,Chante's Got A Man,1999-09-11,True
daft punk || around the world,Daft Punk,1997-08-30,0,,,True
michelle branch || sooner or later,Michelle Branch,2009-08-15,1,Breathe,2004-03-06,True
theory of a deadman || not meant to be,Theory Of A Deadman,2009-04-25,1,Bad Girlfriend,2009-02-07,True
brooks dunn || my maria,Brooks & Dunn,1996-04-27,1,Rock My World (Little Country Girl),1994-03-19,True
the wreckers || leave the pieces,The Wreckers,2006-06-10,0,,,True
snap || rhythm is a dancer,SNAP!,1992-08-15,1,Ooops Up,1990-11-17,True
maroon 5 || she will be loved,Maroon 5,2004-07-24,1,This Love,2004-07-17,True
shai || comforter,Shai,1993-01-23,1,If I Ever Fall In Love,1993-01-16,True
melissa etheridge || angels would fall,Melissa Etheridge,1999-09-18,1,Nowhere To Go,1997-02-15,True
jason michael carroll || hurry home,Jason Michael Carroll,2010-02-13,1,Where I'm From,2009-07-04,True
seether || fake it,Seether,2007-10-13,1,Remedy,2006-01-21,True
inner circle || not about romance,Inner Circle,1998-08-01,1,Games People Play,1994-10-01,True
sweet sensation || each and every time,Sweet Sensation,1990-10-20,1,If Wishes Came True,1990-10-13,True
anya marina || whatever you like,Anya Marina,2009-11-28,0,,,True
monie love featuring true image || its a shame my sister,Monie Love Featuring True Image,1991-03-16,0,,,True
eric church || guys like me,Eric Church,2007-07-21,1,How 'Bout You,2006-08-12,True
death cab for cutie || i will possess your heart,Death Cab for Cutie,2008-04-12,1,Soul Meets Body,2006-02-11,True
jennifer lopez || do it well,Jennifer Lopez,2007-10-06,1,Que Hiciste,2007-04-28,True
mariah carey || i still believe,Mariah Carey,1999-02-06,1,My All,1998-09-19,True
cascada || what hurts the most,Cascada,2008-01-26,1,Everytime We Touch,2006-07-15,True
da brat || thats what im looking for,Da Brat,2000-02-26,1,Sittin' On Top Of The World,1997-01-25,True
jason aldean || why,Jason Aldean,2006-03-18,1,Hicktown,2005-11-05,True
natalie || goin crazy,Natalie,2005-02-12,0,,,True
cake || never there,Cake,1998-12-05,0,,,True
ashlee simpson || pieces of me,Ashlee Simpson,2004-07-03,0,,,True
brooks dunn || boot scootin boogie,Brooks & Dunn,1992-07-25,0,,,True
jessica simpson || these boots are made for walkin,Jessica Simpson,2005-07-16,1,Take My Breath Away,2004-07-17,True
chrisette michele || epiphany im leaving,Chrisette Michele,2009-05-16,0,,,True
ll cool j || doin it,LL Cool J,1996-03-09,1,Hey Lover,1996-03-02,True
ashley parker angel || soundtrack to your life,Ashley Parker Angel,2006-06-03,1,Let U Go,2006-05-27,True
system of a down || chop suey,System of a Down,2002-01-05,0,,,True
mariah carey || obsessed,Mariah Carey,2009-07-25,1,I'll Be Lovin' U Long Time,2008-09-13,True
craig morgan || redneck yacht club,Craig Morgan,2005-08-06,1,That's What I Love About Sunday,2005-06-18,True
demi lovato || la la land,Demi Lovato,2009-01-10,1,Don't Forget,2008-10-11,True
aaron carter || aarons party come get it,Aaron Carter,2000-08-26,0,,,True
adam lambert || no boundaries,Adam Lambert,2009-06-06,0,,,True
metallica || hero of the day,Metallica,1996-11-09,1,Until It Sleeps,1996-10-19,True
linkin park || bleed it out,Linkin Park,2007-06-02,1,What I've Done,2007-05-26,True
michael jackson || stranger in moscow,Michael Jackson,1997-08-23,1,Blood On The Dance Floor,1997-07-19,True
aaliyah || rock the boat,Aaliyah,2001-09-08,1,Try Again,2000-10-21,True
phil vassar || ill take that as a yes the hot tub song,Phil Vassar,2005-04-30,1,In A Real Love,2005-01-15,True
u2 || whos gonna ride your wild horses,U2,1992-11-07,1,Even Better Than The Real Thing,1992-10-17,True
faith hill || this kiss,Faith Hill,1998-03-21,1,It Matters To Me,1996-04-06,True
mark wills || 19 somethin,Mark Wills,2002-11-23,1,Back At One,2000-06-24,True
allure featuring 112 || all cried out,Allure (featuring 112),1997-08-30,0,,,True
selena gomez || magic,Selena Gomez,2009-08-22,1,Tell Me Something I Don't Know,2009-02-14,True
firehouse || when i look into your eyes,Firehouse,1992-08-15,1,Reach For The Sky,1992-08-01,True
the whispers || innocent,The Whispers,1990-08-04,1,Rock Steady,1987-11-07,True
frankie j || dont wanna try,Frankie J,2003-04-12,0,,,True
savage garden || i knew i loved you,Savage Garden,1999-10-23,1,The Animal Song,1999-05-15,True
50 cent || in da club,50 Cent,2003-01-11,1,Wanksta,2003-01-04,True
tyrese || sweet lady,Tyrese,1999-01-23,1,Nobody Else,1998-11-28,True
juanes || me enamora,Juanes,2007-09-29,1,Lo Que Me Gusta A Mi,2006-04-15,True
u2 || beautiful day,U2,2000-10-07,1,Sweetest Thing,1999-03-27,True
miley cyrus || fly on the wall,Miley Cyrus,2009-01-10,1,7 Things,2008-09-27,True
michael bolton || completely,Michael Bolton,1994-03-19,1,Said I Loved You...But I Lied,1994-03-12,True
justin bieber || one time,Justin Bieber,2009-07-25,0,,,True
daniel bedingfield || gotta get thru this,Daniel Bedingfield,2002-07-27,0,,,True
christina milian || dip it low,Christina Milian,2004-04-24,1,AM To PM,2002-01-05,True
usher || nice slow,Usher,1998-01-24,1,You Make Me Wanna...,1998-01-17,True
outkast || mighty o,OutKast,2006-06-24,1,Roses,2004-07-31,True
brad paisley || mud on the tires,Brad Paisley,2004-12-04,1,Little Moments,2004-05-01,True
metallica || enter sandman,Metallica,1991-08-24,1,One,1989-05-27,True
tears for fears || break it down again,Tears For Fears,1993-07-17,1,Advice For The Young At Heart,1990-03-31,True
tracy byrd || ten rounds with jose cuervo,Tracy Byrd,2002-07-06,1,Just Let Me Be In Love,2002-03-16,True
r kelly || feelin on yo booty,R. Kelly,2001-08-25,1,I Wish,2001-02-24,True
erykah badu || danger,Erykah Badu,2003-08-23,1,Bag Lady,2000-12-30,True
seal || dont cry,Seal,1996-02-17,1,Kiss From A Rose,1996-02-10,True
maroon 5 || wont go home without you,Maroon 5,2007-12-29,1,Wake Up Call,2007-12-22,True
thedream || i luv your girl,The-Dream,2008-05-10,1,Falsetto,2008-05-03,True
destinys child || survivor,Destiny's Child,2001-03-17,1,Independent Women Part I,2001-03-10,True
terri clark || youre easy on the eyes,Terri Clark,1998-12-05,1,Now That I Found You,1998-08-15,True
gary allan || smoke rings in the dark,Gary Allan,2000-01-22,0,,,True
jamie oneal || when i think about angels,Jamie O'Neal,2001-06-09,1,There Is No Arizona,2001-05-05,True
kid frost || no sunshine,Kid Frost,1992-04-18,1,La Raza,1990-11-03,True
indiaarie || i am not my hair,India.Arie,2006-06-03,1,Little Things,2002-12-21,True
before dark || monica,Before Dark,2000-05-20,0,,,True
filter || take a picture,Filter,1999-11-27,1,Hey Man Nice Shot,1995-09-16,True
outkast || southernplayalisticadillacmuzik,OutKast,1994-07-16,1,Player's Ball,1994-07-09,True
adam sandler || the chanukah song,Adam Sandler,1999-01-02,0,,,True
maroon 5 || harder to breathe,Maroon 5,2003-08-23,0,,,True
craig morgan || i got you,Craig Morgan,2006-06-03,1,Redneck Yacht Club,2005-12-10,True
darryl worley || a good day to run,Darryl Worley,2001-01-20,1,When You Need My Love,2000-09-16,True
aerosmith || crazy,Aerosmith,1994-05-21,1,Amazing,1994-04-23,True
jordin sparks || tattoo,Jordin Sparks,2007-10-13,1,This Is My Now,2007-06-30,True
brad paisley duet with keith urban || start a band,Brad Paisley Duet With Keith Urban,2008-11-01,0,,,True
three days grace || i hate everything about you,Three Days Grace,2003-11-29,0,,,True
empire of the sun || walking on a dream,Empire Of The Sun,2016-02-06,0,,,True
michelle branch || everywhere,Michelle Branch,2001-09-01,0,,,True
hannah montana || lifes what you make it,Hannah Montana,2007-07-14,1,Nobody's Perfect,2007-07-07,True
eric church || hell on the heart,Eric Church,2010-03-20,1,Love Your Love The Most,2009-10-24,True
sean kingston || beautiful girls,Sean Kingston,2007-06-09,0,,,True
aerosmith || hole in my soul,Aerosmith,1997-08-23,1,Falling In Love (Is Hard On The Knees),1997-06-07,True
buckcherry || sorry,Buckcherry,2007-12-22,1,Crazy Bitch,2006-09-30,True
mint condition || what kind of man would i be,Mint Condition,1996-09-07,1,U Send Me Swingin',1994-05-07,True
nine inch nails || survivalism,Nine Inch Nails,2007-03-31,1,Every Day Is Exactly The Same,2006-04-22,True
gloria estefan || heavens what i feel,Gloria Estefan,1998-05-23,1,I'm Not Giving You Up,1997-04-12,True
shinedown || second chance,Shinedown,2008-12-13,1,I Dare You,2006-05-27,True
dishwalla || counting blue cars,Dishwalla,1996-04-06,0,,,True
neyo || so sick,Ne-Yo,2005-12-10,0,,,True
craig morgan || thats what i love about sunday,Craig Morgan,2005-02-05,1,Almost Home,2003-08-30,True
tlc || dear lie,TLC,2000-02-12,1,Unpretty,2000-01-29,True
tlc || girl talk,TLC,2002-10-26,1,Dear Lie,2000-03-25,True
the killers || when you were young,The Killers,2006-08-26,1,All These Things That I've Done,2005-11-26,True
sugarland || something more,Sugarland,2005-05-21,1,Baby Girl,2005-04-23,True
v v brown || shark in the water,V V Brown,2010-06-19,0,,,True
lloyd || get it shawty,Lloyd,2007-03-31,0,,,True
lifehouse || first time,Lifehouse,2007-05-26,1,You And Me,2006-04-22,True
all4one || so much in love,All-4-One,1994-01-01,0,,,True
metallica || nothing else matters,Metallica,1992-03-28,1,The Unforgiven,1992-03-21,True
faith evans || i love you,Faith Evans,2002-01-26,1,You Gets No Love,2002-01-19,True
brooks dunn || missing you,Brooks & Dunn,1999-10-16,1,I Can't Get Over You,1999-04-24,True
electronic || getting away with it,Electronic,1990-03-31,0,,,True
default || wasting my time,Default,2002-01-05,0,,,True
don henley || taking you home,Don Henley,2000-06-24,1,New York Minute,1991-02-23,True
chicago || chasin the wind,Chicago,1991-01-26,1,"Hearts In Trouble (From ""Days Of Thunder"")",1990-08-25,True
john legend featuring andre 3000 || green light,John Legend featuring Andre 3000,2008-09-20,0,,,True
boyz ii men || its so hard to say goodbye to yesterday,Boyz II Men,1991-09-21,1,Motownphilly,1991-09-14,True
plain white ts || our time now,Plain White T's,2008-01-19,1,Hey There Delilah,2007-12-08,True
blink182 || all the small things,Blink-182,1999-12-04,1,What's My Age Again?,1999-11-27,True
nas || it aint hard to tell,Nas,1994-04-16,0,,,True
sugarland || settlin,Sugarland,2007-02-17,1,Want To,2007-02-10,True
maroon 5 || makes me wonder,Maroon 5,2007-04-21,1,Sunday Morning,2005-05-21,True
the tractors || the santa claus boogie,The Tractors,1995-01-07,0,,,True
tevin campbell || tell me what you want me to do,Tevin Campbell,1991-11-09,1,"Just Ask Me To (From ""Boyz N The Hood"")",1991-09-07,True
backstreet boys || the one,Backstreet Boys,2000-05-27,1,Show Me The Meaning Of Being Lonely,2000-05-20,True
lupe fiasco || kick push,Lupe Fiasco,2006-06-17,0,,,True
red hot chili peppers || give it away,Red Hot Chili Peppers,1991-12-21,0,,,True
jamiroquai || alright,Jamiroquai,1997-10-11,0,,,True
after 7 || til you do me right,After 7,1995-07-08,1,"Gonna Love You Right (From ""Sugar Hill"")",1994-05-21,True
zhane || sending my love,Zhané,1994-05-21,1,Groove Thang,1994-05-14,True
big rich || comin to your city,Big & Rich,2005-12-03,1,Holy Water,2005-02-12,True
gabrielle || dreams,Gabrielle,1993-10-09,0,,,True
blahzay blahzay || danger,Blahzay Blahzay,1995-10-07,0,,,True
david cook || come back to me,David Cook,2009-04-18,1,Light On,2009-03-07,True
tracie spencer || its all about you not about me,Tracie Spencer,1999-08-14,1,Love Me,1992-07-04,True
brownstone || 5 miles to empty,Brownstone,1997-05-17,1,I Can't Tell You Why,1995-10-07,True
celine dion || if you asked me to,Céline Dion,1992-04-25,1,(If There Was) Any Other Way,1991-06-22,True
martina mcbride || anyway,Martina McBride,2007-02-17,1,(I Never Promised You A) Rose Garden,2005-12-10,True
simple plan || welcome to my life,Simple Plan,2004-11-13,1,Perfect,2004-03-13,True
vanessa carlton || ordinary day,Vanessa Carlton,2002-08-24,1,A Thousand Miles,2002-08-17,True
guy || dancin,Guy,1999-12-18,1,Let's Chill,1991-06-01,True
zombie nation || kernkraft 400,Zombie Nation,2000-09-02,0,,,True
youngbloodz || presidential,YoungBloodZ,2005-10-15,0,,,True
yeah yeah yeahs || gold lion,Yeah Yeah Yeahs,2006-04-01,1,Maps,2004-06-05,True
billy currington || walk a little straighter,Billy Currington,2003-08-23,0,,,True
ginuwine || differences,Ginuwine,2001-07-28,1,There It Is,2001-06-09,True
jermaine dupri featuring nate dogg || ballin out of control,Jermaine Dupri featuring Nate Dogg,2001-10-20,0,,,True
jamie oneal || there is no arizona,Jamie O'Neal,2000-12-23,0,,,True
3t || anything,3T,1995-10-07,0,,,True
voice of the beehive || monsters and angels,Voice Of The Beehive,1991-11-02,0,,,True
stacie orrico || stuck,Stacie Orrico,2003-05-17,0,,,True
george michael || fastlove,George Michael,1996-05-11,1,Jesus To A Child,1996-05-04,True
jon secada || whipped,Jon Secada,1994-09-17,1,If You Go,1994-09-10,True
gin blossoms || as long as it matters,Gin Blossoms,1996-08-17,1,Follow You Down/Til I Hear It From You,1996-08-10,True
teairra mari || make her feel good,Teairra Marí,2005-06-04,0,,,True
mark chesnutt || she was,Mark Chesnutt,2002-08-10,1,I Don't Want To Miss A Thing,1999-05-01,True
mint condition || you dont have to hurt no more,Mint Condition,1997-03-29,1,What Kind Of Man Would I Be,1997-02-15,True
nickelback || gotta be somebody,Nickelback,2008-10-18,1,Rockstar,2008-01-26,True
backstreet boys || the call,Backstreet Boys,2001-02-17,1,Shape Of My Heart,2001-02-10,True
jonas brothers || burnin up,Jonas Brothers,2008-07-12,1,Play My Music,2008-07-05,True
justin bieber || one less lonely girl,Justin Bieber,2009-10-24,1,One Time,2009-10-17,True
bloodhound gang || the bad touch,Bloodhound Gang,2000-03-18,0,,,True
nore || nothin,N.O.R.E.,2002-05-25,0,,,True
rihanna || russian roulette,Rihanna,2009-11-07,1,Rehab,2009-03-14,True
eazye || real muthaphuckkin gs,Eazy-E,1993-11-13,0,,,True
taylor dayne || send me a lover,Taylor Dayne,1993-10-02,1,Can't Get Enough Of Your Love,1993-09-25,True
boyz ii men || on bended knee,Boyz II Men,1994-11-19,1,I'll Make Love To You,1994-11-12,True
demi lovato || get back,Demi Lovato,2008-08-30,0,,,True
kelly clarkson || my life would suck without you,Kelly Clarkson,2009-01-31,1,Never Again,2007-08-25,True
destinys child || girl,Destiny's Child,2005-04-02,1,Lose My Breath,2005-02-26,True
lady antebellum || ready to love again,Lady Antebellum,2010-01-30,1,Need You Now,2010-01-23,True
mims || move if you wanna,MIMS,2009-02-07,1,Like This,2007-10-06,True
darius rucker || dont think i dont think about it,Darius Rucker,2008-07-26,0,,,True
jennifer hudson || spotlight,Jennifer Hudson,2008-08-09,1,And I Am Telling You I'm Not Going,2007-04-07,True
sean paul || gimme the light,Sean Paul,2002-05-04,0,,,True
the calling || wherever you will go,The Calling,2001-11-10,0,,,True
avril lavigne || my happy ending,Avril Lavigne,2004-07-31,1,Don't Tell Me,2004-07-24,True
audioslave || i am the highway,Audioslave,2004-01-10,1,Show Me How To Live,2003-12-27,True
jessica andrews || who i am,Jessica Andrews,2001-01-27,0,,,True
rihanna || shut up and drive,Rihanna,2007-06-23,1,Unfaithful,2006-09-23,True
madonna || die another day,Madonna,2002-10-19,1,What It Feels Like For A Girl,2001-07-07,True
rihanna || take a bow,Rihanna,2008-04-26,1,Don't Stop The Music,2008-04-19,True
usher featuring young jeezy || love in this club,Usher featuring Young Jeezy,2008-03-01,0,,,True
amanda perez || angel,Amanda Perez,2003-02-01,1,Never,2002-06-01,True
boyz ii men || i will get there,Boyz II Men,1999-01-16,1,A Song For Mama,1998-04-25,True
natasha bedingfield featuring sean kingston || love like this,Natasha Bedingfield featuring Sean Kingston,2007-11-03,0,,,True
pnk || stupid girls,P!nk,2006-02-25,1,Trouble,2003-11-08,True
wilson phillips || youre in love,Wilson Phillips,1991-02-09,1,Impulsive,1991-02-02,True
blues traveler || hook,Blues Traveler,1995-10-07,1,Run-Around,1995-09-30,True
britney spears || from the bottom of my broken heart,Britney Spears,2000-01-29,1,(You Drive Me) Crazy,2000-01-22,True
keyshia cole || i remember,Keyshia Cole,2007-12-29,1,Love,2006-06-10,True
toby keith || whiskey girl,Toby Keith,2004-05-01,1,American Soldier,2004-04-24,True
jamie foxx featuring ludacris || unpredictable,Jamie Foxx featuring Ludacris,2005-12-03,0,,,True
audioslave || show me how to,Audioslave,2003-08-16,1,Like A Stone,2003-07-12,True
bryan adams || do i have to say the words,Bryan Adams,1992-08-01,1,Thought I'd Died And Gone To Heaven,1992-07-25,True
faith hill || breathe,Faith Hill,1999-11-06,1,The Secret Of Life,1999-10-23,True
onerepublic || good life,OneRepublic,2009-11-28,1,All The Right Moves,2009-11-21,True
eminem || we made you,Eminem,2009-05-02,1,When I'm Gone,2006-03-18,True
giggles || what goes around comes around,Giggles,1992-01-25,0,,,True
avril lavigne || alice,Avril Lavigne,2010-03-20,1,Hot,2007-12-08,True
hole || celebrity skin,Hole,1998-12-05,1,Doll Parts,1995-02-25,True
shakira || dont bother,Shakira,2005-11-05,1,Objection (Tango),2002-11-02,True
tom petty || saving grace,Tom Petty,2006-07-22,1,It's Good To Be King,1995-06-17,True
toni braxton || unbreak my heart,Toni Braxton,1996-10-26,1,You're Makin' Me High/Let It Flow,1996-10-19,True
jagged edge || walked outta heaven,Jagged Edge,2003-09-06,1,Goodbye,2002-02-23,True
montgomery gentry || gone,Montgomery Gentry,2005-02-05,1,If You Ever Stop Loving Me,2004-08-28,True
deborah cox || nobodys supposed to be here,Deborah Cox,1998-10-03,1,Things Just Ain't The Same,1997-10-25,True
cher || one by one,Cher,1996-06-15,1,Save Up All Your Tears,1992-02-29,True
jodeci || get on up,Jodeci,1996-05-18,1,Love U 4 Life,1996-03-16,True
madonna || deeper and deeper,Madonna,1992-12-05,1,Erotica,1992-11-28,True
the pussycat dolls || when i grow up,The Pussycat Dolls,2008-06-14,1,I Don't Need A Man,2007-05-12,True
kellie pickler || things that never cross a mans mind,Kellie Pickler,2008-04-19,1,I Wonder,2007-08-25,True
montgomery gentry || speed,Montgomery Gentry,2003-03-22,1,My Town,2003-02-08,True
mariah carey || fantasy,Mariah Carey,1995-09-30,1,Anytime You Need A Friend,1994-10-15,True
kelly clarkson || all i ever wanted,Kelly Clarkson,2010-04-24,1,Already Gone,2010-03-13,True
alicia keys || you dont know my name,Alicia Keys,2003-11-15,1,How Come You Don't Call Me,2002-06-01,True
mc hammer || addams groove,MC Hammer,1991-12-07,1,2 Legit 2 Quit,1991-11-30,True
billy idol || la woman,Billy Idol,1990-09-08,1,"Cradle Of Love (From ""Ford Fairlane"")",1990-09-01,True
terri clark || i wanna do it all,Terri Clark,2003-12-13,1,I Just Wanna Be Mad,2003-03-22,True
eminem || mockingbird,Eminem,2005-01-01,1,Just Lose It,2004-12-25,True
r kelly || gotham city,R. Kelly,1997-07-19,1,"I Believe I Can Fly (From ""Space Jam"")",1997-07-12,True
spin doctors || you let your heart go too fast,Spin Doctors,1994-07-16,1,Cleopatra's Cat,1994-07-02,True
our lady peace || somewhere out there,Our Lady Peace,2002-08-24,0,,,True
the offspring || hit that,The Offspring,2003-12-20,1,Defy You,2002-03-16,True
brad paisley || two people fell in love,Brad Paisley,2001-04-28,1,We Danced,2001-02-24,True
lifehouse || whatever it takes,Lifehouse,2008-02-02,1,From Where You Are,2007-12-01,True
corey hart || a little love,Corey Hart,1990-03-17,1,In Your Soul,1988-08-13,True
kelly clarkson || behind these hazel eyes,Kelly Clarkson,2005-04-23,1,Since U Been Gone,2005-04-16,True
toby keith || i love this bar,Toby Keith,2003-09-06,1,Rock You Baby,2003-04-12,True
r kelly || summer bunnies,R. Kelly,1994-08-20,1,Your Body's Callin',1994-08-13,True
paulina rubio || dont say goodbye,Paulina Rubio,2002-05-04,0,,,True
babyface || and our feelings,Babyface,1994-03-05,1,Never Keeping Secrets,1994-02-26,True
nelly || ei,Nelly,2000-10-07,1,(Hot S**t) Country Grammar,2000-09-30,True
alison krauss union station || when you say nothing at all,Alison Krauss / Union Station,1995-05-13,0,,,True
bjork || big time sensuality,Björk,1994-02-12,0,,,True
crystal waters || 100 pure love,Crystal Waters,1994-05-28,1,Gypsy Woman (She's Homeless),1991-08-17,True
the b52s || love shack,The B-52's,1990-01-06,1,Roam,1989-12-30,True
mary j blige || im goin down,Mary J. Blige,1995-04-08,1,Be Happy,1995-03-18,True
billy currington || i got a feelin,Billy Currington,2004-06-26,1,Walk A Little Straighter,2003-11-29,True
mya || case of the ex whatcha gonna do,Mya,2000-08-19,1,My First Night With You,1999-06-19,True
maxi priest || close to you,Maxi Priest,1990-06-30,1,Wild World,1989-02-25,True
brad paisley || me neither,Brad Paisley,2000-05-13,1,He Didn't Have To Be,2000-03-04,True
johnny gill || fairweather friend,Johnny Gill,1990-10-20,1,Rub You The Right Way,1990-10-13,True
n sync || i want you back,N Sync,1998-03-07,0,,,True
u2 || magnificent,U2,2009-03-21,1,Get On Your Boots,2009-03-14,True
daughtry || feels like tonight,Daughtry,2008-02-09,1,Over You,2008-02-02,True
naughty by nature || opp,Naughty By Nature,1991-09-07,0,,,True
nelly || hot in herre,Nelly,2002-05-04,1,#1,2002-03-02,True
black box || i dont know anybody else,Black Box,1990-12-08,1,Everybody Everybody,1990-12-01,True
metallica || cyanide,Metallica,2008-09-20,1,The Day That Never Comes,2008-09-13,True
jodeci || im still waiting,Jodeci,1992-10-31,1,Come & Talk To Me,1992-10-10,True
madonna || sorry,Madonna,2006-03-11,1,Hung Up,2006-03-04,True
bruce springsteen || girls in their summer clothes,Bruce Springsteen,2008-02-02,1,Devils & Dust,2005-04-16,True
plain white ts || hate i really dont like you,Plain White T's,2006-11-18,0,,,True
the pussycat dolls || i dont need a man,The Pussycat Dolls,2007-05-12,1,Stickwitu,2006-04-15,True
michael jackson || in the closet,Michael Jackson,1992-04-25,1,Remember The Time,1992-04-18,True
sunshine anderson || heard it all before,Sunshine Anderson,2001-03-10,0,,,True
adam lambert || for your entertainment,Adam Lambert,2009-11-28,1,Time For Miracles,2009-11-07,True
montgomery gentry || something to be proud of,Montgomery Gentry,2005-08-06,1,Gone,2005-06-18,True
shania twain || love gets me every time,Shania Twain,1997-10-11,1,God Bless The Child,1997-01-25,True
usher || u got it bad,Usher,2001-09-22,1,U Remind Me,2001-09-15,True
emf || unbelievable,EMF,1991-04-13,0,,,True
beastie boys || intergalactic,Beastie Boys,1998-08-01,1,So What'cha Want,1992-08-01,True
michelle branch || breathe,Michelle Branch,2003-11-08,1,Are You Happy Now?,2003-10-11,True
pat green || wave on wave,Pat Green,2003-08-30,0,,,True
justin timberlake duet with beyonce || until the end of time,Justin Timberlake duet with Beyonce,2007-07-14,0,,,True
jennifer lopez || play,Jennifer Lopez,2001-04-07,1,Love Don't Cost A Thing,2001-03-31,True
lady gaga || lovegame,Lady GaGa,2009-03-21,1,Poker Face,2009-03-14,True
sean paul || like glue,Sean Paul,2003-06-07,1,Get Busy,2003-05-31,True
nightcrawlers || push the feeling on,Nightcrawlers,1993-10-02,0,,,True
lil rob || summer nights,Lil Rob,2005-06-25,0,,,True
breathe || say a prayer,Breathe,1990-08-25,1,Don't Tell Me Lies,1989-04-29,True
eric church || love your love the most,Eric Church,2009-07-11,1,Guys Like Me,2007-07-28,True
sarah mclachlan || sweet surrender,Sarah McLachlan,1998-02-14,1,Building A Mystery,1998-01-31,True
kellie pickler || i wonder,Kellie Pickler,2007-06-23,1,Red High Heels,2007-02-24,True
blessid union of souls || let me be the one,Blessid Union Of Souls,1995-08-05,1,I Believe,1995-07-29,True
daddy yankee || like you,Daddy Yankee,2005-06-18,1,Gasolina,2005-03-26,True
mariah carey featuring cameo || loverboy,Mariah Carey Featuring Cameo,2001-06-23,0,,,True
alan jackson || where were you when the world stopped turning,Alan Jackson,2001-11-24,1,Where I Come From,2001-11-17,True
steve perry || missing you,Steve Perry,1994-12-03,1,You Better Wait,1994-10-29,True
westside connection || gangstas make the world go round,Westside Connection,1997-03-08,1,Bow Down,1997-02-08,True
musiq || halfcrazy,Musiq,2002-03-23,1,Just Friends (Sunny),2001-02-24,True
clay aiken || invisible,Clay Aiken,2003-11-22,1,This Is The Night,2003-10-11,True
kellie coffey || when you lie next to me,Kellie Coffey,2002-06-01,0,,,True
jennifer hudson || if this isnt love,Jennifer Hudson,2009-03-14,1,Spotlight,2008-12-27,True
kelly clarkson || since u been gone,Kelly Clarkson,2004-12-18,1,Breakaway,2004-12-11,True
daughtry || you dont belong,Daughtry,2009-08-01,1,No Surprise,2009-07-25,True
the allamerican rejects || dirty little secret,The All-American Rejects,2005-08-06,1,"Swing, Swing",2003-08-30,True
avril lavigne || complicated,Avril Lavigne,2002-06-01,0,,,True
lita ford || hungry,Lita Ford,1990-07-14,1,Kiss Me Deadly,1988-09-03,True
hole || doll parts,Hole,1994-12-10,0,,,True
linkin park || breaking the habit,Linkin Park,2004-07-24,1,Lying From You,2004-07-17,True
lonestar || unusually unusual,Lonestar,2003-01-25,1,Not A Day Goes By,2002-08-31,True
tevin campbell || back to the world,Tevin Campbell,1996-06-22,1,Don't Say Goodbye Girl,1995-02-11,True
christina aguilera || candyman,Christina Aguilera,2007-01-20,1,Hurt,2007-01-13,True
kelly clarkson || miss independent,Kelly Clarkson,2003-05-17,1,A Moment Like This,2003-02-01,True
jojo || leave get out,JoJo,2004-04-10,0,,,True
mary j blige || i am,Mary J. Blige,2009-12-26,1,Just Fine,2008-03-29,True
sophie b hawkins || right beside you,Sophie B. Hawkins,1994-08-20,1,Damn I Wish I Was Your Lover,1992-09-05,True
daniel powter || bad day,Daniel Powter,2006-02-25,0,,,True
jayz || i just wanna love u give it 2 me,Jay-Z,2000-10-28,1,Anything,2000-04-15,True
swizz beatz || money in the bank,Swizz Beatz,2007-09-15,1,It's Me Snitches,2007-05-12,True
aretha franklin || here we go again,Aretha Franklin,1998-07-18,1,A Rose Is Still A Rose,1998-07-11,True
meat loaf || id do anything for love but i wont do that,Meat Loaf,1993-09-18,0,,,True
kevin rudolf featuring lil wayne || let it rock,Kevin Rudolf Featuring Lil Wayne,2008-09-13,0,,,True
shabba ranks featuring johnny gill || slow and sexy,Shabba Ranks (featuring Johnny Gill),1992-10-24,0,,,True
john mayer trio || who did you think i was,John Mayer Trio,2005-10-01,0,,,True
the verve || bitter sweet symphony,The Verve,1998-03-28,0,,,True
50 cent || i get money,50 Cent,2007-09-08,1,Straight To The Bank,2007-06-09,True
ashanti || rain on me,Ashanti,2003-08-30,1,Rock Wit U (Awww Baby),2003-08-23,True
martika || love thy will be done,Martika,1991-08-10,1,I Feel The Earth Move,1989-11-11,True
bowling for soup || almost,Bowling For Soup,2005-02-19,1,1985,2005-01-22,True
jack white alicia keys || another way to die,Jack White & Alicia Keys,2008-11-29,0,,,True
tyrese || signs of love makin,Tyrese,2003-07-26,1,How You Gonna Act Like That,2003-06-21,True
nickelback || photograph,Nickelback,2005-09-10,1,Feelin' Way Too Damn Good,2004-10-16,True
carl thomas || emotional,Carl Thomas,2000-11-25,1,Summer Rain,2000-11-18,True
whitesnake || fool for your loving,Whitesnake,1990-01-06,1,Fool For Your Loving,1989-12-30,True
eric clapton || change the world,Eric Clapton,1996-07-20,1,Layla,1993-02-13,True
dave matthews band || where are you going,DAVE MATTHEWS BAND,2002-06-15,1,The Space Between,2001-10-20,True
whitney houston || im your baby tonight,Whitney Houston,1990-10-20,1,One Moment In Time,1988-12-31,True
bon jovi || always,Bon Jovi,1994-10-01,1,I'll Sleep When I'm Dead,1993-09-04,True
brad paisley || alcohol,Brad Paisley,2005-07-02,1,Mud On The Tires,2005-04-16,True
collin raye || anyone else,Collin Raye,1999-03-13,1,Someone You Used To Know,1999-02-20,True
lmfao || la la la,LMFAO,2009-10-03,1,I'm In Miami Trick,2009-09-26,True
lee ann womack || i hope you dance,Lee Ann Womack,2000-05-13,1,(Now You See Me) Now You Don't,1999-10-16,True
ruff endz || someone to love you,Ruff Endz,2002-05-11,1,No More,2000-12-23,True
blue october || into the ocean,Blue October,2006-12-23,1,Hate Me,2006-11-04,True
black box || strike it up,Black Box,1991-04-06,1,I Don't Know Anybody Else,1991-03-09,True
dierks bentley || sideways,Dierks Bentley,2009-04-18,1,Feel That Fire,2009-03-14,True
foo fighters || learn to fly,Foo Fighters,1999-10-16,0,,,True
daughtry || home,Daughtry,2007-03-17,1,It's Not Over,2007-03-10,True
sheryl crow || cant cry anymore,Sheryl Crow,1995-07-08,1,Strong Enough,1995-06-24,True
r kelly || thoia thoing,R. Kelly,2003-07-19,1,Ignition,2003-07-12,True
hurricane chris || a bay bay,Hurricane Chris,2007-06-23,0,,,True
my chemical romance || helena so long goodnight,My Chemical Romance,2005-07-09,1,I'm Not Okay (I Promise),2005-03-19,True
lita ford || shot of poison,Lita Ford,1991-11-02,1,Hungry,1990-07-14,True
martika || martikas kitchen,Martika,1992-01-04,1,Love. . .Thy Will Be Done,1991-11-16,True
enrique iglesias || hero,Enrique Iglesias,2001-09-29,1,Be With You,2000-08-12,True
michael jackson || who is it,Michael Jackson,1993-04-10,1,Heal The World,1993-04-03,True
expose || ill never get over you getting over me,Exposé,1993-03-27,1,I Wish The Phone Would Ring,1993-02-06,True
onerepublic || all the right moves,OneRepublic,2009-10-24,1,Stop And Stare,2008-07-26,True
jason derulo || whatcha say,Jason Derulo,2009-08-29,0,,,True
la guns || its over now,L.A. Guns,1992-03-14,1,The Ballad Of Jayne,1990-09-01,True
jonas brothers || love is on its way,Jonas Brothers,2009-03-14,1,Tonight,2009-03-07,True
30 seconds to mars || from yesterday,30 Seconds To Mars,2007-02-03,1,The Kill (Bury Me),2006-12-16,True
hanson || this time around,Hanson,2000-04-22,1,I Will Come To You,1998-04-11,True
lonestar || amazed,Lonestar,1999-06-05,1,Everything's Changed,1998-12-12,True
christina aguilera || genie in a bottle,Christina Aguilera,1999-07-03,0,,,True
brooks dunn || only in america,Brooks & Dunn,2001-07-21,1,Ain't Nothing 'Bout You,2001-07-14,True
michael jackson || butterflies,Michael Jackson,2001-11-17,1,You Rock My World,2001-11-10,True
bon jovi || have a nice day,Bon Jovi,2005-10-08,1,Thank You For Loving Me,2001-04-21,True
relient k || be my escape,Relient K,2005-07-30,0,,,True
fragma || tocas miracle,Fragma,2000-10-28,0,,,True
ugly kid joe || everything about you,Ugly Kid Joe,1992-04-04,0,,,True
my chemical romance || teenagers,My Chemical Romance,2007-06-30,1,Famous Last Words,2007-04-07,True
godsmack || straight out of line,Godsmack,2003-04-19,0,,,True
britney spears || everytime,Britney Spears,2004-05-22,1,Toxic,2004-05-15,True
jodeci || stay,Jodeci,1992-01-04,1,Forever My Lady,1991-12-28,True
the white stripes || seven nation army,The White Stripes,2003-05-24,0,,,True
miley cyrus || 7 things,Miley Cyrus,2008-06-21,1,See You Again,2008-06-14,True
gary allan || learning how to bend,Gary Allan,2008-07-26,1,Watching Airplanes,2008-03-22,True
metallica || i disappear,Metallica,2000-05-13,1,No Leaf Clover,2000-04-15,True
jayz || blue magic,Jay-Z,2007-10-20,1,Show Me What You Got,2007-01-27,True
beyonce || sweet dreams,Beyoncé,2009-08-08,1,Halo,2009-08-01,True
jonas brothers || play my music,Jonas Brothers,2008-07-05,1,When You Look Me In The Eyes,2008-05-31,True
taylor swift || change,Taylor Swift,2008-08-30,1,Should've Said No,2008-08-23,True
sugar ray || falls apart,Sugar Ray,2000-01-15,1,Someday,2000-01-08,True
brother beyond || the girl i used to know,Brother Beyond,1990-06-23,0,,,True
heather headley || he is,Heather Headley,2002-10-26,0,,,True
brad paisley || letter to me,Brad Paisley,2007-12-01,1,Online,2007-11-24,True
scorpions || wind of change,Scorpions,1991-06-01,1,Rhythm Of Love,1988-07-09,True
good charlotte || the anthem,Good Charlotte,2003-03-29,1,Lifestyles Of The Rich And Famous,2003-03-22,True
3 doors down || its not my time,3 Doors Down,2008-03-08,1,Citizen/Soldier,2008-01-19,True
toni braxton || breathe again,Toni Braxton,1993-10-16,1,Another Sad Love Song,1993-10-09,True
bon jovi || its my life,Bon Jovi,2000-08-12,1,Lie To Me/Something For The Pain,1995-12-16,True
blu cantrell || hit em up style oops,Blu Cantrell,2001-05-05,0,,,True
bryan adams || lets make a night to remember,Bryan Adams,1996-08-31,1,The Only Thing That Looks Good On Me Is You,1996-08-10,True
alicia keys || a womans worth,Alicia Keys,2001-10-27,1,Fallin',2001-10-20,True
nine inch nails || every day is exactly the same,Nine Inch Nails,2006-04-22,1,Only,2005-12-24,True
all saints || never ever,All Saints,1998-07-25,1,I Know Where It's At,1998-05-30,True
the rolling stones || highwire,The Rolling Stones,1991-03-09,1,Almost Hear You Sigh,1990-04-07,True
mc breed || gotta get mine,MC Breed,1993-08-21,0,,,True
keith urban || raining on sunday,Keith Urban,2003-03-15,1,Somebody Like You,2002-12-28,True
shakira || underneath your clothes,Shakira,2002-03-16,1,"Whenever, Wherever",2002-03-09,True
red hot chili peppers || otherside,Red Hot Chili Peppers,2000-02-12,1,Scar Tissue,1999-12-18,True
keith urban || youll think of me,Keith Urban,2004-02-14,1,Who Wouldn't Wanna Be Me,2003-12-27,True
alicia keys || try sleeping with a broken heart,Alicia Keys,2009-12-05,1,Doesn't Mean Anything,2009-11-28,True
hoobastank || running away,Hoobastank,2002-07-06,1,Crawling In The Dark,2002-06-29,True
duffy || mercy,Duffy,2008-05-10,0,,,True
seether || remedy,Seether,2005-07-30,1,Fine Again,2003-05-10,True
megadeth || symphony of destruction,Megadeth,1992-10-17,0,,,True
toni braxton || you mean the world to me,Toni Braxton,1994-04-02,1,Breathe Again,1994-03-26,True
guns n roses || yesterdays,Guns N' Roses,1992-11-21,1,November Rain,1992-11-07,True
kelly clarkson || i do not hook up,Kelly Clarkson,2009-05-02,1,My Life Would Suck Without You,2009-04-25,True
depeche mode || precious,Depeche Mode,2005-10-29,1,Dream On,2001-07-14,True
vixen || how much love,Vixen,1990-08-11,1,Cryin',1989-04-22,True
phil vassar || just another day in paradise,Phil Vassar,2000-09-30,1,Carlene,2000-07-22,True
montgomery gentry || lonely and gone,Montgomery Gentry,1999-07-31,1,Hillbilly Shoes,1999-06-05,True
bobby brown || get away,Bobby Brown,1993-01-16,1,Good Enough,1993-01-09,True
da brat featuring tyrese || whatchu like,Da Brat featuring Tyrese,2000-06-03,0,,,True
cathy dennis || just another dream,Cathy Dennis,1990-10-27,0,,,True
ruff endz || no more,Ruff Endz,2000-07-01,0,,,True
lonestar || mountains,Lonestar,2006-09-09,1,You're Like Comin' Home,2005-12-03,True
ryan cabrera || shine on,Ryan Cabrera,2005-10-08,1,True,2005-04-23,True
gs boyz || stanky legg,GS Boyz,2009-02-21,0,,,True
color me badd || slow motion,Color Me Badd,1992-05-09,1,Thinkin' Back,1992-05-02,True
akon || lonely,Akon,2005-02-26,1,Ghetto,2005-02-05,True
dierks bentley || free and easy down the road i go,Dierks Bentley,2007-08-18,1,Long Trip Alone,2007-05-26,True
nelly || pimp juice,Nelly,2003-04-12,1,Hot In Herre,2002-10-26,True
ll cool j || headsprung,LL Cool J,2004-07-10,1,Luv U Better,2003-01-18,True
usher || trading places,Usher,2008-11-15,1,Moving Mountains,2008-08-09,True
miranda lambert || heart like mine,Miranda Lambert,2011-02-26,1,Only Prettier,2011-01-22,True
lily allen || the fear,Lily Allen,2009-02-28,1,Smile,2007-06-02,True
enrique iglesias || rhythm divine,Enrique Iglesias,1999-12-04,1,Bailamos,1999-11-20,True
skeelo || i wish,Skee-Lo,1995-04-29,0,,,True
blink182 || i miss you,Blink-182,2004-03-20,1,The Rock Show,2001-09-22,True
jennifer lopez || waiting for tonight,Jennifer Lopez,1999-10-16,1,If You Had My Love,1999-10-09,True
coldplay || talk,Coldplay,2006-02-25,1,Fix You,2006-01-14,True
phil vassar || love is a beautiful thing,Phil Vassar,2008-03-08,1,Last Day Of My Life,2006-08-12,True
the commitments || try a little tenderness,The Commitments,1991-10-26,0,,,True
cherish || unappreciated,Cherish,2006-10-14,0,,,True
brad paisley || then,Brad Paisley,2009-04-04,1,Waitin' On A Woman,2008-12-06,True
tom cochrane || washed away,Tom Cochrane,1992-11-14,1,Life Is A Highway,1992-11-07,True
maxwell || pretty wings,Maxwell,2009-05-16,1,This Woman's Work,2002-06-29,True
billie ray martin || your loving arms,Billie Ray Martin,1995-04-01,0,,,True
eminem || when im gone,Eminem,2005-11-26,1,Ass Like That,2005-07-30,True
adele || chasing pavements,Adele,2008-11-08,0,,,True
the veronicas || take me on the floor,The Veronicas,2009-06-20,1,Untouched,2009-04-25,True
pleasure p || under,Pleasure P,2009-09-12,1,Boyfriend #2,2009-08-01,True
adam ant || room at the top,Adam Ant,1990-03-10,0,,,True
britney spears || stronger,Britney Spears,2000-12-02,1,Lucky,2000-10-21,True
richard marx || take this heart,Richard Marx,1992-06-13,1,Hazard,1992-06-06,True
boyz ii men || motownphilly,Boyz II Men,1991-06-15,0,,,True
linkin park || in the end,Linkin Park,2001-11-03,1,Crawling,2001-10-27,True
livin joy || dreamer,Livin Joy,1995-01-28,0,,,True
chris cagle || chicks dig it,Chris Cagle,2003-11-01,1,What A Beautiful Day,2003-08-09,True
nas || got ur self a,Nas,2001-12-15,1,NAStradamus,2000-01-01,True
jason aldean || johnny cash,Jason Aldean,2007-05-05,1,Amarillo Sky,2007-03-10,True
destinys child || emotion,Destiny's Child,2001-09-29,1,Bootylicious,2001-09-22,True
jason aldean || amarillo sky,Jason Aldean,2006-10-28,1,Why,2006-07-29,True
toby keith || cryin for me waymans song,Toby Keith,2009-12-19,1,American Ride,2009-11-28,True
st lunatics || midwest swing,St. Lunatics,2001-06-30,0,,,True
mary j blige || be without you,Mary J. Blige,2005-11-26,1,Ooh!,2003-11-22,True
billie myers || kiss the rain,Billie Myers,1997-11-08,0,,,True
taylor swift || the way i loved you,Taylor Swift,2008-11-29,1,You're Not Sorry,2008-11-22,True
babyface || for the cool in you,Babyface,1993-08-14,1,My Kinda Girl,1990-09-08,True
donell jones || where i wanna be,Donell Jones,2000-04-22,1,U Know What's Up,2000-03-04,True
aretha franklin || willing to forgive,Aretha Franklin,1994-05-14,1,"A Deeper Love (From ""Sister Act 2"")",1994-04-09,True
natalie imbruglia || torn,Natalie Imbruglia,1998-12-05,0,,,True
corinne bailey rae || put your records on,Corinne Bailey Rae,2006-07-15,0,,,True
britney spears || 3,Britney Spears,2009-10-24,1,Radar,2009-09-12,True
lonestar || smile,Lonestar,1999-12-18,1,Amazed,1999-10-16,True
colbie caillat || dreams collide,Colbie Caillat,2008-05-17,1,Realize,2008-05-10,True
the killers || all these things that ive done,The Killers,2005-08-27,1,Mr. Brightside,2005-08-20,True
jaheim || put that woman first,Jaheim,2003-03-22,1,Just In Case,2001-11-10,True
garbage || special,Garbage,1999-03-27,1,Push It,1998-09-05,True
b2k featuring fabolous || badaboom,B2K featuring Fabolous,2003-12-20,0,,,True
craig david || walking away,Craig David,2002-05-25,1,7 Days,2002-04-20,True
diana king || lllies,Diana King,1997-11-22,1,I Say A Little Prayer,1997-11-15,True
the pharcyde || runnin,The Pharcyde,1995-10-21,1,Passin' Me By,1993-08-21,True
da brat featuring tboz || ghetto love,Da Brat featuring T-Boz,1997-03-22,0,,,True
christina aguilera || the voice within,Christina Aguilera,2003-11-29,1,Fighter,2003-08-23,True
bo bice || the real thing,Bo Bice,2006-03-25,1,Inside Your Heaven,2005-08-20,True
dangelo || me and those dreamin eyes of mine,D'Angelo,1996-10-05,1,Lady,1996-07-13,True
talib kweli || get by,Talib Kweli,2003-03-29,0,,,True
ginuwine || so anxious,Ginuwine,1999-07-17,1,What's So Different,1999-06-26,True
ace of base || cruel summer,Ace of Base,1998-07-18,1,Lucky Love,1996-06-15,True
cyndi lauper || hey now girls just want to have fun,Cyndi Lauper,1995-09-09,1,My First Night Without You,1989-09-09,True
robin thicke || can u believe,Robin Thicke,2007-08-18,1,Lost Without U,2007-06-02,True
backstreet boys || all i have to give,Backstreet Boys,1999-01-30,1,I'll Never Break Your Heart,1998-12-12,True
cher || strong enough,Cher,1999-05-22,1,Believe,1999-05-15,True
george strait || youll be there,George Strait,2005-04-23,1,I Hate Everything,2004-12-25,True
eminem || the real slim shady,Eminem,2000-05-06,1,My Name Is,1999-05-01,True
rihanna || sos,Rihanna,2006-02-25,1,If It's Lovin' That You Want,2006-02-18,True
velvet revolver || fall to pieces,Velvet Revolver,2004-09-25,1,Slither,2004-09-18,True
en vogue || free your mind,En Vogue,1992-09-12,1,My Lovin' (You're Never Gonna Get It),1992-09-05,True
everything || hooch,Everything,1998-12-05,0,,,True
ashlee simpson || love,Ashlee Simpson,2005-11-05,1,Boyfriend,2005-10-29,True
la roux || bulletproof,La Roux,2010-03-20,0,,,True
chumbawamba || tubthumping,Chumbawamba,1997-09-13,0,,,True
frankie j || how to deal,Frankie J,2005-05-28,1,Don't Wanna Try,2003-08-23,True
glenn lewis || dont you forget it,Glenn Lewis,2001-12-01,0,,,True
beyonce || halo,Beyoncé,2009-02-07,1,Single Ladies (Put A Ring On It),2009-01-31,True
chris cornell || you know my name,Chris Cornell,2006-12-09,0,,,True
utah saints || something good,Utah Saints,1992-11-21,0,,,True
sting || you still touch me,Sting,1996-05-18,1,Let Your Soul Be Your Pilot,1996-03-30,True
vanilla ice || ice ice baby,Vanilla Ice,1990-09-08,0,,,True
the verve pipe || the freshmen,The Verve Pipe,1997-02-22,0,,,True
vanessa carlton || a thousand miles,Vanessa Carlton,2002-03-02,0,,,True
ricky martin || maria,Ricky Martin,1996-07-20,0,,,True
tom petty and the heartbreakers || learning to fly,Tom Petty And The Heartbreakers,1991-06-29,1,Jammin' Me,1987-07-11,True
44 || when your heart stops beating,+44,2006-12-02,0,,,True
londonbeat || a better love,Londonbeat,1991-05-11,1,I've Been Thinking About You,1991-05-04,True
camron || let me know,Cam'Ron,1999-06-26,0,,,True
taylor swift || jump then fall,Taylor Swift,2009-11-14,1,You Belong With Me,2009-11-07,True
britney spears || do somethin,Britney Spears,2005-04-16,1,Everytime,2004-09-18,True
toby keith || big blue note,Toby Keith,2005-10-15,1,As Good As I Once Was,2005-10-08,True
kenny chesney || the good stuff,Kenny Chesney,2002-06-08,1,Young,2002-06-01,True
colbie caillat || mistletoe,Colbie Caillat,2007-12-08,1,Bubbly,2007-12-01,True
gloria estefan || everlasting love,Gloria Estefan,1995-01-28,1,"Turn The Beat Around (From ""The Specialist"")",1995-01-21,True
gretchen wilson || when i think about cheatin,Gretchen Wilson,2004-12-11,1,Here For The Party,2004-11-27,True
afroman || because i got high,Afroman,2001-08-18,0,,,True
richie sambora || ballad of youth,Richie Sambora,1991-09-28,0,,,True
kanye west || through the wire,Kanye West,2003-11-29,0,,,True
train || if its love,Train,2010-06-26,1,"Hey, Soul Sister",2010-06-19,True
foo fighters || the pretender,Foo Fighters,2007-08-25,1,DOA,2006-01-28,True
will to power || im not in love,Will To Power,1990-11-17,1,Fading Away,1989-04-08,True
tpain featuring ludacris || chopped n skrewed,T-Pain featuring Ludacris,2008-11-01,0,,,True
onyx || slam,Onyx,1993-05-29,1,Throw Ya Gunz,1993-04-17,True
fort minor featuring styles of beyond || remember the name,Fort Minor (Featuring Styles Of Beyond),2006-09-30,0,,,True
big tymers || this is how we do,Big Tymers,2003-11-01,1,Still Fly,2002-09-21,True
taylor swift || tim mcgraw,Taylor Swift,2006-09-23,0,,,True
the white tie affair || candle sick and tired,The White Tie Affair,2009-03-21,0,,,True
sisqo || thong song,Sisqo,2000-01-29,0,,,True
the smashing pumpkins || bullet with butterfly wings,The Smashing Pumpkins,1995-11-11,0,,,True
mika || grace kelly,MIKA,2007-02-17,0,,,True
zhane || request line,Zhané,1997-03-15,1,"Shame (From ""A Low Down Dirty Shame"")",1995-03-04,True
spice girls || say youll be there,Spice Girls,1997-05-24,1,Wannabe,1997-05-17,True
bryan adams || the only thing that looks good on me is you,Bryan Adams,1996-05-25,1,Have You Ever Really Loved A Woman?,1995-09-23,True
shania twain || man i feel like a woman,Shania Twain,1999-04-17,1,That Don't Impress Me Much,1999-04-10,True
tevin campbell || strawberry letter 23,Tevin Campbell,1992-06-06,1,Goodbye,1992-05-30,True
the black crowes || hard to handle,The Black Crowes,1990-10-27,1,Jealous Again,1990-07-07,True
case joe || faded pictures,Case / Joe,1998-12-26,0,,,True
george michael || waiting for that day,George Michael,1991-01-19,1,Freedom,1991-01-12,True
aerosmith || jaded,Aerosmith,2001-01-27,1,I Don't Want To Miss A Thing,1999-01-16,True
vince gill || feels like love,Vince Gill,2000-09-02,1,If You Ever Have Forever In Mind,1998-09-26,True
kci jojo || life,K-Ci & JoJo,1999-03-20,1,All My Life,1998-11-28,True
504 boyz || wobble wobble,504 Boyz,2000-04-15,0,,,True
gary allan || best i ever had,Gary Allan,2005-09-03,1,Nothing On But The Radio,2005-01-29,True
madonna || celebration,Madonna,2009-08-22,1,Give It 2 Me,2008-05-17,True
starship || i didnt mean to stay all night,Starship,1990-01-06,1,I Didn't Mean To Stay All Night,1989-12-30,True
the last goodnight || pictures of you,The Last Goodnight,2007-10-27,0,,,True
britney spears || circus,Britney Spears,2008-12-20,1,Womanizer,2008-12-13,True
the 2 live crew || me so horny,The 2 Live Crew,1990-01-06,1,Me So Horny,1989-12-30,True
barry white || practice what you preach,Barry White,1994-10-08,0,,,True
limp bizkit || behind blue eyes,Limp Bizkit,2004-03-06,1,My Way,2001-07-28,True
linkin park || given up,Linkin Park,2007-06-02,1,What I've Done,2007-05-26,True
dixie chicks || tonight the heartaches on me,Dixie Chicks,1999-05-15,1,You Were Mine,1999-05-08,True
leann rimes || how do i,LeAnn Rimes,1997-06-21,1,Blue,1996-11-02,True
dido || thank you,Dido,2001-01-13,0,,,True
sum 41 || fat lip,Sum 41,2001-09-01,0,,,True
martina mcbride || blessed,Martina McBride,2002-01-12,1,When God-Fearin' Women Get The Blues,2001-11-17,True
blue october || hate me,Blue October,2006-04-29,0,,,True
backstreet boys || i want it that way,Backstreet Boys,1999-04-24,1,All I Have To Give,1999-04-17,True
tal bachman || shes so high,Tal Bachman,1999-06-19,0,,,True
nappy roots featuring anthony hamilton || po folks,Nappy Roots [featuring Anthony Hamilton],2002-07-20,0,,,True
xscape || just kickin it,Xscape,1993-09-18,0,,,True
jessica simpson || i wanna love you forever,Jessica Simpson,1999-10-16,0,,,True
sara evans || perfect,Sara Evans,2004-01-24,1,I Keep Looking,2002-11-23,True
michael jackson || blood on the dance floor,Michael Jackson,1997-05-10,1,They Don't Care About Us,1996-08-31,True
jon b featuring babyface || someone to love,Jon B (featuring Babyface),1995-04-29,0,,,True
phil vassar || carlene,Phil Vassar,2000-03-04,0,,,True
swv || im so into you,SWV,1993-02-06,1,Right Here,1993-01-30,True
lonestar || my front porch looking in,Lonestar,2003-04-19,1,Unusually Unusual,2003-02-22,True
avril lavigne || losing grip,Avril Lavigne,2003-04-26,1,I'm With You,2003-04-19,True
ricky martin || tal vez,Ricky Martin,2003-05-31,1,Loaded,2001-06-23,True
jessica simpson || with you,Jessica Simpson,2003-12-27,1,Irresistible,2001-09-29,True
whitney houston || miracle,Whitney Houston,1991-04-13,1,The Star Spangled Banner,1991-04-06,True
channel live || mad izm,Channel Live,1995-02-04,0,,,True
ty herndon || no mercy,Ty Herndon,2000-03-18,1,Steam,2000-01-01,True
gary allan || tough little boys,Gary Allan,2003-08-23,1,Man To Man,2003-05-17,True
madonna || nothing really matters,Madonna,1999-05-01,1,The Power Of Good-Bye,1999-02-20,True
billy currington || thats how country boys roll,Billy Currington,2009-12-12,1,People Are Crazy,2009-09-26,True
jamie foxx featuring twista || dj play a love song,Jamie Foxx featuring Twista,2006-05-06,0,,,True
backstreet boys || weve got it goin on,Backstreet Boys,1995-10-28,0,,,True
johnny gill || the floor,Johnny Gill,1993-05-22,1,Wrap My Body Tight,1991-04-13,True
crash test dummies || mmm mmm mmm mmm,Crash Test Dummies,1994-01-29,1,Superman's Song,1991-11-09,True
brooks dunn || rock my world little country girl,Brooks & Dunn,1994-03-05,1,Boot Scootin' Boogie,1992-10-31,True
outkast || hey ya,OutKast,2003-10-18,1,"So Fresh, So Clean",2001-07-14,True
lady gaga || poker face,Lady GaGa,2009-01-03,0,,,True
hifive || quality time,Hi-Five,1992-12-05,1,She's Playing Hard To Get,1992-11-28,True
cypress hill || dr greenthumb,Cypress Hill,1998-09-19,1,Boom Biddy Bye Bye,1996-07-06,True
katy perry || hot n cold,Katy Perry,2008-07-05,1,I Kissed A Girl,2008-06-28,True
roxette || church of your heart,Roxette,1992-02-29,1,Spending My Time,1992-02-22,True
zac brown band || chicken fried,Zac Brown Band,2008-10-04,0,,,True
regina belle || if i could,Regina Belle,1993-04-03,1,Make It Like It Was,1990-05-05,True
desree || you gotta be,Des'ree,1994-09-03,0,,,True
nickelback || savin me,Nickelback,2006-03-18,1,Photograph,2006-03-11,True
fatboy slim || the rockafeller skank,Fatboy Slim,1998-08-08,0,,,True
carolina liar || show me what im looking for,Carolina Liar,2009-02-21,0,,,True
inxs || pretty vegas,INXS,2005-10-22,1,Beautiful Girl,1993-05-08,True
la bouche || be my lover,La Bouche,1995-11-11,0,,,True
bad english || straight to your heart,Bad English,1991-08-31,1,Possession,1990-09-29,True
nine days || if i am,Nine Days,2000-12-02,1,Absolutely (Story Of A Girl),2000-11-04,True
the fray || absolute,The Fray,2009-02-21,1,You Found Me,2009-02-14,True
yellowcard || ocean avenue,Yellowcard,2004-05-15,0,,,True
mc hammer || u cant touch this,MC Hammer,1990-04-28,0,,,True
nickelback || rockstar,Nickelback,2006-10-14,1,Far Away,2006-10-07,True
aaliyah || back forth,Aaliyah,1994-04-30,0,,,True
tesla || signs,Tesla,1991-01-05,1,The Way It Is,1990-05-26,True
james blunt || 1973,James Blunt,2007-10-06,1,You're Beautiful,2006-07-29,True
gretchen wilson || all jacked up,Gretchen Wilson,2005-08-20,1,Homewrecker,2005-06-18,True
blessid union of souls || all along,Blessid Union Of Souls,1996-07-13,1,Let Me Be The One,1995-12-16,True
jonas brothers || when you look me in the eyes,Jonas Brothers,2008-02-09,1,S.O.S.,2008-01-12,True
hannah montana || just like you,Hannah Montana,2006-11-11,1,Best Of Both Worlds,2006-08-12,True
d12 || how come,D-12,2004-07-03,1,My Band,2004-06-26,True
shwayze || corona and lime,Shwayze,2008-08-09,0,,,True
beyonce || if i were a boy,Beyoncé,2008-10-25,1,Get Me Bodied,2007-09-29,True
robert palmer || youre amazing,Robert Palmer,1990-11-17,1,Tell Me I'm Not Dreaming,1989-08-19,True
kenny loggins || conviction of the heart,Kenny Loggins,1991-10-26,1,Tell Her,1989-03-25,True
george michael || too funky,George Michael,1992-06-13,1,Mother's Pride,1991-03-30,True
sting || if i ever lose my faith in you,Sting,1993-02-20,1,All This Time,1991-04-27,True
leann rimes || nothin bout love makes sense,LeAnn Rimes,2004-11-13,1,Can't Fight The Moonlight,2002-05-04,True
bwitched || cest la vie,B*Witched,1999-02-20,0,,,True
jack johnson || flake,Jack Johnson,2002-08-03,0,,,True
nickelback || never gonna be alone,Nickelback,2008-12-06,1,If Today Was Your Last Day,2008-11-29,True
bruce springsteen || the rising,Bruce Springsteen,2002-08-03,1,Secret Garden,1997-07-05,True
colbie caillat || bubbly,Colbie Caillat,2007-06-02,0,,,True
lee ann womack || ashes by now,Lee Ann Womack,2000-12-09,1,I Hope You Dance,2000-09-23,True
sophie b hawkins || damn i wish i was your lover,Sophie B. Hawkins,1992-04-18,0,,,True
ja rule || clap back,Ja Rule,2003-10-25,1,Holla Holla,1999-08-14,True
onyx || throw ya gunz,Onyx,1993-04-03,0,,,True
ll cool j || mama said knock you out,LL Cool J,1991-04-13,1,Around The Way Girl,1991-04-06,True
outkast || roses,OutKast,2004-03-13,1,Hey Ya!,2004-03-06,True
mariah carey || someday,Mariah Carey,1991-01-19,1,Love Takes Time,1991-01-12,True
the bucketheads || the bomb these sounds fall into my mind,The Bucketheads,1995-07-01,0,,,True
lonestar || mr mom,Lonestar,2004-09-18,1,Let's Be Us Again,2004-08-21,True
corinne bailey rae || like a star,Corinne Bailey Rae,2007-03-03,1,Put Your Records On,2006-11-18,True
the killers || human,The Killers,2008-10-18,1,Shadowplay,2007-11-03,True
kris kross || i missed the bus,Kris Kross,1992-10-03,1,Warm It Up,1992-09-26,True
the fray || never say never,The Fray,2009-06-27,1,You Found Me,2009-06-20,True
craig morgan || tough,Craig Morgan,2007-07-21,1,Little Bit Of Life,2007-03-24,True
brad paisley || american saturday night,Brad Paisley,2009-12-19,1,Welcome To The Future,2009-12-05,True
alan jackson || it must be love,Alan Jackson,2000-06-24,1,Pop A Top,2000-03-11,True
staind || price to play,Staind,2003-04-26,1,For You,2002-07-13,True
ruben studdard || change me,Ruben Studdard,2006-11-18,1,Sorry 2004,2004-05-15,True
train || when i look to the sky,Train,2004-02-07,1,Calling All Angels,2003-12-06,True
right said fred || im too sexy,Right Said Fred,1991-12-21,0,,,True
soul asylum || misery,Soul Asylum,1995-07-01,1,Runaway Train,1993-12-04,True
boyz ii men || vibin,Boyz II Men,1995-09-02,1,Water Runs Dry,1995-08-26,True
jkwon || tipsy,J-Kwon,2004-01-17,0,,,True
rappin 4tay || playaz club,Rappin' 4-Tay,1994-09-24,0,,,True
spice girls || too much,Spice Girls,1998-02-14,1,Spice Up Your Life,1998-02-07,True
jamie foxx featuring ti || just like me,Jamie Foxx featuring T.I.,2008-12-27,0,,,True
travis tritt || love of a woman,Travis Tritt,2001-09-15,1,It's A Great Day To Be Alive,2001-07-14,True
tracy byrd || im from the country,Tracy Byrd,1998-04-04,1,Walking To Jerusalem,1995-08-26,True
snap || ooops up,SNAP!,1990-09-08,1,The Power,1990-09-01,True
carrie underwood || so small,Carrie Underwood,2007-09-01,1,Before He Cheats,2007-08-25,True
gary allan || songs about rain,Gary Allan,2004-03-06,1,Tough Little Boys,2004-01-03,True
sneaker pimps || spin spin sugar,Sneaker Pimps,1997-10-11,1,6 Underground,1997-09-27,True
a perfect circle || weak and powerless,A Perfect Circle,2003-09-27,0,,,True
guns n roses || live and let die,Guns N' Roses,1991-12-21,1,Don't Cry,1991-12-14,True
omarion || entourage,Omarion,2006-08-26,1,Touch,2005-07-30,True
metallica || no leaf clover,Metallica,2000-02-12,1,The Unforgiven II,1998-07-11,True
a tribe called quest || award tour,A Tribe Called Quest,1993-11-06,1,Scenario,1992-09-12,True
natasha bedingfield || single,Natasha Bedingfield,2006-06-24,1,Unwritten,2006-06-17,True
ateens || dancing queen,A*Teens,2000-07-08,0,,,True
paris hilton || stars are blind,Paris Hilton,2006-07-08,0,,,True
mantronix featuring wondress || got to have your love,Mantronix Featuring Wondress,1990-02-24,0,,,True
train || meet virginia,Train,1999-10-09,0,,,True
daughtry || september,Daughtry,2010-08-21,1,Life After You,2010-05-01,True
lee ann womack || i may hate myself in the morning,Lee Ann Womack,2005-01-29,1,Why They Call It Falling,2001-09-01,True
cupid || cupid shuffle,Cupid,2007-07-21,0,,,True
public enemy || give it up,Public Enemy,1994-07-16,1,Can't Truss It,1992-01-25,True
franz ferdinand || do you want to,Franz Ferdinand,2005-09-10,1,Take Me Out,2004-11-06,True
eminem || lose yourself,Eminem,2002-10-05,1,Cleanin' Out My Closet,2002-09-28,True
ashanti || rock wit u awww baby,Ashanti,2003-05-10,1,Baby,2002-12-21,True
jet || are you gonna be my girl,JET,2003-12-20,0,,,True
jonas brothers || hold on,Jonas Brothers,2007-08-11,1,Year 3000,2007-04-21,True
ace of base || lucky love,Ace of Base,1996-02-24,1,Beautiful Life,1996-02-17,True
faithless || insomnia,Faithless,1997-03-29,0,,,True
travis tritt || modern day bonnie and clyde,Travis Tritt,2002-03-30,1,Love Of A Woman,2002-01-26,True
usher || there goes my baby,Usher,2010-03-06,1,Papers,2010-02-13,True
jagged edge || promise,Jagged Edge,2000-12-23,1,Let's Get Married,2000-10-14,True
letters to cleo || awake,Letters To Cleo,1995-09-09,1,Here & Now,1995-06-17,True
martina mcbride || i just call you mine,Martina McBride,2009-08-15,1,Ride,2009-05-02,True
jason aldean || the truth,Jason Aldean,2009-11-21,1,Big Green Tractor,2009-11-07,True
aaron lines || you cant hide beautiful,Aaron Lines,2002-12-28,0,,,True
maxi priest || groovin in the midnight,Maxi Priest,1992-10-31,1,Just A Little Bit Longer,1991-02-16,True
chris cagle || what kinda gone,Chris Cagle,2008-02-02,1,Miss Me Baby,2006-02-04,True
easton corbin || a little more country than that,Easton Corbin,2010-01-23,0,,,True
linkin park || shadow of the day,Linkin Park,2007-11-24,1,Bleed It Out,2007-11-17,True
will smith || switch,Will Smith,2005-03-05,1,Freakin' It,2000-03-04,True
tom petty and the heartbreakers || into the great wide open,Tom Petty And The Heartbreakers,1991-11-16,1,Learning To Fly,1991-09-28,True
jennifer lopez || love dont cost a thing,Jennifer Lopez,2000-12-09,1,Waiting For Tonight,2000-02-26,True
shinedown || save me,Shinedown,2005-11-19,0,,,True
emerson drive || i should be sleeping,Emerson Drive,2002-03-16,0,,,True
tpain featuring chris brown || freeze,T-Pain featuring Chris Brown,2008-11-01,0,,,True
the jeff healey band || lost in your eyes,The Jeff Healey Band,1993-05-08,1,Angel Eyes,1989-11-11,True
jazmine sullivan || bust your windows,Jazmine Sullivan,2008-10-25,1,Need U Bad,2008-10-18,True
juvenile || set it off,Juvenile,2001-08-11,1,U Understand,2000-03-11,True
paula cole || where have all the cowboys gone,PAULA COLE,1997-04-12,0,,,True
jon secada || mental picture,Jon Secada,1994-11-26,1,If You Go,1994-11-19,True
sheryl crow || leaving las vegas,Sheryl Crow,1994-04-23,0,,,True
joss stone || tell me bout it,Joss Stone,2007-04-07,0,,,True
justin timberlake || senorita,Justin Timberlake,2003-08-02,1,Rock Your Body,2003-07-26,True
gretchen wilson || homewrecker,Gretchen Wilson,2005-03-26,1,When I Think About Cheatin',2005-02-19,True
will smith || gettin jiggy wit it,Will Smith,1998-02-28,0,,,True
brooke white || hold up my heart,Brooke White,2009-03-14,0,,,True
cypress hill || boom biddy bye bye,Cypress Hill,1996-06-22,1,Throw Your Set In The Air,1996-02-10,True
godsmack || speak,Godsmack,2006-04-15,1,Straight Out Of Line,2003-06-07,True
dixie chicks || cold day in july,Dixie Chicks,2000-06-24,1,Goodbye Earl,2000-06-17,True
buckcherry || crazy bitch,Buckcherry,2006-05-20,0,,,True
blake shelton || austin,Blake Shelton,2001-05-26,0,,,True
the pharcyde || passin me by,The Pharcyde,1993-05-01,0,,,True
luther vandross || i can make it better,Luther Vandross,1996-12-21,1,Your Secret Love,1996-12-14,True
mary chapin carpenter || passionate kisses,Mary Chapin Carpenter,1993-02-13,0,,,True
2 in a room || el trago the drink,2 In A Room,1994-04-30,1,Wiggle It,1991-03-02,True
crystal waters || gypsy woman shes homeless,Crystal Waters,1991-05-04,0,,,True
peter cetera || even a fool can see,Peter Cetera,1993-07-17,1,Restless Heart,1992-11-21,True
boyz ii men || a song for mama,Boyz II Men,1997-12-13,1,4 Seasons Of Loneliness,1997-12-06,True
rihanna || pon de replay,Rihanna,2005-06-11,0,,,True
george michael || praying for time,George Michael,1990-09-01,1,Kissing A Fool,1989-01-14,True
big punisher || im not a player,Big Punisher,1997-11-01,0,,,True
britney spears featuring madonna || me against the music,Britney Spears featuring Madonna,2003-10-25,0,,,True
bilal || soul sista,Bilal,2001-01-27,0,,,True
dierks bentley || what was i thinkin,Dierks Bentley,2003-06-21,0,,,True
miranda lambert || only prettier,Miranda Lambert,2010-09-18,1,The House That Built Me,2010-08-21,True
bell biv devoe || poison,Bell Biv DeVoe,1990-04-07,0,,,True
remy ma || conceited theres something about remy,Remy Ma,2006-04-01,0,,,True
celine dion || my heart will go on,Céline Dion,1998-02-28,1,All By Myself,1997-08-09,True
the smashing pumpkins || 1979,The Smashing Pumpkins,1996-02-10,1,Bullet With Butterfly Wings,1996-02-03,True
sara evans || a real fine place to start,Sara Evans,2005-07-09,1,Suds In The Bucket,2004-12-18,True
panic at the disco || the only difference between martyrdom and suicide is press coverage,Panic! At The Disco,2006-04-01,1,I Write Sins Not Tragedies,2006-03-25,True
nine inch nails || the day the world went away,Nine Inch Nails,1999-08-07,1,"The Perfect Drug (From ""Lost Highway"")",1997-07-26,True
michael cera ellen page || anyone else but you,Michael Cera & Ellen Page,2008-01-26,0,,,True
beyonce featuring sean paul || baby boy,Beyoncé featuring Sean Paul,2003-08-16,0,,,True
brooks dunn || you cant take the honky tonk out of the girl,Brooks & Dunn,2003-11-08,1,Red Dirt Road,2003-10-11,True
the black crowes || remedy,The Black Crowes,1992-06-13,1,Hard To Handle,1991-09-21,True
tom petty || you dont know how it feels,Tom Petty,1994-12-03,1,A Face In The Crowd,1990-04-21,True
bobby brown || humpin around,Bobby Brown,1992-08-08,1,Rock Wit'cha,1990-01-13,True
franz ferdinand || take me out,Franz Ferdinand,2004-07-03,0,,,True
jodeci || come talk to me,Jodeci,1992-04-04,1,Stay,1992-03-28,True
vanessa williams || just for tonight,Vanessa Williams,1992-05-23,1,Save The Best For Last,1992-05-16,True
38 special || the sound of your voice,38 Special,1991-07-13,0,,,True
dj quik || safe sound,DJ Quik,1995-04-01,1,Jus Lyke Compton,1992-10-03,True
tesla || what you give,Tesla,1992-04-18,1,Signs,1991-06-01,True
gwen stefani || cool,Gwen Stefani,2005-07-16,1,Hollaback Girl,2005-07-09,True
stacie orrico || theres gotta be more to life,Stacie Orrico,2003-09-20,1,Stuck,2003-07-26,True
shabba ranks featuring maxi priest || housecall,Shabba Ranks Featuring Maxi Priest,1991-10-26,0,,,True
brad paisley || shes everything,Brad Paisley,2006-10-21,1,The World,2006-09-16,True
spice girls || stop,Spice Girls,1998-06-20,1,Too Much,1998-06-13,True
avant || separated,Avant,2000-04-29,0,,,True
gwen stefani || wind it up,Gwen Stefani,2006-11-18,1,Crash,2006-04-01,True
lit || my own worst enemy,Lit,1999-04-24,0,,,True
keith urban || stupid boy,Keith Urban,2006-12-23,1,Once In A Lifetime,2006-12-16,True
lily allen || smile,Lily Allen,2007-02-10,0,,,True
jill scott || the way,Jill Scott,2001-07-07,1,A Long Walk,2001-06-16,True
avril lavigne || girlfriend,Avril Lavigne,2007-03-17,1,Keep Holding On,2007-03-10,True
darryl worley || i miss my friend,Darryl Worley,2002-06-15,1,A Good Day To Run,2001-03-17,True
usher || u remind me,Usher,2001-06-16,1,Pop Ya Collar,2000-12-16,True
darius rucker || history in the making,Darius Rucker,2009-11-07,1,Alright,2009-10-10,True
mario vazquez || gallery,Mario Vazquez,2006-07-29,0,,,True
hannah montana || this is the life,Hannah Montana,2006-11-11,1,Best Of Both Worlds,2006-08-12,True
ginuwine || love you more,Ginuwine,2003-11-01,1,In Those Jeans,2003-10-25,True
brand nubian || dont let it go to your head,Brand Nubian,1998-10-24,1,Word Is Bond,1994-11-05,True
lifehouse || broken,Lifehouse,2008-11-08,1,Whatever It Takes,2008-06-14,True
da brat || funkdafied,Da Brat,1994-06-04,0,,,True
dmx || where the hood at,DMX,2003-08-23,1,X Gon' Give It To Ya,2003-05-24,True
rozalla || everybodys free to feel good,Rozalla,1992-06-27,0,,,True
dido || white flag,Dido,2003-09-20,1,Thank You,2001-10-06,True
mya || my first night with you,Mya,1999-03-20,0,,,True
andy griggs || if heaven,Andy Griggs,2005-02-12,1,She Thinks She Needs Me,2004-11-13,True
dashboard confessional || stolen,Dashboard Confessional,2007-04-21,1,Don't Wait,2006-07-22,True
boys like girls || heroheroine,Boys Like Girls,2007-12-22,1,The Great Escape,2007-11-17,True
musiq || just friends sunny,Musiq,2000-10-14,0,,,True
usher featuring lil jon ludacris || yeah,Usher Featuring Lil' Jon & Ludacris,2004-01-10,0,,,True
jessica simpson || i think im in love with you,Jessica Simpson,2000-07-01,1,I Wanna Love You Forever,2000-02-26,True
kate voegele || kindly unspoken,Kate Voegele,2008-02-09,0,,,True
pearl jam || i am mine,Pearl Jam,2002-10-12,1,Nothing As It Seems,2000-06-17,True
dixie chicks || long time gone,Dixie Chicks,2002-06-22,1,Some Days You Gotta Dance,2002-05-25,True
jack johnson || upside down,Jack Johnson,2006-01-28,1,"Sitting, Waiting, Wishing",2005-07-09,True
omarion || touch,Omarion,2005-06-25,1,O,2005-06-04,True
trace adkins || help me understand,Trace Adkins,2002-07-20,1,I'm Tryin',2002-03-02,True
tlc || what about your friends,TLC,1992-09-05,1,Baby-Baby-Baby,1992-08-29,True
jessica simpson || take my breath away,Jessica Simpson,2004-04-03,1,With You,2004-03-27,True
cathy dennis || you lied to me,Cathy Dennis,1992-09-05,1,Everybody Move,1991-12-28,True
lil romeo || my baby,Lil' Romeo,2001-05-19,0,,,True
wilson phillips || the dream is still a,Wilson Phillips,1991-06-01,1,You're In Love,1991-05-25,True
rascal flatts || feels like today,Rascal Flatts,2004-08-21,1,Mayberry,2004-07-03,True
jermaine jackson || word to the badd,Jermaine Jackson,1991-11-30,1,Don't Take It Personal,1990-02-10,True
luther vandross || dance with my father,Luther Vandross,2003-06-28,1,I'd Rather,2003-03-08,True
boyz ii men || 4 seasons of loneliness,Boyz II Men,1997-09-27,1,I Remember,1996-02-10,True
madcon || beggin,Madcon,2009-05-02,0,,,True
spice girls || goodbye,Spice Girls,1998-12-26,1,Stop,1998-10-24,True
rupee || tempted to touch,Rupee,2004-10-09,0,,,True
journey || when you love a woman,Journey,1996-10-26,1,Lights,1993-02-27,True
spin doctors || little miss cant be wrong,Spin Doctors,1992-10-17,0,,,True
erykah badu || bag lady,Erykah Badu,2000-08-19,1,On & On,1997-05-31,True
jason aldean || hicktown,Jason Aldean,2005-08-13,0,,,True
billy currington || good directions,Billy Currington,2007-03-24,1,"Why, Why, Why",2006-08-19,True
neyo || mad,Ne-Yo,2008-12-20,1,Miss Independent,2008-12-13,True
firehouse || dont treat me bad,Firehouse,1991-03-09,0,,,True
alanis morissette || ironic,Alanis Morissette,1996-03-16,0,,,True
matchbox twenty || unwell,matchbox twenty,2003-03-22,1,Disease,2003-03-01,True
alicia keys || fallin,Alicia Keys,2001-06-16,0,,,True
ying yang twins || wait the whisper song,Ying Yang Twins,2005-02-26,1,Naggin,2003-11-29,True
maxwell || ascension dont ever wonder,Maxwell,1996-08-17,0,,,True
n sync || gone,N Sync,2001-09-22,1,Pop,2001-09-08,True
keith urban || i told you so,Keith Urban,2007-05-26,1,Stupid Boy,2007-05-05,True
the black keys || tighten up,The Black Keys,2010-11-06,0,,,True
toby keith || honkytonk u,Toby Keith,2005-02-26,1,Stays In Mexico,2004-12-04,True
keith urban || better life,Keith Urban,2005-09-10,1,Making Memories Of Us,2005-09-03,True
mariah carey || we belong together,Mariah Carey,2005-04-16,1,It's Like That,2005-04-09,True
dixie chicks || ready to run,Dixie Chicks,1999-07-24,1,Tonight The Heartache's On Me,1999-07-17,True
aerosmith || amazing,Aerosmith,1993-12-04,1,Cryin',1993-11-27,True
phil collins || youll be in my heart,Phil Collins,1999-07-03,1,It's In Your Eyes,1997-05-17,True
usher featuring william || omg,Usher featuring will.i.am,2010-04-17,0,,,True
celine dion || where does my heart beat now,Céline Dion,1990-12-08,0,,,True
n sync || god must have spent a little more time on you,N Sync,1998-12-05,1,I Want You Back,1998-08-15,True
michelle branch || goodbye to you,Michelle Branch,2002-08-31,1,All You Wanted,2002-08-24,True
johnny gill || lets get the mood right,Johnny Gill,1996-09-21,1,The Floor,1993-07-24,True
shawnna || gettin some,Shawnna,2006-04-01,0,,,True
telepopmusik || breathe,Telepopmusik,2002-12-28,0,,,True
brooks dunn || its getting better all the time,Brooks & Dunn,2005-02-12,1,That's What It's All About,2005-01-08,True
eddie money || ill get by,Eddie Money,1991-12-21,1,Heaven In The Back Seat,1991-11-02,True
lila mccann || with you,Lila Mccann,1999-04-03,0,,,True
miranda lambert || white liar,Miranda Lambert,2009-10-31,1,More Like Her,2009-03-21,True
la bouche || sweet dreams,La Bouche,1996-03-30,1,Be My Lover,1996-03-23,True
panic at the disco || nine in the afternoon,Panic! At The Disco,2008-02-16,1,I Write Sins Not Tragedies,2006-11-25,True
dru hill || you are everything,Dru Hill,1999-06-19,1,These Are The Times,1999-05-08,True
eric b rakim || juice know the ledge,Eric B. & Rakim,1992-02-22,0,,,True
toby keith || how do you like me now,Toby Keith,2000-01-29,1,Should've Been A Cowboy,1993-07-03,True
lady gaga || alejandro,Lady GaGa,2010-04-17,1,Bad Romance,2010-04-10,True
rihanna || dont stop the music,Rihanna,2007-12-08,1,Shut Up And Drive,2007-11-03,True
luis fonsi || nada es para siempre,Luis Fonsi,2005-08-27,0,,,True
anthony hamilton || cant let go,Anthony Hamilton,2006-03-18,1,Charlene,2005-01-29,True
keith urban || who wouldnt wanna be me,Keith Urban,2003-08-16,1,Raining On Sunday,2003-07-19,True
luke bryan || rain is a good thing,Luke Bryan,2010-04-10,1,Do I,2010-01-30,True
dierks bentley || lot of leavin left to do,Dierks Bentley,2005-04-02,1,How Am I Doin',2005-02-05,True
erykah badu || honey,Erykah Badu,2008-03-15,1,Danger,2003-11-01,True
usher || burn,Usher,2004-03-13,1,U Don't Have To Call,2002-08-03,True
sheryl crow || the first cut is the deepest,Sheryl Crow,2003-10-25,1,Soak Up The Sun,2002-10-26,True
nickelback || id come for you,Nickelback,2008-12-06,1,If Today Was Your Last Day,2008-11-29,True
disturbed || indestructible,Disturbed,2008-06-21,1,Inside The Fire,2008-06-14,True
the brian setzer orchestra || jump jive an wail,The Brian Setzer Orchestra,1998-12-05,0,,,True
gavin rossdale || love remains the same,Gavin Rossdale,2008-06-21,0,,,True
gary allan || a feelin like that,Gary Allan,2007-05-05,1,Life Ain't Always Beautiful,2006-09-02,True
carrie underwood || undo it,Carrie Underwood,2009-11-14,1,Temporary Home,2009-11-07,True
nia peeples || street of dreams,Nia Peeples,1991-10-12,1,Trouble,1988-08-20,True
petey pablo || raise up,Petey Pablo,2001-08-11,0,,,True
keith urban || tonight i wanna cry,Keith Urban,2005-12-31,1,Better Life,2005-12-24,True
ashley tisdale || be good to me,Ashley Tisdale,2007-02-17,1,He Said She Said,2007-02-03,True
don omar || angelito,Don Omar,2006-06-24,0,,,True
r kelly || ignition,R. Kelly,2002-11-09,1,The World's Greatest,2002-04-27,True
50 cent || just a lil bit,50 Cent,2005-03-26,1,Disco Inferno,2005-03-19,True
leona lewis || i will be,Leona Lewis,2009-02-14,1,Better In Time,2009-02-07,True
martina mcbride || when godfearin women get the blues,Martina McBride,2001-09-15,1,There You Are,2000-12-02,True
hanson || i will come to you,Hanson,1997-11-29,1,MMMBop,1997-09-27,True
jomanda || got a love for you,Jomanda,1991-07-06,0,,,True
jack johnson || you and your heart,Jack Johnson,2010-04-24,1,If I Had Eyes,2008-03-29,True
trisha yearwood || real live woman,Trisha Yearwood,2000-04-01,1,I'll Still Love You More,1999-10-23,True
kenny chesney || big star,Kenny Chesney,2003-02-22,1,A Lot Of Things Different,2003-02-15,True
ricky martin || loaded,Ricky Martin,2001-06-16,1,She Bangs,2001-02-03,True
a tribe called quest || scenario,A Tribe Called Quest,1992-06-06,0,,,True
kelly clarkson || already gone,Kelly Clarkson,2009-03-28,1,My Life Would Suck Without You,2009-03-21,True
secondhand serenade || vulnerable,Secondhand Serenade,2007-05-26,0,,,True
nick jonas the administration || who i am,Nick Jonas & The Administration,2009-12-19,0,,,True
linkin park || leave out all the rest,Linkin Park,2008-11-22,1,Shadow Of The Day,2008-04-19,True
kenny chesney || how forever feels,Kenny Chesney,1999-02-06,1,That's Why I'm Here,1998-06-20,True
danity kane || sleep on it,Danity Kane,2006-09-09,1,Show Stopper,2006-09-02,True
jodeci || freekn you,Jodeci,1995-06-17,1,Feenin',1994-07-23,True
50 cent || piggy bank,50 Cent,2005-03-26,1,Disco Inferno,2005-03-19,True
candlebox || you,Candlebox,1994-03-19,0,,,True
tlc || hat 2 da back,TLC,1993-02-06,1,What About Your Friends,1993-01-30,True
toby keith || stays in mexico,Toby Keith,2004-08-28,1,Whiskey Girl,2004-08-21,True
cherish featuring yung joc || killa,Cherish featuring Yung Joc,2008-02-23,0,,,True
keha || your love is my drug,Ke$ha,2010-01-23,1,TiK ToK,2010-01-16,True
richard marx || the way she loves me,Richard Marx,1994-07-16,1,Now And Forever,1994-07-09,True
beck || loser,Beck,1994-01-29,0,,,True
color me badd || remember when,Color Me Badd,1998-07-25,1,"The Earth, The Sun, The Rain",1996-09-28,True
christina aguilera || what a girl wants,Christina Aguilera,1999-11-27,1,Genie In A Bottle,1999-11-20,True
mystikal || shake ya ass,Mystikal,2000-08-12,0,,,True
justin timberlake || summer love,Justin Timberlake,2007-04-28,1,What Goes Around...Comes Around,2007-04-21,True
joe diffie || a night to remember,Joe Diffie,1999-05-15,1,So Help Me Girl,1995-05-20,True
dj jazzy jeff the fresh prince || summertime,DJ Jazzy Jeff & The Fresh Prince,1991-06-15,1,I Think I Can Beat Mike Tyson,1989-12-30,True
robin thicke || lost without u,Robin Thicke,2006-12-23,0,,,True
the brand new heavies || dream on dreamer,The Brand New Heavies,1994-03-19,0,,,True
ace of base || beautiful life,Ace of Base,1995-11-11,1,Living In Danger,1995-03-04,True
daughtry || its not over,Daughtry,2006-12-09,0,,,True
jon secada || angel,Jon Secada,1993-01-30,1,Do You Believe In Us,1993-01-23,True
montgomery gentry || she dont tell me to,Montgomery Gentry,2005-12-31,1,Something To Be Proud Of,2005-12-17,True
da brat || fa all yall,Da Brat,1994-10-15,1,Funkdafied,1994-10-08,True
taylor swift || white horse,Taylor Swift,2008-11-29,1,You're Not Sorry,2008-11-22,True
ginuwine || whats so different,Ginuwine,1999-02-20,1,Pony,1997-03-08,True
whitney houston || my name is not susan,Whitney Houston,1991-07-27,1,Miracle,1991-07-13,True
katy perry || thinking of you,Katy Perry,2009-01-31,1,Hot N Cold,2009-01-24,True
garbage || stupid girl,Garbage,1996-07-27,1,Only Happy When It Rains,1996-07-20,True
kellie pickler || best days of your life,Kellie Pickler,2009-04-25,1,Things That Never Cross A Man's Mind,2008-04-19,True
savage garden || i want you,Savage Garden,1997-03-01,0,,,True
u2 || vertigo,U2,2004-10-09,1,Electrical Storm,2002-11-09,True
taylor swift || our song,Taylor Swift,2007-10-13,1,Teardrops On My Guitar,2007-09-08,True
los del rio || macarena,Los Del Rio,1996-07-06,1,Macarena (Bayside Boys Mix),1996-06-29,True
ray j || one wish,Ray J,2005-10-08,1,Everything You Want,1997-08-16,True
train || marry me,Train,2010-12-04,1,If It's Love,2010-11-06,True
dixie chicks || goodbye earl,Dixie Chicks,2000-03-18,1,Cowboy Take Me Away,2000-03-11,True
incubus || megalomaniac,Incubus,2004-01-03,1,Wish You Were Here,2002-02-02,True
duran duran || electric barbarella,Duran Duran,1997-10-11,1,Too Much Information,1993-11-13,True
queen latifah || just another day,Queen Latifah,1994-03-12,1,U.N.I.T.Y.,1994-03-05,True
lost boyz || me and my crazy world,Lost Boyz,1997-09-20,1,Get Up,1997-04-26,True
christina aguilera || fighter,Christina Aguilera,2003-04-12,1,Beautiful,2003-04-05,True
afi || love like winter,AFI,2006-12-30,1,Miss Murder,2006-09-30,True
the click five || just the girl,The Click Five,2005-07-30,0,,,True
kenny g || the moment,Kenny G,1996-11-16,1,Sentimental,1994-02-12,True
gary allan || the one,Gary Allan,2002-05-18,1,Right Where I Need To Be,2001-08-18,True
toby keith || american soldier,Toby Keith,2003-12-27,1,I Love This Bar,2003-12-20,True
pnk || so what,P!nk,2008-09-06,1,Who Knew,2008-02-23,True
aretha franklin || a rose is still a rose,Aretha Franklin,1998-03-14,1,Willing To Forgive,1994-09-24,True
eminem || ass like that,Eminem,2005-06-18,1,Mockingbird,2005-05-14,True
born jamericans || boom shak atack,Born Jamericans,1994-01-29,0,,,True
3 doors down || citizensoldier,3 Doors Down,2008-01-12,1,Let Me Go,2005-09-03,True
gloria estefan || im not giving you up,Gloria Estefan,1996-12-07,1,You'll Be Mine (Party Time),1996-11-09,True
sophie b hawkins || as i lay me down,Sophie B. Hawkins,1995-06-03,1,Right Beside You,1994-11-12,True
doug stone || i never knew love,Doug Stone,1994-01-01,0,,,True
gary allan || man to man,Gary Allan,2003-01-04,1,The One,2002-09-28,True
celine dion josh groban || the prayer,Céline Dion & Josh Groban,2008-03-01,0,,,True
avant || read your mind,Avant,2003-10-04,1,"Don't Say No, Just Say Yes",2002-11-16,True
ashlee simpson || shadow,Ashlee Simpson,2004-10-02,1,Pieces Of Me,2004-09-25,True
carrie underwood || just a dream,Carrie Underwood,2008-08-23,1,Last Name,2008-08-16,True
cher || song for the lonely,Cher,2002-04-06,1,Strong Enough,1999-08-07,True
patti labelle || new day,Patti LaBelle,2004-07-03,1,When You Talk About Love,1997-10-04,True
joe diffie || so help me girl,Joe Diffie,1995-04-08,1,Pickup Man,1995-01-21,True
kenny rogers || i cant unlove you,Kenny Rogers,2006-06-17,1,Morning Desire,1986-01-18,True
sarah mclachlan || building a mystery,Sarah McLachlan,1997-09-06,1,I Will Remember You (Live),1996-03-23,True
jessica simpson || irresistible,Jessica Simpson,2001-05-19,1,I Think I'm In Love With You,2000-10-14,True
ty herndon || a man holdin on to a woman lettin go,Ty Herndon,1998-06-06,1,What Mattered Most,1995-06-03,True
lady antebellum || love dont live here,Lady Antebellum,2008-03-15,0,,,True
mariah carey || i want to know what love is,Mariah Carey,2009-10-03,1,Obsessed,2009-09-26,True
styx || love is the ritual,Styx,1990-10-20,0,,,True
mariah carey || emotions,Mariah Carey,1991-08-31,1,I Don't Wanna Cry,1991-08-10,True
martina mcbride || gods will,Martina McBride,2005-03-12,1,How Far,2004-08-28,True
rappin 4tay || aint no playa,Rappin' 4-Tay,1996-03-02,1,Playaz Club,1995-02-11,True
nirvana || lithium,Nirvana,1992-08-08,1,Come As You Are,1992-07-18,True
shania twain || come on over,Shania Twain,1999-10-23,1,Man! I Feel Like A Woman!,1999-10-16,True
bonnie raitt || you,Bonnie Raitt,1994-08-06,1,Love Sneakin' Up On You,1994-07-23,True
canibus || second round ko,Canibus,1998-04-11,0,,,True
michael jackson || you rock my world,Michael Jackson,2001-09-08,1,Stranger In Moscow,1997-08-30,True
lionel richie || angel,Lionel Richie,2001-05-05,1,Don't Wanna Lose You,1996-07-20,True
expose || as long as i can dream,Exposé,1993-10-16,1,I'll Never Get Over You (Getting Over Me),1993-10-09,True
rihanna || rehab,Rihanna,2008-11-22,1,Disturbia,2008-11-15,True
ricky martin || shes all i ever had,Ricky Martin,1999-08-07,1,"The Cup Of Life (The Official Song Of The World Cup, France '98)",1999-07-31,True
lady antebellum || i run to you,Lady Antebellum,2009-04-04,1,Lookin' For A Good Time,2009-01-31,True
akon || dont matter,Akon,2007-02-03,1,Belly Dancer (Bananza),2005-12-24,True
weezer || beverly hills,Weezer,2005-04-16,1,Undone - The Sweater Song,1995-01-14,True
eminem || insane,Eminem,2009-06-06,1,We Made You,2009-05-30,True
mariah carey || through the rain,Mariah Carey,2002-12-28,1,Never Too Far/Hero Medley,2002-01-12,True
aaron neville || cant stop my heart from loving you the rain song,Aaron Neville,1995-07-29,1,The Grand Tour,1993-11-06,True
republica || drop dead gorgeous,Republica,1997-02-15,1,Ready To Go,1996-12-21,True
kelly clarkson || because of you,Kelly Clarkson,2005-09-03,1,Since U Been Gone,2005-08-27,True
nelly || 1,Nelly,2001-10-20,1,E.I.,2001-02-17,True
method man || bring the pain,Method Man,1994-11-12,0,,,True
katharine mcphee || over it,Katharine McPhee,2007-02-17,1,Somewhere Over The Rainbow,2006-08-05,True
alicia keys || superwoman,Alicia Keys,2008-09-27,1,Teenage Love Affair,2008-09-06,True
trace adkins || every light in the house,Trace Adkins,1996-11-23,0,,,True
hannah montana || ice cream freeze lets chill,Hannah Montana,2009-07-25,1,You'll Always Find Your Way Back Home,2009-05-02,True
rick astley || cry for help,Rick Astley,1991-02-16,1,Ain't Too Proud To Beg,1989-09-02,True
soul asylum || runaway train,Soul Asylum,1993-06-12,0,,,True
hitman sammy sam || step daddy,Hitman Sammy Sam,2003-05-17,0,,,True
jonas brothers || sos,Jonas Brothers,2007-08-25,1,Hold On,2007-08-18,True
d12 || my band,D-12,2004-03-20,1,Purple Hills,2001-09-29,True
elton john || you can make history young again,Elton John,1996-10-26,1,Blessed,1996-03-16,True
3rd bass || pop goes the weasel,3rd Bass,1991-07-13,0,,,True
jagged edge || goodbye,Jagged Edge,2001-11-17,1,Promise,2001-05-12,True
sheryl crow || steve mcqueen,Sheryl Crow,2002-09-14,1,Soak Up The Sun,2002-09-07,True
black box || everybody everybody,Black Box,1990-08-04,0,,,True
bryan adams || please forgive me,Bryan Adams,1993-10-23,1,Do I Have To Say The Words?,1992-12-12,True
rusted root || send me on my way,Rusted Root,1995-09-02,0,,,True
lil kim || no matter what they say,Lil' Kim,2000-07-15,0,,,True
demi lovato || here we go again,Demi Lovato,2009-07-11,1,Don't Forget,2009-05-23,True
50 cent || wanksta,50 Cent,2002-11-30,0,,,True
kris kross || tonites tha night,Kris Kross,1995-12-09,1,I'm Real,1993-12-25,True
dj sammy yanou featuring do || heaven,DJ Sammy & Yanou Featuring Do,2002-06-01,0,,,True
good charlotte || i just wanna,Good Charlotte,2005-02-12,1,Hold On,2004-03-13,True
shai || i dont wanna be alone,Shai,1996-05-04,1,Come With Me,1996-01-27,True
backstreet boys || larger than life,Backstreet Boys,1999-09-18,1,I Want It That Way,1999-09-11,True
swv || weak,SWV,1993-04-24,1,I'm So Into You,1993-04-17,True
john mellencamp || human wheels,John Mellencamp,1993-09-18,1,Again Tonight,1992-04-25,True
bonnie raitt || something to talk about,Bonnie Raitt,1991-07-20,1,Nick Of Time,1990-06-02,True
craig david || 7 days,Craig David,2001-12-08,1,Fill Me In,2001-12-01,True
lee ann womack || now you see me now you dont,Lee Ann Womack,1999-08-07,1,I'll Think Of A Reason Later,1999-07-10,True
jazmine sullivan || need u bad,Jazmine Sullivan,2008-08-02,0,,,True
queens of the stone age || little sister,Queens Of The Stone Age,2005-02-12,1,No One Knows,2003-05-10,True
boyz ii men || ill make love to you,Boyz II Men,1994-08-13,1,"In The Still Of The Nite (From ""The Jacksons"")",1993-04-10,True
annie lennox || why,Annie Lennox,1992-05-16,0,,,True
r kelly || step in the name of love,R. Kelly,2003-08-23,1,Thoia Thoing,2003-08-16,True
sean kingston || take you there,Sean Kingston,2007-11-17,1,Me Love,2007-11-10,True
jessica simpson || a public affair,Jessica Simpson,2006-07-15,1,These Boots Are Made For Walkin',2005-09-24,True
faith no more || falling to pieces,Faith No More,1990-11-10,1,Epic,1990-11-03,True
groove theory || baby luv,Groove Theory,1996-08-03,1,Keep Tryin',1996-04-27,True
jason derulo || in my head,Jason Derulo,2009-12-26,1,Whatcha Say,2009-12-19,True
ashanti || baby,Ashanti,2002-07-27,1,Happy,2002-07-20,True
trey songz || neighbors know my name,Trey Songz,2010-03-13,1,I Need A Girl,2009-09-19,True
miley cyrus || hoedown throwdown,Miley Cyrus,2009-03-28,1,The Climb,2009-03-21,True
heather headley || i wish i wasnt,Heather Headley,2003-05-03,1,He Is,2003-03-01,True
r kelly || your bodys callin,R. Kelly,1994-05-14,1,Bump N' Grind,1994-05-07,True
spice girls || headlines friendship never ends,Spice Girls,2007-11-24,1,Goodbye,1999-03-06,True
randy houser || boots on,Randy Houser,2009-06-13,1,Anything Goes,2009-01-03,True
the bravery || an honest mistake,The Bravery,2005-07-09,0,,,True
tracie spencer || tender kisses,Tracie Spencer,1991-10-19,1,This Time Make It Funky,1991-06-29,True
jordin sparks || one step at a time,Jordin Sparks,2008-07-12,1,Tattoo,2008-05-10,True
monica || u shouldve known better,Monica,2004-06-05,1,Knock Knock,2004-01-24,True
trace adkins || marry for money,Trace Adkins,2009-03-21,1,You're Gonna Miss This,2008-06-28,True
live || selling the drama,Live,1994-06-04,0,,,True
mariah carey || dont forget about us,Mariah Carey,2005-10-22,1,We Belong Together,2005-10-15,True
pearl jam || wishlist,Pearl Jam,1998-05-23,1,Given To Fly,1998-05-09,True
floetry || say yes,Floetry,2003-03-29,0,,,True
trisha yearwood || there goes my baby,Trisha Yearwood,1998-07-18,1,"How Do I Live (From ""Con Air"")",1997-09-06,True
ginuwine || there it is,Ginuwine,2001-04-07,1,None Of Ur Friends Business,2000-03-18,True
the lost trailers || holler back,The Lost Trailers,2008-07-19,0,,,True
boyz ii men || thank you,Boyz II Men,1995-02-25,1,On Bended Knee,1995-02-18,True
soul asylum || promises broken,Soul Asylum,1996-02-17,1,Misery,1995-09-30,True
wisin yandel || rakata,Wisin & Yandel,2005-12-10,0,,,True
lonestar || walking in memphis,Lonestar,2003-11-08,1,My Front Porch Looking In,2003-09-13,True
britney spears || if u seek amy,Britney Spears,2008-12-20,1,Womanizer,2008-12-13,True
sir mixalot || baby got back,Sir Mix-A-Lot,1992-04-11,1,Posse On Broadway,1989-02-11,True
yael naim || new soul,Yael Naïm,2008-02-16,0,,,True
bell biv devoe || gangsta,Bell Biv DeVoe,1992-11-14,1,When Will I See You Smile Again?,1991-03-09,True
mariah carey || my all,Mariah Carey,1998-05-09,1,Honey,1998-01-24,True
ginuwine || pony,Ginuwine,1996-09-07,0,,,True
swv || youre the one,SWV,1996-04-20,1,"Anything (From ""Above The Rim"")",1994-08-20,True
bon jovi || bed of roses,Bon Jovi,1993-01-23,1,Keep The Faith,1993-01-16,True
wayne wonder || no letting go,Wayne Wonder,2003-01-11,0,,,True
martina mcbride || wrong again,Martina McBride,1998-12-05,0,,,True
korn || here to stay,Korn,2002-05-25,0,,,True
groove theory || tell me,Groove Theory,1995-08-26,0,,,True
deep blue something || breakfast at tiffanys,Deep Blue Something,1995-08-19,0,,,True
ginuwine || none of ur friends business,Ginuwine,1999-12-11,1,So Anxious,1999-11-27,True
brad paisley || wrapped around,Brad Paisley,2001-11-17,1,Two People Fell In Love,2001-08-25,True
craig morgan || little bit of life,Craig Morgan,2006-12-16,1,I Got You,2006-06-24,True
sean kingston || fire burning,Sean Kingston,2009-05-23,1,Take You There,2008-05-03,True
eve 6 || heres to the night,Eve 6,2001-06-09,1,Inside Out,1999-03-06,True
gwen stefani || hollaback girl,Gwen Stefani,2005-04-02,1,What You Waiting For?,2005-03-05,True
thedream || shawty is a 10,The-Dream,2007-09-22,0,,,True
marc cohn || walking in memphis,MARC COHN,1991-03-30,0,,,True
system of a down || byob,System of a Down,2005-04-16,1,Aerials,2002-12-28,True
nick lachey || i cant hate you anymore,Nick Lachey,2006-09-23,1,What's Left Of Me,2006-08-26,True
eric clapton || layla,Eric Clapton,1992-10-03,1,Tears In Heaven,1992-08-01,True
lionel richie || dont wanna lose you,Lionel Richie,1996-04-13,1,Do It To Me,1992-09-12,True
eminem || just lose it,Eminem,2004-10-09,1,Sing For The Moment,2003-08-02,True
kid cudi || day n nite,Kid Cudi,2009-01-31,0,,,True
martina mcbride || loves the only house,Martina McBride,2000-02-05,1,I Love You,2000-01-08,True
james blunt || youre beautiful,James Blunt,2005-11-12,0,,,True
pm dawn || paper doll,P.M. Dawn,1992-01-18,1,Set Adrift On Memory Bliss,1992-01-11,True
hoobastank || crawling in the dark,Hoobastank,2002-03-02,0,,,True
lighter shade of brown || on a sunday afternoon,Lighter Shade of Brown,1991-11-30,0,,,True
nickelback || far away,Nickelback,2006-08-05,1,Savin' Me,2006-07-29,True
snap || the power,SNAP!,1990-05-12,0,,,True
the black crowes || thorn in my pride,The Black Crowes,1992-09-05,1,Remedy,1992-08-08,True
aly aj || potential breakup song,Aly & AJ,2007-07-14,1,Greatest Time Of Year,2006-12-09,True
fountains of wayne || stacys mom,Fountains Of Wayne,2003-10-11,0,,,True
sheryl crow || good is good,Sheryl Crow,2005-10-01,1,The First Cut Is The Deepest,2004-06-26,True
kws || please dont go,KWS,1992-06-20,0,,,True
hilary duff || wake up,Hilary Duff,2005-09-03,1,Come Clean,2004-05-22,True
brad paisley || he didnt have to be,Brad Paisley,1999-10-23,1,Who Needs Pictures,1999-09-11,True
heather headley || in my mind,Heather Headley,2006-02-18,1,I Wish I Wasn't,2003-09-13,True
diamond rio || one more day,Diamond Rio,2001-01-20,1,Unbelievable,1999-05-01,True
everclear || heartspark dollarsign,Everclear,1996-05-18,0,,,True
shawn colvin || sunny came home,Shawn Colvin,1997-07-12,0,,,True
gwen stefani || what you waiting for,Gwen Stefani,2004-10-16,0,,,True
justin timberlake || what goes aroundcomes around,Justin Timberlake,2006-12-23,1,SexyBack,2006-12-16,True
stone sour || through glass,Stone Sour,2006-08-19,1,Bother,2003-03-15,True
angie stone || wish i didnt miss you,Angie Stone,2002-03-23,1,Brotha,2002-03-16,True
backstreet boys || shape of my heart,Backstreet Boys,2000-10-14,1,The One,2000-09-02,True
soulja boy tellem || crank that soulja boy,Soulja Boy Tell'em,2007-07-28,0,,,True
my chemical romance || famous last words,My Chemical Romance,2007-02-10,1,Welcome To The Black Parade,2007-02-03,True
the corrs || breathless,The Corrs,2001-01-27,1,Runaway,1995-12-23,True
neyo || go on girl,Ne-Yo,2008-04-05,1,Do You,2007-10-27,True
madonna || bad girl,Madonna,1993-02-20,1,Erotica,1993-02-13,True
50 cent || hustlers ambition,50 Cent,2005-11-05,1,Just A Lil Bit,2005-09-24,True
dixie chicks || not ready to make nice,Dixie Chicks,2006-05-06,1,Travelin' Soldier,2003-04-05,True
joey mcintyre || stay the same,Joey McIntyre,1999-02-27,0,,,True
whitney houston || my love is your love,Whitney Houston,1999-09-04,1,It's Not Right But It's Okay,1999-08-28,True
five for fighting || superman its not easy,Five for Fighting,2001-09-01,0,,,True
madonna || rain,Madonna,1993-07-24,1,Bad Girl,1993-05-01,True
3 doors down || let me go,3 Doors Down,2005-02-05,1,Away From The Sun,2004-10-09,True
oleta adams || get here,Oleta Adams,1990-12-15,0,,,True
tracy byrd || just let me be in love,Tracy Byrd,2002-01-12,1,Put Your Hand In Mine,2000-03-18,True
new edition || im still in love with you,New Edition,1996-11-09,1,Hit Me Off,1996-11-02,True
keyshia cole || heaven sent,Keyshia Cole,2008-05-17,1,I Remember,2008-05-10,True
easton corbin || roll with it,Easton Corbin,2010-07-31,1,A Little More Country Than That,2010-06-05,True
daryl hall || im in a philly mood,Daryl Hall,1993-10-02,1,Someone Like You,1987-03-14,True
nine inch nails || only,Nine Inch Nails,2005-10-29,1,The Hand That Feeds,2005-08-20,True
madonna || take a bow,Madonna,1994-12-17,1,Secret,1994-12-10,True
amanda perez || never,Amanda Perez,2002-02-16,0,,,True
faith hill || the way you love me,Faith Hill,2000-03-11,1,Breathe,2000-03-04,True
bonnie raitt || i cant make you love me,Bonnie Raitt,1991-11-23,1,Something To Talk About,1991-11-16,True
neneh cherry || buddy x,Neneh Cherry,1993-03-27,1,Heart,1990-01-27,True
m people || moving on up,M People,1994-05-07,0,,,True
kelly clarkson || a moment like this,Kelly Clarkson,2002-09-21,0,,,True
vanessa hudgens || sneakernight,Vanessa Hudgens,2008-07-19,1,Say OK,2007-04-21,True
30 seconds to mars || the kill bury me,30 Seconds To Mars,2006-08-05,0,,,True
go west || what you wont do for love,Go West,1993-03-13,1,Faithful,1993-03-06,True
backstreet boys || more than that,Backstreet Boys,2001-05-26,1,The Call,2001-03-24,True
mobb deep || got it twisted,Mobb Deep,2004-04-17,1,Survival Of The Fittest,1995-09-02,True
sarah mclachlan || angel,Sarah McLachlan,1998-12-05,1,Adia,1998-11-28,True
jon secada || do you believe in us,Jon Secada,1992-09-26,1,Just Another Day,1992-09-19,True
musiq soulchild || teachme,Musiq Soulchild,2007-05-26,1,Buddy,2007-05-19,True
men of vizion || house keeper,Men of Vizion,1996-06-01,0,,,True
firehouse || all she wrote,Firehouse,1991-11-16,1,Love Of A Lifetime,1991-11-09,True
christina aguilera || i turn to you,Christina Aguilera,2000-04-15,1,What A Girl Wants,2000-04-08,True
daddy yankee || gasolina,Daddy Yankee,2004-11-13,0,,,True
avril lavigne || when youre gone,Avril Lavigne,2007-05-05,1,Keep Holding On,2007-04-28,True
kelis || milkshake,Kelis,2003-10-04,1,Caught Out There,2000-02-19,True
blackstreet || before i let you go,Blackstreet,1994-10-22,1,Booti Call,1994-10-15,True
goo goo dolls || give a little bit,Goo Goo Dolls,2004-11-27,1,Big Machine,2002-10-12,True
tracie spencer || love me,Tracie Spencer,1992-03-28,1,Tender Kisses,1992-02-29,True
puddle of mudd || away from me,Puddle Of Mudd,2003-11-22,1,She Hates Me,2003-03-15,True
ty herndon || hands of a working man,Ty Herndon,1999-03-20,1,It Must Be Love,1999-02-06,True
jill scott || a long walk,Jill Scott,2001-02-10,0,,,True
metallica || until it sleeps,Metallica,1996-06-08,1,Sad But True,1992-10-31,True
collin raye || couldnt last a moment,Collin Raye,2000-03-18,1,Anyone Else,1999-07-24,True
ashanti || foolish,Ashanti,2002-02-16,0,,,True
brownstone || if you love me,Brownstone,1994-12-10,0,,,True
george lamond || look into my eyes,George Lamond,1990-08-18,1,Bad Of The Heart,1990-08-11,True
weezer || pork and beans,Weezer,2008-05-10,1,Perfect Situation,2006-04-15,True
celine dion || only one road,Céline Dion,1995-01-21,1,Think Twice,1994-09-17,True
miley cyrus || see you again,Miley Cyrus,2007-12-22,1,G.N.O. (Girl's Night Out),2007-07-21,True
ms jade || feel the girl,Ms. Jade,2002-03-30,0,,,True
maria mena || youre the only one,Maria Mena,2004-06-12,0,,,True
lorrie morgan || go away,Lorrie Morgan,1997-10-04,0,,,True
common || go,Common,2005-07-09,1,The Light,2000-12-09,True
jordin sparks || battlefield,Jordin Sparks,2009-05-30,1,One Step At A Time,2008-11-29,True
britney spears || piece of me,Britney Spears,2007-11-17,1,Gimme More,2007-11-10,True
culture beat || mr vain,Culture Beat,1993-11-06,0,,,True
toby keith || shouldve been a cowboy,Toby Keith,1993-06-26,0,,,True
montgomery gentry || she couldnt change me,Montgomery Gentry,2001-04-07,1,Daddy Won't Sell The Farm,2000-04-08,True
the soup dragons || im free,The Soup Dragons,1990-11-17,0,,,True
erykah badu || window seat,Erykah Badu,2010-04-17,1,Honey,2008-03-29,True
u2 || electrical storm,U2,2002-09-28,1,Stuck In A Moment You Can't Get Out Of,2002-02-09,True
hilary duff || stranger,Hilary Duff,2007-08-04,1,With Love,2007-05-26,True
katy perry || i kissed a girl,Katy Perry,2008-05-24,0,,,True
montell jordan || this is how we do it,Montell Jordan,1995-02-25,0,,,True
del amitri || always the last to know,Del Amitri,1992-08-15,1,Kiss This Thing Goodbye,1990-07-28,True
the chemical brothers || setting sun,The Chemical Brothers,1997-01-25,0,,,True
anita baker || youre my everything,Anita Baker,2004-08-21,1,I Apologize,1995-03-18,True
taylor swift || today was a fairytale,Taylor Swift,2010-02-06,1,You Belong With Me,2010-01-30,True
tevin campbell || goodbye,Tevin Campbell,1992-04-11,1,Tell Me What You Want Me To Do,1992-04-04,True
bruce hornsby || walk in the sun,Bruce Hornsby,1995-08-26,1,Fields Of Gray,1993-12-18,True
enrique iglesias || lloro por ti,Enrique Iglesias,2008-11-08,1,Do You Know? (The Ping Pong Song)/Dimelo,2007-10-13,True
darius rucker || it wont be like this for long,Darius Rucker,2009-01-03,1,Don't Think I Don't Think About It,2008-12-06,True
keyshia cole || love,Keyshia Cole,2006-02-04,1,I Should Have Cheated,2006-01-28,True
blessid union of souls || i believe,Blessid Union Of Souls,1995-02-18,0,,,True
brooks dunn || believe,Brooks & Dunn,2005-12-24,1,Play Something Country,2005-10-22,True
alabama || keepin up,Alabama,1999-02-06,1,How Do You Fall In Love,1999-01-02,True
sheryl crow || my favorite mistake,Sheryl Crow,1998-12-05,1,Everyday Is A Winding Road,1997-08-09,True
whitney houston || try it on my own,Whitney Houston,2003-04-26,1,One Of Those Days,2003-03-22,True
american hifi || flavor of the weak,American Hi-Fi,2001-06-23,0,,,True
metallica || wherever i may roam,Metallica,1992-07-18,1,Nothing Else Matters,1992-07-04,True
mercyme || i can only imagine,MercyME,2003-10-11,0,,,True
n sync || its gonna be me,N Sync,2000-05-06,1,Bye Bye Bye,2000-04-29,True
lightning seeds || the life of riley,Lightning Seeds,1992-04-25,1,Pure,1990-08-25,True
shinedown || the crow the butterfly,Shinedown,2010-08-14,1,If You Only Knew,2010-03-27,True
taylor swift || love story,Taylor Swift,2008-09-27,1,Should've Said No,2008-09-20,True
jonas brothers || a little bit longer,Jonas Brothers,2008-08-23,1,Tonight,2008-08-16,True
dmx || stop being greedy,DMX,1998-08-15,0,,,True
kevon edmonds || 247,Kevon Edmonds,1999-11-06,0,,,True
panic at the disco || i write sins not tragedies,Panic! At The Disco,2006-03-18,0,,,True
big rich || wild west show,Big & Rich,2004-02-28,0,,,True
usher || pop ya collar,Usher,2000-11-04,1,My Way,1998-11-28,True
the veronicas || untouched,The Veronicas,2008-12-13,0,,,True
lauryn hill || doo wop that thing,Lauryn Hill,1998-11-14,0,,,True
gary moore || still got the blues,Gary Moore,1991-02-16,0,,,True
mindy mccready || guys do it all the time,Mindy McCready,1996-08-31,0,,,True
keyshia cole || you complete me,Keyshia Cole,2009-02-21,1,Heaven Sent,2008-09-27,True
switchfoot || dare you to move,Switchfoot,2004-10-02,1,Meant To Live,2004-09-25,True
rem || the great beyond,R.E.M.,1999-12-25,1,Daysleeper,1998-11-28,True
cypress hill || throw your set in the air,Cypress Hill,1995-10-14,1,We Ain't Goin' Out Like That,1994-02-19,True
the tony rich project || like a woman,The Tony Rich Project,1996-07-27,1,Nobody Knows,1996-07-20,True
young money || roger that,Young Money,2010-04-10,1,Every Girl,2009-10-03,True
brian mcknight || back at one,Brian McKnight,1999-08-28,1,On The Down Low,1995-10-14,True
boys like girls featuring taylor swift || two is better than one,Boys Like Girls featuring Taylor Swift,2009-09-26,0,,,True
peter cetera || restless heart,Peter Cetera,1992-07-11,1,Best Of Times,1988-12-17,True
trace adkins || youre gonna miss this,Trace Adkins,2008-02-16,1,Ladies Love Country Boys,2007-05-05,True
jet || look what youve done,JET,2005-01-29,1,Cold Hard Bitch,2004-08-14,True
live || the dolphins cry,Live,1999-10-16,1,Selling The Drama,1994-10-08,True
monica || knock knock,Monica,2003-09-27,1,So Gone,2003-09-20,True
gary allan || nothing on but the radio,Gary Allan,2004-09-18,1,Songs About Rain,2004-05-08,True
eminem || cleanin out my closet,Eminem,2002-08-03,1,Without Me,2002-07-27,True
wilson phillips || give it up,Wilson Phillips,1992-08-08,1,You Won't See Me Cry,1992-08-01,True
boomkat || the wreckoning,Boomkat,2003-03-22,0,,,True
kris kross || warm it up,Kris Kross,1992-06-06,1,Jump,1992-05-30,True
bone crusher featuring killer mike ti || never scared,Bone Crusher Featuring Killer Mike & T.I.,2003-04-05,0,,,True
shania twain || youre still the one,Shania Twain,1998-02-14,1,Love Gets Me Every Time,1998-02-07,True
3 doors down || when im gone,3 Doors Down,2002-11-23,1,Be Like That,2001-12-15,True
funkdoobiest || bow wow wow,Funkdoobiest,1993-04-24,0,,,True
atlantic starr || masterpiece,Atlantic Starr,1992-02-01,1,Love Crazy,1992-01-11,True
beyonce || naughty girl,Beyoncé,2004-03-27,1,"Me, Myself And I",2004-03-20,True
splender || i think god can explain,Splender,2000-06-10,0,,,True
dierks bentley || feel that fire,Dierks Bentley,2008-10-25,1,Trying To Stop Your Leaving,2008-07-26,True
garbage || only happy when it rains,Garbage,1996-03-09,1,Vow,1995-08-05,True
beyonce || irreplaceable,Beyoncé,2006-11-04,1,Ring The Alarm,2006-10-28,True
faith hill || there youll be,Faith Hill,2001-05-26,1,The Way You Love Me,2001-05-19,True
toby keith || as good as i once was,Toby Keith,2005-06-04,1,Honkytonk U,2005-05-14,True
andy griggs || tonight i wanna be your man,Andy Griggs,2002-06-29,1,She's More,2000-07-22,True
martina mcbride || ride,Martina McBride,2009-03-14,1,Anyway,2007-06-02,True
bon jovi || we werent born to follow,Bon Jovi,2009-10-03,1,(You Want To) Make A Memory,2007-09-29,True
deana carter || we danced anyway,Deana Carter,1997-02-08,1,Strawberry Wine,1996-12-07,True
rihanna || disturbia,Rihanna,2008-07-05,1,Take A Bow,2008-06-28,True
pm dawn || set adrift on memory bliss,P.M. Dawn,1991-10-19,0,,,True
counting crows || hanginaround,Counting Crows,1999-11-06,0,,,True
angie stone || brotha,Angie Stone,2001-11-10,1,No More Rain (In This Cloud),2000-04-15,True
alicia keys || no one,Alicia Keys,2007-09-22,1,Unbreakable,2006-02-04,True
clay walker || whats it to you,Clay Walker,1993-10-09,0,,,True
barenaked ladies || its all been done,Barenaked Ladies,1998-12-26,1,One Week,1998-12-19,True
dmx || ruff ryders anthem,DMX,1999-02-20,1,Stop Being Greedy,1998-09-19,True
tom cochrane || life is a highway,Tom Cochrane,1992-05-16,0,,,True
sweet sensation || if wishes came true,Sweet Sensation,1990-06-16,1,Love Child,1990-06-09,True
lisa loeb || lets forget about it,Lisa Loeb,1998-05-02,1,I Do,1998-03-28,True
bonnie raitt || not the only one,Bonnie Raitt,1992-04-18,1,I Can't Make You Love Me,1992-04-04,True
kid rock || all summer long,Kid Rock,2008-07-19,1,Only God Knows Why,2000-07-01,True
sarah mclachlan || fallen,Sarah McLachlan,2003-10-25,1,I Will Remember You (Live),1999-10-02,True
lonestar || everythings changed,Lonestar,1998-12-05,1,You Walked In,1997-12-13,True
natasha bedingfield || these words,Natasha Bedingfield,2005-07-02,0,,,True
the pharcyde || drop,The Pharcyde,1996-04-13,1,Runnin',1996-01-27,True
dixie chicks || theres your trouble,Dixie Chicks,1998-05-16,1,I Can Love You Better,1998-03-14,True
faith no more || easy,Faith No More,1993-03-20,1,Falling To Pieces,1990-11-24,True
avril lavigne || nobodys home,Avril Lavigne,2004-12-11,1,My Happy Ending,2004-12-04,True
sade || by your side,Sade,2001-01-20,1,No Ordinary Love,1993-06-19,True
crazy frog || axel f,Crazy Frog,2005-08-20,0,,,True
go west || faithful,Go West,1992-11-07,1,"King Of Wishful Thinking (From ""Pretty Woman"")",1990-10-27,True
chris cagle || my love goes on and on,Chris Cagle,2000-10-21,0,,,True
metro station || seventeen forever,Metro Station,2008-12-27,1,Shake It,2008-11-08,True
phil vassar || thats when i love you,Phil Vassar,2002-02-23,1,Six-Pack Summer,2001-10-13,True
phil collins || do you remember,Phil Collins,1990-04-28,1,I Wish It Would Rain Down,1990-04-21,True
david ball || riding with private malone,David Ball,2001-10-27,1,Thinkin' Problem,1994-09-17,True
2pac || so many tears,2Pac,1995-07-01,1,Dear Mama/Old School,1995-06-24,True
paula abdul || my love is for real,Paula Abdul,1995-06-17,1,Will You Marry Me?,1992-06-27,True
cece peniston || keep on walkin,CeCe Peniston,1992-05-23,1,We Got A Love Thang,1992-05-16,True
krsone || step into a world raptures delight,KRS-One,1997-04-05,1,MC's Act Like They Don't Know,1995-11-18,True
3 doors down || be like that,3 Doors Down,2001-07-28,1,Kryptonite,2001-04-07,True
kathy troccoli || tell me where it hurts,Kathy Troccoli,1994-07-09,1,Everything Changes,1992-07-04,True
gavin degraw || i dont want to be,Gavin DeGraw,2004-10-23,0,,,True
collective soul || the world i know,Collective Soul,1995-11-18,1,December,1995-11-11,True
bbmak || still on your side,BBMak,2000-12-30,1,Back Here,2000-11-25,True
jars of clay || flood,Jars Of Clay,1996-05-18,0,,,True
coldplay || speed of sound,Coldplay,2005-05-07,1,Clocks,2003-06-28,True
bell biv devoe || do me,Bell Biv DeVoe,1990-06-30,1,Poison,1990-06-23,True
funky green dogs || fired up,Funky Green Dogs,1997-02-08,0,,,True
outkast featuring sleepy brown || the way you move,OutKast Featuring Sleepy Brown,2003-09-27,0,,,True
john legend || ordinary people,John Legend,2005-01-08,1,Used To Love U,2004-12-25,True
will young || leave right now,Will Young,2010-06-12,0,,,True
spice girls || 2 become 1,Spice Girls,1997-08-16,1,Say You'll Be There,1997-08-09,True
richard marx || now and forever,Richard Marx,1994-01-22,1,Chains Around My Heart,1993-01-16,True
plain white ts || hey there delilah,Plain White T's,2007-04-14,1,Hate (I Really Don't Like You),2007-01-13,True
faith hill || the lucky one,Faith Hill,2006-04-08,1,Like We Never Loved At All,2006-02-25,True
lauryn hill || everything is everything,Lauryn Hill,1999-06-19,1,Ex-Factor,1999-06-05,True
sugababes || hole in the head,Sugababes,2004-06-12,0,,,True
pearl jam || last kiss,Pearl Jam,1999-05-29,1,Wishlist,1998-10-03,True
mariah carey || all i want for christmas is you,Mariah Carey,2000-01-08,1,I Still Believe,1999-06-19,True
maxwell || this womans work,Maxwell,2002-03-16,1,Lifetime,2002-01-19,True
billy currington || must be doin somethin right,Billy Currington,2005-10-22,1,I Got A Feelin',2004-10-09,True
deep forest || sweet lullaby,Deep Forest,1994-02-26,0,,,True
puddle of mudd || control,Puddle Of Mudd,2001-10-13,0,,,True
sting || all this time,Sting,1991-01-19,1,Englishman In New York,1988-05-07,True
tracy byrd || put your hand in mine,Tracy Byrd,2000-01-29,1,I'm From The Country,1998-08-01,True
rbd || ser o parecer,RBD,2006-12-16,1,Tu Amor,2006-12-09,True
bon jovi || ill sleep when im dead,Bon Jovi,1993-08-14,1,In These Arms,1993-08-07,True
lonestar || tell her,Lonestar,2000-11-18,1,What About Now,2000-10-21,True
kristine w || one more try,Kristine W,1996-06-01,0,,,True
rage against the machine || guerrilla radio,Rage Against The Machine,1999-10-30,0,,,True
dierks bentley || i wanna make you close your eyes,Dierks Bentley,2009-10-17,1,Sideways,2009-08-29,True
mariah carey || its like that,Mariah Carey,2005-01-29,1,Through The Rain,2003-03-08,True
darius rucker || alright,Darius Rucker,2009-05-30,1,It Won't Be Like This For Long,2009-05-23,True
bruce springsteen || secret garden,Bruce Springsteen,1995-04-29,1,"Streets Of Philadelphia (From ""Philadelphia"")",1994-07-02,True
marvin sapp || never would have made it,Marvin Sapp,2008-06-28,0,,,True
da brat || give it 2 you,Da Brat,1995-04-15,1,Fa All Y'all,1995-02-11,True
wutang clan || method man,Wu-Tang Clan,1993-10-09,0,,,True
saving jane || girl next door,Saving Jane,2006-02-25,0,,,True
darude || sandstorm,Darude,2001-07-21,0,,,True
phil vassar || last day of my life,Phil Vassar,2006-05-13,1,I'll Take That As A Yes (The Hot Tub Song),2005-05-28,True
luther vandross || heaven knows,Luther Vandross,1993-09-18,1,Little Miracles (Happen Every Day),1993-07-24,True
sade || no ordinary love,Sade,1992-11-07,1,Paradise,1988-08-20,True
bbmak || back here,BBMak,2000-04-29,0,,,True
nivea featuring lil jon youngbloodz || okay,Nivea featuring Lil Jon & YoungBloodZ,2004-12-25,0,,,True
john waite || how did i get by without you,John Waite,1995-02-18,1,Don't Lose Any Sleep,1987-10-17,True
alicia keys || how come you dont call me,Alicia Keys,2002-04-06,1,A Woman's Worth,2002-03-09,True
neyo || sexy love,Ne-Yo,2006-06-24,1,When You're Mad,2006-06-17,True
adam lambert || if i had you,Adam Lambert,2010-07-10,1,Whataya Want From Me,2010-07-03,True
lindsay lohan || confessions of a broken heart daughter to father,Lindsay Lohan,2005-11-26,0,,,True
the pussycat dolls || stickwitu,The Pussycat Dolls,2005-10-22,0,,,True
50 cent || if i cant,50 Cent,2003-10-04,1,P.I.M.P.,2003-09-27,True
kandi || dont think im not,Kandi,2000-08-05,0,,,True
smokie norful || i need you now,Smokie Norful,2003-11-29,0,,,True
annie lennox || little bird,Annie Lennox,1993-01-23,1,Walking On Broken Glass,1993-01-16,True
colbie caillat || fallin for you,Colbie Caillat,2009-07-18,1,Something Special,2008-08-30,True
eric church || smoke a little smoke,Eric Church,2010-10-02,1,Hell On The Heart,2010-06-05,True
obie trice || got some teeth,Obie Trice,2003-09-06,0,,,True
lyfe jennings || must be nice,Lyfe Jennings,2005-05-28,0,,,True
aimee mann || thats just what you are,Aimee Mann,1995-01-21,0,,,True
kci jojo || tell me its real,K-Ci & JoJo,1999-05-29,1,Life,1999-05-22,True
slum village featuring kanye west john legend || selfish,Slum Village Featuring Kanye West & John Legend,2004-05-22,0,,,True
sheryl crow || soak up the sun,Sheryl Crow,2002-04-13,1,Anything But Down,1999-07-03,True
the b52s || good stuff,The B-52's,1992-06-20,1,Deadbeat Club,1990-06-30,True
patra || pull up to the bumper,Patra,1995-08-05,1,Worker Man,1994-08-13,True
chantay savage || i will survive,Chantay Savage,1996-02-17,1,Betcha'll Never Find,1994-03-19,True
midnight oil || blue sky mine,Midnight Oil,1990-02-17,1,The Dead Heart,1988-10-08,True
the fray || heartless,The Fray,2009-05-30,1,You Found Me,2009-05-23,True
tyrese || how you gonna act like that,Tyrese,2003-01-04,1,What Am I Gonna Do,2002-01-26,True
drs || gangsta lean,D.R.S.,1993-10-16,0,,,True
parachute || she is love,Parachute,2009-08-15,0,,,True
terror squad || lean back,Terror Squad,2004-06-26,0,,,True
wild orchid || at night i pray,Wild Orchid,1996-09-28,0,,,True
omarion || ice box,Omarion,2006-12-16,1,Entourage,2006-09-23,True
brad paisley || online,Brad Paisley,2007-08-04,1,Ticks,2007-07-28,True
eagleeye cherry || save tonight,Eagle-Eye Cherry,1998-12-05,0,,,True
paula deanda featuring baby bash || doing too much,Paula DeAnda featuring Baby Bash,2006-05-20,0,,,True
michael jackson || you are not alone,Michael Jackson,1995-09-02,1,Will You Be There,1993-11-27,True
indiaarie || little things,India.Arie,2002-09-28,1,Video,2002-06-08,True
inoj || time after time,INOJ,1998-08-22,0,,,True
reel 2 real featuring the mad stuntman || i like to move it,Reel 2 Real Featuring The Mad Stuntman,1994-03-12,0,,,True
kris allen || live like were dying,Kris Allen,2009-10-17,1,No Boundaries,2009-06-20,True
sisqo || incomplete,Sisqo,2000-06-24,1,Thong Song,2000-06-17,True
nas featuring ginuwine || you owe me,Nas featuring Ginuwine,2000-03-25,0,,,True
dem franchize boyz || ridin rims,Dem Franchize Boyz,2006-06-10,1,White Tee's,2004-11-27,True
brad paisley || the world,Brad Paisley,2006-05-06,1,Alcohol,2005-10-29,True
the allamerican rejects || i wanna,The All-American Rejects,2009-10-03,1,Gives You Hell,2009-08-01,True
kanye west || love lockdown,Kanye West,2008-10-04,1,Stronger,2008-02-09,True
aerosmith || i dont want to miss a thing,Aerosmith,1998-09-05,1,Pink,1998-05-23,True
50 cent || outta control,50 Cent,2005-09-17,1,Just A Lil Bit,2005-09-10,True
celine dion || its all coming back to me now,Céline Dion,1996-08-17,1,"Because You Loved Me (From ""Up Close & Personal"")",1996-08-10,True
chuck wicks || stealing cinderella,Chuck Wicks,2007-12-01,0,,,True
dmx || whats my name,DMX,2000-01-15,1,Ruff Ryders' Anthem,1999-05-08,True
ab logic || the hitman,A.B. Logic,1992-08-01,0,,,True
dave hollister || one woman man,Dave Hollister,2000-12-09,1,Can't Stay,2000-04-15,True
blink182 || whats my age again,Blink-182,1999-07-17,0,,,True
dixie chicks || without you,Dixie Chicks,2000-10-07,1,Cold Day In July,2000-08-26,True
taylor swift || teardrops on my guitar,Taylor Swift,2007-03-24,1,Tim McGraw,2007-02-03,True
rem || supernatural superserious,R.E.M.,2008-04-19,1,Imitation Of Life,2001-06-23,True
daryl hall john oates || dont hold back your love,Daryl Hall & John Oates,1991-01-05,1,So Close,1990-12-29,True
3 doors down || here without you,3 Doors Down,2003-08-30,1,When I'm Gone,2003-08-23,True
kellie pickler || didnt you know how much i loved you,Kellie Pickler,2010-02-27,1,Best Days Of Your Life,2009-09-05,True
epmd || crossover,EPMD,1992-07-25,0,,,True
jake owen || eight second ride,Jake Owen,2009-11-21,1,Don't Think I Can't Love You,2009-05-23,True
boys like girls || the great escape,Boys Like Girls,2007-06-02,0,,,True
matthew sweet || sick of myself,Matthew Sweet,1995-05-27,0,,,True
aaliyah || more than a woman,Aaliyah,2002-02-02,1,Rock The Boat,2002-01-26,True
taking back sunday || makedamnsure,Taking Back Sunday,2006-05-06,0,,,True
alicia keys || doesnt mean anything,Alicia Keys,2009-10-10,1,Superwoman,2008-11-08,True
boyz ii men || water runs dry,Boyz II Men,1995-04-29,1,Thank You,1995-04-22,True
jayz || 99 problems,Jay-Z,2004-05-08,1,Dirt Off Your Shoulder,2004-05-01,True
beck || where its at,Beck,1996-06-29,1,Loser,1994-07-09,True
backstreet boys || just want you to know,Backstreet Boys,2005-09-03,1,Incomplete,2005-08-27,True
joe diffie || the quittin kind,Joe Diffie,2000-01-01,1,A Night To Remember,1999-09-25,True
ryan cabrera || true,Ryan Cabrera,2004-12-11,1,On The Way Down,2004-12-04,True
rascal flatts || life is a highway,Rascal Flatts,2006-06-17,1,What Hurts The Most,2006-06-10,True
enigma || beyond the invisible,Enigma,1996-11-30,1,Return To Innocence,1994-08-27,True
jennifer lopez || im glad,Jennifer Lopez,2003-05-03,1,Play,2001-08-18,True
new edition || hit me off,New Edition,1996-08-31,1,Can You Stand The Rain,1989-05-06,True
shaggy featuring marsha || piece of my heart,Shaggy Featuring Marsha,1997-08-30,0,,,True
randy houser || anything goes,Randy Houser,2008-12-06,0,,,True
the cure || high,The Cure,1992-04-04,1,Close To Me,1991-02-02,True
boyz ii men || please dont go,Boyz II Men,1992-04-04,1,Uhh Ahh,1992-03-28,True
chubb rock || treat em right,Chubb Rock,1991-05-18,0,,,True
bebe winans || in harms way,Bebe Winans,1997-11-22,0,,,True
david archuleta || crush,David Archuleta,2008-08-30,1,In This Moment,2008-06-07,True
ruben studdard || sorry 2004,Ruben Studdard,2004-01-03,1,Flying Without Wings,2003-08-30,True
the cure || mint car,The Cure,1996-07-20,1,The 13th,1996-06-01,True
linkin park || what ive done,Linkin Park,2007-04-21,1,Breaking The Habit,2004-12-04,True
clint black || something that we do,Clint Black,1997-12-20,0,,,True
taylor swift || superstar,Taylor Swift,2009-11-14,1,You Belong With Me,2009-11-07,True
dangelo || lady,D'Angelo,1996-03-02,1,Cruisin',1996-02-24,True
luscious jackson || naked eye,Luscious Jackson,1996-12-21,0,,,True
ray lamontagne || you are the best thing,Ray LaMontagne,2008-11-01,0,,,True
linkin park || one step closer,Linkin Park,2001-02-10,0,,,True
jason michael carroll || alyssa lies,Jason Michael Carroll,2007-01-13,0,,,True
sheryl crow || if it makes you happy,Sheryl Crow,1996-09-21,1,Can't Cry Anymore,1995-11-04,True
ace of base || dont turn around,Ace of Base,1994-05-07,1,The Sign,1994-04-30,True
sarah mclachlan || possession,Sarah McLachlan,1994-05-07,0,,,True
alan jackson || like red on a rose,Alan Jackson,2006-10-07,1,The Talkin' Song Repair Blues,2005-07-16,True
demi lovato || catch me,Demi Lovato,2009-08-08,1,Here We Go Again,2009-08-01,True
nickelback || someday,Nickelback,2003-08-23,1,How You Remind Me,2002-08-10,True
the northern pikes || she aint pretty,The Northern Pikes,1992-01-04,0,,,True
billy gilman || one voice,Billy Gilman,2000-06-17,0,,,True
mystikal featuring nivea || danger been so long,Mystikal featuring Nivea,2000-12-16,0,,,True
the cranberries || linger,The Cranberries,1993-10-23,0,,,True
brad paisley || little moments,Brad Paisley,2003-12-20,1,Celebrity,2003-10-25,True
onyx || shifftee,Onyx,1993-10-16,1,Slam,1993-10-09,True
mariah carey || make it happen,Mariah Carey,1992-02-22,1,Can't Let Go,1992-02-15,True
lifehouse || halfway gone,Lifehouse,2009-12-26,1,Broken,2009-02-14,True
phil vassar || in a real love,Phil Vassar,2004-09-04,1,American Child,2002-11-30,True
faith no more || epic,Faith No More,1990-06-23,0,,,True
josh groban || you raise me up,Josh Groban,2004-03-20,0,,,True
the allamerican rejects || move along,The All-American Rejects,2006-02-11,1,Dirty Little Secret,2006-02-04,True
edwin mccain || ill be,Edwin McCain,1998-09-26,1,Solitude,1996-02-17,True
alicia keys || karma,Alicia Keys,2004-11-27,1,If I Ain't Got You,2004-11-20,True
nickelback || if today was your last day,Nickelback,2008-11-29,1,Gotta Be Somebody,2008-11-22,True
a || enjoy yourself,A+,1998-11-14,1,All I See,1996-11-02,True
nickelback || feelin way too damn good,Nickelback,2004-07-03,1,Someday,2004-06-26,True
aly aj || like whoa,Aly & AJ,2008-02-09,1,Potential Breakup Song,2007-11-10,True
babyface || every time i close my eyes,Babyface,1997-02-01,1,When Can I See You,1995-02-18,True
los lonely boys || heaven,Los Lonely Boys,2004-05-15,0,,,True
aaron hall || i miss you,Aaron Hall,1994-05-14,1,Don't Be Afraid,1992-06-27,True
no doubt || running,No Doubt,2003-03-29,1,Hella Good,2002-08-31,True
coldplay || yellow,Coldplay,2001-03-10,0,,,True
adam lambert || time for miracles,Adam Lambert,2009-11-07,1,Mad World,2009-06-20,True
smash mouth || all star,Smash Mouth,1999-05-22,0,,,True
scatman john || scatman skibabopbadopbop,Scatman John,1995-08-19,0,,,True
the allamerican rejects || gives you hell,The All-American Rejects,2008-11-29,1,It Ends Tonight,2007-03-17,True
robert miles || children,Robert Miles,1996-05-11,0,,,True
linkin park || lying from you,Linkin Park,2004-04-10,1,Numb,2004-04-03,True
avenged sevenfold || bat country,Avenged Sevenfold,2005-11-12,0,,,True
andy griggs || she thinks she needs me,Andy Griggs,2004-07-31,1,Tonight I Wanna Be Your Man,2002-09-14,True
fuschnickens || breakdown,FU-Schnickens,1994-10-22,0,,,True
enrique iglesias || be with you,Enrique Iglesias,2000-04-01,1,Rhythm Divine,2000-03-25,True
amerie || why dont we fall in love,Amerie,2002-06-08,0,,,True
aerosmith || pink,Aerosmith,1998-02-28,1,Hole In My Soul,1997-11-01,True
mary j blige || sweet thing,Mary J. Blige,1993-02-13,1,Reminisce,1993-02-06,True
tasmin archer || sleeping satellite,Tasmin Archer,1993-04-17,0,,,True
edie brickell || good times,Edie Brickell,1994-08-20,0,,,True
coldplay || fix you,Coldplay,2005-10-01,1,Speed Of Sound,2005-09-17,True
ice cube || why we thugs,Ice Cube,2006-06-24,1,You Know How We Do It,1994-06-25,True
ozzy osbourne || no more tears,Ozzy Osbourne,1991-11-30,1,Shot in the Dark,1986-05-17,True
gwen stefani || luxurious,Gwen Stefani,2005-11-05,1,Hollaback Girl,2005-10-29,True
toni braxton || spanish guitar,Toni Braxton,2000-12-02,1,Just Be A Man About It,2000-11-25,True
ashley parker angel || let u go,Ashley Parker Angel,2006-04-29,0,,,True
betty boo || doin the do,Betty Boo,1990-11-03,0,,,True
korn || coming undone,Korn,2006-07-08,1,Twisted Transistor,2006-02-04,True
carl thomas || summer rain,Carl Thomas,2000-09-23,1,I Wish,2000-08-05,True
paula abdul || crazy cool,Paula Abdul,1995-09-09,1,My Love Is For Real,1995-09-02,True
filter || hey man nice shot,Filter,1995-08-05,0,,,True
lady antebellum || love this pain,Lady Antebellum,2010-01-23,1,Need You Now,2010-01-16,True
reba mcentire || till you love me,Reba McEntire,1994-12-17,0,,,True
alan jackson || when somebody loves you,Alan Jackson,2001-04-28,1,www.memory,2001-02-10,True
petey pablo || show me the money,Petey Pablo,2006-09-02,1,Freek-A-Leek,2004-09-25,True
erasure || in my arms,Erasure,1997-05-24,1,Always,1994-10-01,True
dragonforce || through the fire and flames,Dragonforce,2008-01-19,0,,,True
samantha mumba || gotta tell you,Samantha Mumba,2000-09-09,0,,,True
rick astley || move right out,Rick Astley,1991-06-22,1,Cry For Help,1991-06-15,True
vanessa carlton || white houses,Vanessa Carlton,2004-10-16,1,Ordinary Day,2002-12-21,True
alanis morissette || thank u,Alanis Morissette,1998-12-05,1,You Learn/You Oughta Know,1997-02-15,True
buddy jewell || sweet southern comfort,Buddy Jewell,2004-02-07,1,Help Pour Out The Rain (Lacey's Song),2003-11-01,True
aerosmith || cryin,Aerosmith,1993-07-31,1,Livin' On The Edge,1993-07-24,True
crystal waters || say if you feel alright,Crystal Waters,1997-02-22,1,100% Pure Love,1995-04-01,True
ralph tresvant || sensitivity,Ralph Tresvant,1990-11-03,0,,,True
saliva || rest in pieces,Saliva,2003-09-27,1,Always,2003-04-26,True
justin timberlake || rock your body,Justin Timberlake,2003-03-22,1,Cry Me A River,2003-03-15,True
gavin degraw || chariot,Gavin DeGraw,2005-04-16,1,I Don't Want To Be,2005-04-09,True
kings of leon || use somebody,Kings Of Leon,2008-10-11,0,,,True
toby keith || whos your daddy,Toby Keith,2002-10-05,1,"Courtesy Of The Red, White And Blue (The Angry American)",2002-09-28,True
third eye blind || never let you go,Third Eye Blind,2000-01-22,1,Jumper,1999-04-17,True
the mars volta || the widow,The Mars Volta,2005-03-19,0,,,True
pearl jam || given to fly,Pearl Jam,1998-01-24,1,Who You Are,1996-10-12,True
elastica || stutter,Elastica,1995-07-22,1,Connection,1995-07-15,True
stevie wonder || so what the fuss,Stevie Wonder,2005-04-09,1,For Your Love,1995-06-03,True
hannah montana || lets get crazy,Hannah Montana,2009-04-11,1,Rock Star,2008-03-08,True
britney spears || oopsi did it again,Britney Spears,2000-04-22,1,From The Bottom Of My Broken Heart,2000-04-15,True
beck || jackass,Beck,1997-09-13,1,The New Pollution,1997-07-12,True
taylor swift || picture to burn,Taylor Swift,2008-03-01,1,Teardrops On My Guitar,2008-02-23,True
big rich || lost in this moment,Big & Rich,2007-04-07,1,8th Of November,2006-07-29,True
koffee brown || after party,Koffee Brown,2001-01-13,0,,,True
snoop dogg || sensual seduction,Snoop Dogg,2007-12-15,1,Let's Get Blown,2005-03-19,True
alicia keys || unthinkable im ready,Alicia Keys,2010-04-24,1,Try Sleeping With A Broken Heart,2010-04-17,True
bwitched || rollercoaster,B*Witched,1999-06-19,1,C'est La Vie,1999-05-29,True
desree || feel so high,Des'ree,1995-04-01,1,You Gotta Be,1995-03-25,True
beyonce featuring lady gaga || video phone,Beyoncé featuring Lady Gaga,2009-12-12,0,,,True
sugarland || just might make me believe,Sugarland,2005-12-03,1,Something More,2005-10-01,True
martina mcbride || this ones for the girls,Martina McBride,2003-08-09,1,Concrete Angel,2003-07-19,True
zhane || hey mr dj,Zhané,1993-08-28,0,,,True
alan jackson || pop a top,Alan Jackson,1999-11-13,1,Little Man,1999-10-30,True
rihanna || if its lovin that you want,Rihanna,2005-10-22,1,Pon de Replay,2005-10-15,True
702 || steelo,702,1996-09-14,0,,,True
will smith featuring dru hill kool mo dee || wild wild west,Will Smith Featuring Dru Hill & Kool Mo Dee,1999-05-22,0,,,True
zac brown band || toes,Zac Brown Band,2009-08-08,1,Whatever It Is,2009-08-01,True
theory of a deadman || all or nothing,Theory Of A Deadman,2010-05-22,1,Not Meant To Be,2009-09-12,True
carolyn dawn johnson || georgia,Carolyn Dawn Johnson,2001-01-27,0,,,True
lonestar || with me,Lonestar,2001-10-27,1,I'm Already There,2001-09-15,True
no doubt || its my life,No Doubt,2003-11-01,1,Running,2003-05-03,True
dixie chicks || travelin soldier,Dixie Chicks,2003-02-01,1,Landslide,2003-01-25,True
sarah mclachlan || river,Sarah McLachlan,2006-12-23,1,Fallen,2004-03-13,True
taylor swift || untouchable,Taylor Swift,2009-11-14,1,You Belong With Me,2009-11-07,True
10 years || wasteland,10 Years,2006-04-01,0,,,True
cascada || everytime we touch,Cascada,2005-12-17,0,,,True
jeremih || imma star everywhere we are,Jeremih,2009-08-08,1,Birthday Sex,2009-08-01,True
jessica simpson || come on over,Jessica Simpson,2008-07-12,1,A Public Affair,2006-09-30,True
richard marx || until i find you again,Richard Marx,1997-04-19,1,The Way She Loves Me,1994-11-19,True
afi || miss murder,AFI,2006-05-13,0,,,True
lucy pearl || dance tonight,Lucy Pearl,2000-05-20,0,,,True
wilson phillips || you wont see me cry,Wilson Phillips,1992-05-09,1,The Dream Is Still Alive,1991-08-31,True
destinys child || cater 2 u,Destiny's Child,2005-04-30,1,Girl,2005-04-23,True
masta ace incorporated || sittin on chrome,Masta Ace Incorporated,1995-09-16,1,The I.N.C. Ride,1995-08-12,True
sugarland || everyday america,Sugarland,2007-07-21,1,Settlin',2007-06-16,True
jaheim || finding my way back,Jaheim,2010-07-03,1,Ain't Leavin Without You,2010-04-03,True
lonestar || lets be us again,Lonestar,2004-04-10,1,Walking In Memphis,2004-01-17,True
emerson drive || fall into me,Emerson Drive,2002-11-16,1,I Should Be Sleeping,2002-07-27,True
puddle of mudd || she hates me,Puddle Of Mudd,2002-10-12,1,Drift & Die,2002-10-05,True
mint condition || breakin my heart pretty brown eyes,Mint Condition,1992-01-04,0,,,True
pressha || splackavellie,Pressha,1998-09-05,0,,,True
red hot chili peppers || the zephyr song,Red Hot Chili Peppers,2002-11-09,1,By The Way,2002-10-26,True
sean paul || temperature,Sean Paul,2006-01-21,1,We Be Burnin',2006-01-14,True
christina aguilera || keeps gettin better,Christina Aguilera,2008-10-18,1,Candyman,2007-06-09,True
evanescence || call me when youre sober,Evanescence,2006-09-02,1,My Immortal,2004-08-14,True
brooks dunn || hillbilly deluxe,Brooks & Dunn,2007-02-10,1,Believe,2006-05-13,True
britney spears || gimme more,Britney Spears,2007-09-22,1,Do Somethin',2005-04-16,True
shakira || gypsy,Shakira,2010-05-15,1,She Wolf,2009-12-12,True
snoop dogg || lets get blown,Snoop Dogg,2005-01-08,1,From Tha Chuuuch To Da Palace,2003-01-11,True
alice in chains || check my brain,Alice In Chains,2009-10-03,0,,,True
michael bolton || love is a wonderful thing,Michael Bolton,1991-04-20,1,Georgia On My Mind,1990-10-27,True
ty herndon || steam,Ty Herndon,1999-10-16,1,Hands Of A Working Man,1999-06-19,True
dierks bentley || come a little closer,Dierks Bentley,2005-09-24,1,Lot Of Leavin' Left To Do,2005-08-06,True
enigma || return to innocence,Enigma,1994-03-05,1,Sadeness Part 1,1991-06-08,True
everclear || father of mine,Everclear,1998-12-05,1,Heartspark Dollarsign,1996-06-29,True
pm dawn || looking through patient eyes,P.M. Dawn,1993-03-20,1,"I'd Die Without You (From ""Boomerang"")",1993-03-13,True
kanye west || stronger,Kanye West,2007-08-11,1,Can't Tell Me Nothing,2007-08-04,True
ace of base || the sign,Ace of Base,1994-01-01,1,All That She Wants,1993-12-25,True
kenny chesney || young,Kenny Chesney,2002-02-09,1,Don't Happen Twice,2001-07-21,True
fall out boy || the carpal tunnel of love,Fall Out Boy,2006-12-30,1,"A Little Less Sixteen Candles, A Little More Touch Me",2006-07-01,True
tlc || diggin on you,TLC,1995-11-18,1,Waterfalls,1995-11-11,True
audioslave || original fire,Audioslave,2006-08-05,1,Doesn't Remind Me,2005-11-26,True
keith urban || everybody,Keith Urban,2007-10-20,1,I Told You So,2007-09-08,True
barenaked ladies || brian wilson,Barenaked Ladies,1997-11-22,1,The Old Apartment,1997-06-14,True
annie lennox || no more i love yous,Annie Lennox,1995-03-11,1,Little Bird,1993-04-10,True
jellyfish || babys coming back,Jellyfish,1991-03-09,0,,,True
brandy || i wanna be down,Brandy,1994-10-01,0,,,True
outkast || players ball,OutKast,1994-02-26,0,,,True
stereo mcs || connected,Stereo MC's,1993-03-27,1,Elevate My Mind,1991-08-24,True
joe diffie || pickup man,Joe Diffie,1994-12-24,1,Third Rock From The Sun,1994-11-05,True
u2 || even better than the real thing,U2,1992-07-11,1,One,1992-07-04,True
tlc || babybabybaby,TLC,1992-06-06,1,Ain't 2 Proud 2 Beg,1992-05-30,True
keith urban || your everything,Keith Urban,2000-07-15,0,,,True
keith urban || once in a lifetime,Keith Urban,2006-09-16,1,Tonight I Wanna Cry,2006-05-13,True
the human league || heart like a wheel,The Human League,1990-09-22,1,I Need Your Loving,1987-02-14,True
savage garden || truly madly deeply,Savage Garden,1997-12-06,1,To The Moon And Back,1997-11-29,True
3 doors down || kryptonite,3 Doors Down,2000-04-08,0,,,True
carolyn dawn johnson || i dont want you to go,Carolyn Dawn Johnson,2002-05-11,1,So Complicated,2001-12-15,True
paula abdul || blowing kisses in the wind,Paula Abdul,1991-10-19,1,The Promise Of A New Day,1991-10-12,True
dixie chicks || if i fall youre going down with me,Dixie Chicks,2001-03-17,1,Without You,2001-02-17,True
beyonce || get me bodied,Beyoncé,2007-05-26,1,Irreplaceable,2007-05-19,True
foo fighters || long road to ruin,Foo Fighters,2008-02-02,1,The Pretender,2008-01-05,True
meredith brooks || what would happen,Meredith Brooks,1998-02-28,1,Bitch,1997-11-15,True
britney spears || outrageous,Britney Spears,2004-08-14,1,Everytime,2004-08-07,True
keith washington || kissing you,Keith Washington,1991-05-25,0,,,True
yankee grey || another nine minutes,Yankee Grey,2000-04-29,1,All Things Considered,2000-01-29,True
mary j blige || everything,Mary J. Blige,1997-09-27,1,I Can Love You,1997-09-20,True
gary allan || life aint always beautiful,Gary Allan,2006-05-20,1,Best I Ever Had,2006-01-14,True
george michael || jesus to a child,George Michael,1996-02-24,1,Killer/Papa Was A Rollin' Stone,1993-08-14,True
eamon || fk it i dont want you back,Eamon,2003-12-06,0,,,True
sean kingston || me love,Sean Kingston,2007-08-18,1,Beautiful Girls,2007-08-11,True
cast of camp rock || we rock,Cast Of Camp Rock,2008-07-05,0,,,True
nelly || flap your wings,Nelly,2004-09-04,1,Work It (Reinvention),2004-04-03,True
savage garden || the animal song,Savage Garden,1999-03-13,1,Truly Madly Deeply,1998-11-28,True
justin bieber || that should be me,Justin Bieber,2010-04-10,1,U Smile,2010-04-03,True
john rich || shuttin detroit down,John Rich,2009-03-14,0,,,True
green day || boulevard of broken dreams,Green Day,2004-11-27,1,American Idiot,2004-11-20,True
chris cagle || laredo,Chris Cagle,2001-07-07,1,My Love Goes On And On,2000-12-30,True
richard marx || keep coming back,Richard Marx,1991-11-02,1,Children Of The Night,1990-08-04,True
n sync || tearin up my heart,N Sync,1998-12-05,1,I Want You Back,1998-08-15,True
dru hill || beauty,Dru Hill,1999-09-25,1,You Are Everything,1999-08-21,True
a tribe called quest || find a way,A Tribe Called Quest,1998-09-12,1,Electric Relaxation (Relax Yourself Girl),1994-05-14,True
firehouse || sleeping with you,Firehouse,1992-12-26,1,When I Look Into Your Eyes,1992-12-19,True
donell jones || put me down,Donell Jones,2002-09-14,1,You Know That I Love You,2002-09-07,True
colbie caillat || realize,Colbie Caillat,2008-02-23,1,Bubbly,2008-02-16,True
jonas brothers || year 3000,Jonas Brothers,2007-02-17,0,,,True
kris kross || jump,Kris Kross,1992-04-04,0,,,True
dilated peoples featuring kanye west || this way,Dilated Peoples Featuring Kanye West,2004-05-29,0,,,True
miranda lambert || famous in a small town,Miranda Lambert,2007-10-06,1,Kerosene,2006-04-08,True
soul ii soul || a dreams a dream,Soul II Soul,1990-06-30,1,Get A Life,1990-06-23,True
snow patrol || chasing cars,Snow Patrol,2006-06-03,0,,,True
lasgo || something,Lasgo,2002-11-02,0,,,True
joe diffie || third rock from the sun,Joe Diffie,1994-09-10,1,John Deere Green,1994-03-05,True
insane clown posse || santas a fat bitch,Insane Clown Posse,1997-12-27,0,,,True
brandy || have you ever,Brandy,1998-12-05,1,"Sittin' Up In My Room (From ""Waiting To Exhale"")",1996-08-10,True
demi lovato || dont forget,Demi Lovato,2008-10-11,1,Get Back,2008-10-04,True
lionel richie || i call it love,Lionel Richie,2006-08-05,1,Just For You,2004-08-28,True
terri clark || a little gasoline,Terri Clark,2000-12-16,1,Everytime I Cry,1999-05-22,True
brad paisley || im still a guy,Brad Paisley,2008-03-29,1,Letter To Me,2008-03-22,True
groove theory || keep tryin,Groove Theory,1996-02-10,1,Tell Me,1996-02-03,True
eminem || my name is,Eminem,1999-02-27,0,,,True
dr alban || its my life,Dr. Alban,1993-04-24,0,,,True
lady antebellum || american honey,Lady Antebellum,2010-01-09,1,Need You Now,2010-01-02,True
j holiday || suffocate,J. Holiday,2007-11-24,1,Bed,2007-11-17,True
gucci mane || freaky gurl,Gucci Mane,2007-10-06,0,,,True
robbie nevil || just like you,Robbie Nevil,1991-07-06,1,Somebody Like You,1989-05-27,True
celine dion || all by myself,Céline Dion,1997-03-29,1,It's All Coming Back To Me Now,1997-03-08,True
death cab for cutie || soul meets body,Death Cab for Cutie,2005-10-08,0,,,True
yeah yeah yeahs || maps,Yeah Yeah Yeahs,2004-03-13,0,,,True
r kelly || the worlds greatest,R. Kelly,2001-12-29,1,Feelin' On Yo Booty,2001-12-22,True
toni braxton || just be a man about it,Toni Braxton,2000-07-29,1,He Wasn't Man Enough,2000-07-22,True
lifehouse || from where you are,Lifehouse,2007-11-24,1,First Time,2007-11-17,True
mariah carey || i dont wanna cry,Mariah Carey,1991-04-06,1,Someday,1991-03-30,True
tina turner || steamy windows,Tina Turner,1990-01-06,1,Steamy Windows,1989-12-30,True
teddy geiger || for you i will confidence,Teddy Geiger,2006-02-18,0,,,True
mariah carey || vision of love,Mariah Carey,1990-06-02,0,,,True
knaan || wavin flag,K'Naan,2009-03-14,0,,,True
keha || take it off,Ke$ha,2010-01-23,1,TiK ToK,2010-01-16,True
taylor swift || crazier,Taylor Swift,2009-04-11,1,You're Not Sorry,2009-04-04,True
linkin park || new divide,Linkin Park,2009-06-06,1,Leave Out All The Rest,2008-12-13,True
lonestar || not a day goes by,Lonestar,2002-05-11,1,With Me,2002-02-02,True
mark wills || shes in love,Mark Wills,1999-09-11,1,Wish You Were Here,1999-07-17,True
tanto metro devonte || everyone falls in love,Tanto Metro & Devonte,1999-07-03,0,,,True
katy perry || waking up in vegas,Katy Perry,2009-05-16,1,Thinking Of You,2009-05-09,True
montgomery gentry || roll with me,Montgomery Gentry,2008-09-27,1,Back When I Knew It All,2008-08-16,True
chip taylor || dance with a hole in your shoe,Chip Taylor,2008-01-01,0,,,True
duchess says || ccut up,Duchess Says,2008-01-01,0,,,True
fredrika stahl || try again,Fredrika Stahl,2006-01-01,0,,,True
strung out || ultimate devotion,Strung Out,1997-01-01,0,,,True
john coltrane || avalon,JOHN COLTRANE,1991-01-01,0,,,True
planlos || chaos,Planlos,2002-01-01,0,,,True
50 cent mobb deep || outta control,50 Cent / Mobb Deep,2005-01-01,0,,,True
jake one || turn it down,Jake One,2008-01-01,0,,,True
scooch || more than i needed to know slewfoot grinder mix,Scooch,2000-01-01,0,,,True
bad religion || epiphany,Bad Religion,2002-01-01,0,,,True
psychic tv || black rainbow towards the infinite beat album mix,Psychic TV,2002-01-01,0,,,True
the postmarks || the girl from algenib,The Postmarks,2009-01-01,0,,,True
clan of xymox || into her web,Clan Of Xymox,2001-01-01,0,,,True
steve bug || loverboy,Steve Bug,1999-01-01,0,,,True
hortense ellis || dont want to cry,Hortense Ellis,1999-01-01,0,,,True
bob mintzer || weird blues,Bob Mintzer,1992-01-01,0,,,True
unni wilhelmsen || sober,Unni Wilhelmsen,2003-01-01,0,,,True
randy brecker || gray area,Randy Brecker,1997-01-01,0,,,True
roger clyne the peacemakers || world aint gone crazy,Roger Clyne & The Peacemakers,2007-01-01,0,,,True
brother cane || the truth,Brother Cane,1998-01-01,0,,,True
consolidated || entertainment tonight,Consolidated,1991-01-01,0,,,True
neil diamond || have yourself a merry little christmas,Neil Diamond,1994-01-01,1,Headed For The Future,1986-07-26,True
jimmy fallon || troll doll jingles medley,Jimmy Fallon,2002-01-01,0,,,True
original naabtal duo || abendfrieden,Original Naabtal Duo,2007-01-01,0,,,True
the style council || spring_ summer_ autumn,The Style Council,1999-01-01,0,,,True
oxmo puccino || guerilla,Oxmo Puccino,2001-01-01,0,,,True
hayley westenra || mary_ did you know,Hayley Westenra,2003-01-01,0,,,True
rjd2 || all for u,RJD2,2006-01-01,0,,,True
mans zelmerlow || a stranger saved my life,Måns Zelmerlöw,2009-01-01,0,,,True
daedelus || adventees,Daedelus,2002-01-01,0,,,True
psychopomps || wanted to tell you,Psychopomps,1992-01-01,0,,,True
metalium || throne in the sky,Metalium,2002-01-01,0,,,True
lost tribe || heroes,Lost Tribe,1998-01-01,0,,,True
les ogres de barback || contes_ vents et marees,Les Ogres De Barback,2006-01-01,0,,,True
betty carter || youre a sweetheart live 1991 digital,Betty Carter,1993-01-01,0,,,True
darwin hobbs || come let us sing he is exalted medley,Darwin Hobbs,2005-01-01,0,,,True
darko rundek || strajk zeljeznicara,Darko Rundek,1997-01-01,0,,,True
kos || black ice hymn for disco,K-OS,2006-01-01,0,,,True
the zinedines || garage flying saucers stoning,The Zinedines,2004-01-01,0,,,True
cobra verde || riot industry,Cobra Verde,2003-01-01,0,,,True
aaliyah || the thing i like,Aaliyah,1994-01-01,0,,,True
baddies || paint the city,Baddies,2008-01-01,0,,,True
ellen allien || alles sehen miss kittin remix,Ellen Allien,2003-01-01,0,,,True
we are performance || freeze,(We Are) Performance,2007-01-01,0,,,True
jape || streetwise,Jape,2008-01-01,0,,,True
the dirty projectors || like fake blood in crisp october,The Dirty Projectors,2003-01-01,0,,,True
chuck prophet || lets turn back the years,Chuck Prophet,2010-01-01,0,,,True
iron and wine || pagan angel and a borrowed car album,Iron And Wine,2007-01-01,0,,,True
los lobos || el cuchipe,Los Lobos,1993-01-01,1,"Come On, Let's Go",1987-12-12,True
art mengo || le temps perdu,Art Mengo,2003-01-01,0,,,True
leatherface || ship song,Leatherface,2000-01-01,0,,,True
jeru the damaja || physical stamina,Jeru The Damaja,1996-01-01,1,Come Clean,1994-02-19,True
coldworker || heart shaped violence,Coldworker,2006-01-01,0,,,True
marcel woods || inside me,Marcel Woods,2009-01-01,0,,,True
grave plott || midwest featuring skatterman snug brim,Grave Plott,2008-01-01,0,,,True
richard marx || silent scream,Richard Marx,1994-01-01,1,Chains Around My Heart,1993-01-16,True
edge of dawn || find a way out,Edge Of Dawn,2005-01-01,0,,,True
bell biv devoe || since i blew,Bell Biv DeVoe,2001-01-01,1,Something In Your Eyes,1993-12-25,True
normal like you || as seen on tv,Normal Like You,2006-01-01,0,,,True
cyantific || good love,Cyantific,2007-01-01,0,,,True
twisted into form || coda,Twisted Into Form,2006-01-01,0,,,True
los autenticos decadentes || jopito,Los Autenticos Decadentes,2010-01-01,0,,,True
drunk horse || the bitch is bach,Drunk Horse,2003-01-01,0,,,True
the coasters || tv fanatic,The Coasters,2005-01-01,0,,,True
carljohan vallgren || uppvaktning undanbedes,Carl-Johan Vallgren,2004-01-01,0,,,True
fat boys || halel,Fat Boys,2010-01-01,1,"Louie, Louie",1988-10-29,True
kilpi || viinapiru,Kilpi,2009-01-01,0,,,True
shrimp boat || country wagon,Shrimp Boat,2005-01-01,0,,,True
mr review || another town,Mr. Review,1993-01-01,0,,,True
joaquin sabina || ruido,Joaquin Sabina,1994-01-01,0,,,True
looptroop rockers || blood and urine,Looptroop Rockers,2008-01-01,0,,,True
kemopetrol || slowed down,Kemopetrol,2000-01-01,0,,,True
james newton howard || nanny arrives,James Newton Howard,2010-01-01,0,,,True
tits || strong arms,T.I.T.S.,2007-01-01,0,,,True
asides || crabs in a bucket,A-Sides,2007-01-01,0,,,True
gene ammons || new sonnys blues,Gene Ammons,1999-01-01,0,,,True
john fahey || the first noel,John Fahey,1994-01-01,0,,,True
garrison starr || hey_ girl,Garrison Starr,2004-01-01,0,,,True
anis || hagard du nord acoustique,Anis,2008-01-01,0,,,True
zebrahead || walk away,zebrahead,1998-01-01,0,,,True
robert lockwood_ jr || bob and b,Robert Lockwood_ Jr.,1998-01-01,0,,,True
die apokalyptischen reiter || game of violence,Die Apokalyptischen Reiter,1999-01-01,0,,,True
grizzly bear || colorado,Grizzly Bear,2006-01-01,0,,,True
joey negro || make a move on me,Joey Negro,2005-01-01,0,,,True
barbara jones || walk through this world,Barbara Jones,2003-01-01,0,,,True
snow patrol || open your eyes,Snow Patrol,2006-01-01,0,,,True
down to the bone || dancing to a samba,Down To The Bone,2004-01-01,0,,,True
cinema bizarre || she waits for me,Cinema Bizarre,2007-01-01,0,,,True
seelenzorn || warum,Seelenzorn,2005-01-01,0,,,True
klute || 174 bpm,Klute,2007-01-01,0,,,True
neikka rpm || heres your revolution davantage mix,Neikka RPM,2004-01-01,0,,,True
monstrosity || within divisions of darkness,Monstrosity,2007-01-01,0,,,True
scars on broadway || insane,Scars On Broadway,2008-01-01,0,,,True
the pointer sisters || shes got the fever,The Pointer Sisters,2005-01-01,1,"Be There (From ""Beverly Hills Cop II"")",1987-10-03,True
natasha stpier || pres dune autre,Natasha St-Pier,2000-01-01,0,,,True
linda eder || edelweiss,Linda Eder,2003-01-01,0,,,True
keb mo || for what its worth,Keb' Mo',2004-01-01,0,,,True
woods || in the woods,Woods,2006-01-01,0,,,True
knight area || under a new sign,Knight Area,2007-01-01,0,,,True
zsedenyi adrienn || mert lett minden mas,Zsedenyi Adrienn,2004-01-01,0,,,True
gorefest || super reality,Gorefest,1998-01-01,0,,,True
nicola conte || paper clouds,Nicola Conte,2008-01-01,0,,,True
drumcorps || botch up and die,Drumcorps,2006-01-01,0,,,True
dan baird || lost highway,Dan Baird,1992-01-01,0,,,True
deborah coleman || happy when youre unhappy,Deborah Coleman,2001-01-01,0,,,True
leehom wang || fang kai ni de xin,Leehom Wang,2004-01-01,0,,,True
eleanor mcevoy || dont ask me why,Eleanor McEvoy,1996-01-01,0,,,True
helena paparizou || the game of love,Helena Paparizou,2006-01-01,0,,,True
sightings || weehawken,Sightings,2010-01-01,0,,,True
anna nalick || bleed,Anna Nalick,2005-01-01,0,,,True
dave eggar || daniel,Dave Eggar,1998-01-01,0,,,True
controlled bleeding || the kill,Controlled Bleeding,1999-01-01,0,,,True
effcee || only human,Effcee,2004-01-01,0,,,True
brian culbertson || joy to the world,Brian Culbertson,2006-01-01,0,,,True
40 cal || quiet sounds,40 Cal.,2006-01-01,0,,,True
devin townsend || unity,Devin Townsend,1998-01-01,0,,,True
warren barfield || love is not a fight,Warren Barfield,2008-01-01,0,,,True
atman || i am otolathe remix,Atman,2007-01-01,0,,,True
blue six || music and wine,Blue Six,1999-01-01,0,,,True
million dan_ niambi || acceleration,Million Dan_ Niambi,2008-01-01,0,,,True
fonky family || les miens mont dit,Fonky Family,2001-01-01,0,,,True
criteria || ride the snake,Criteria,2005-01-01,0,,,True
ronnie milsap || im in love again piano man medley,Ronnie Milsap,2001-01-01,0,,,True
spazztic blurr || fuck yeah,Spazztic Blurr,2001-01-01,0,,,True
shawn colvin || tuff kid,Shawn Colvin,2006-01-01,1,Sunny Came Home,1998-02-14,True
mac mall || lets get a telly,Mac Mall,1996-01-01,0,,,True
the eighties matchbox bline disaster || sacred metal,The Eighties Matchbox B-Line Disaster,2003-01-01,0,,,True
phantomghost || open book in a dead language,Phantom/Ghost,2006-01-01,0,,,True
bitstream || step retracing,Bitstream,2005-01-01,0,,,True
rubin steiner || que bonita es la vida,Rubin Steiner,2005-01-01,0,,,True
blac haze || maybe its time,Blac Haze,2001-01-01,0,,,True
field mob || 1_2_3,Field Mob,2006-01-01,1,Sick Of Being Lonely,2003-04-26,True
ali farka toure_ toumani diabate || machengoidi,Ali Farka Touré_ Toumani Diabaté,2010-01-01,0,,,True
ranking joe || african thing original,Ranking Joe,2001-01-01,0,,,True
zelia duncan || la vou eu,Zélia Duncan,1994-01-01,0,,,True
leverage || twilight symphony,Leverage,2006-01-01,0,,,True
anna tatangelo || il mio amico,Anna Tatangelo,2008-01-01,0,,,True
malevolent creation || monster,Malevolent Creation,1992-01-01,0,,,True
johnny kidd the pirates || your cheatin heart,Johnny Kidd & The Pirates,1990-01-01,0,,,True
wyclef jean || 1800henchman,Wyclef Jean,2002-01-01,1,Gone Till November,1998-06-20,True
andreas ammer fm einheit || canto xiv,Andreas Ammer / FM Einheit,1993-01-01,0,,,True
bally sagoo || sajna kahe bhool gaye,Bally Sagoo,2000-01-01,0,,,True
lil flip featuring lil ron big t || haters still mad,Lil' Flip featuring Lil' Ron & Big T,2002-01-01,0,,,True
bob baldwin || hi,Bob Baldwin,1990-01-01,0,,,True
mark chesnutt || what you got going on later on,Mark Chesnutt,2008-01-01,1,She Was,2002-10-19,True
whitney houston || oh yes,Whitney Houston,1998-01-01,1,"My Heart Is Calling (From ""The Preacher's Wife"")",1997-07-26,True
primal scream || hells comin down,Primal Scream,2006-01-01,0,,,True
john legend || dance to the music,John Legend,2008-01-01,1,Save Room,2007-03-03,True
hallelujah the hills || wave backwards to massachusetts,Hallelujah the Hills,2007-01-01,0,,,True
graveworm || deep inside,GRAVEWORM,2005-01-01,0,,,True
elva hsiao || honey honey honey,Elva Hsiao,2006-01-01,0,,,True
ektomorf || for you,Ektomorf,2000-01-01,0,,,True
marcelo d2 || pilotando o bonde da excursao,Marcelo D2,2004-01-01,0,,,True
vanessa williams || today and everyday wedding song,Vanessa Williams,2005-01-01,1,"Where Do We Go From Here (From ""Eraser"")",1996-10-12,True
craig wedren || rain diamonds,Craig Wedren,2005-01-01,0,,,True
youth group || start today tomorrow,Youth Group,2006-01-01,0,,,True
religious knives || untitled,Religious Knives,2008-01-01,0,,,True
tye tribbett ga || well done,Tye Tribbett & G.A.,2008-01-01,0,,,True
derniere volonte || de profundis,Derniere Volonte,2004-01-01,0,,,True
mayday parade || you be the anchor that keeps my feet on the ground_ ill be the wings that keep your heart in the clouds album,Mayday Parade,2007-01-01,0,,,True
mikromusic || swiat oddala sie ode mnie,Mikromusic,2008-01-01,0,,,True
cockney rejects || listen,Cockney Rejects,2001-01-01,0,,,True
maria solheim || wildest day,Maria Solheim,2006-01-01,0,,,True
lady sovereign || 9 to 5,Lady Sovereign,2005-01-01,0,,,True
bill douglas || highland,Bill Douglas,1990-01-01,0,,,True
gene chandler || i wake up crying,Gene Chandler,2004-01-01,0,,,True
the casualties || clockwork,The Casualties,2009-01-01,0,,,True
queens of the stone age || you think i aint worth a dollar_ but i feel like a millionaire,Queens Of The Stone Age,2002-01-01,0,,,True
louise attaque || cracher nos souhaits,Louise Attaque,1997-01-01,0,,,True
wolfgang petry || sehnsucht nach dir,Wolfgang Petry,1993-01-01,0,,,True
francisco cespedes || que hago contigo,Francisco Céspedes,1998-01-01,0,,,True
la cabra mecanica || palabras de gasolina,La Cabra Mecanica,1999-01-01,0,,,True
daryl scott || i need you now,Daryl Scott,2004-01-01,0,,,True
sharon van etten || i wish i knew,Sharon Van Etten,2009-01-01,0,,,True
mc lyte || party goin on featuring inaya day clean lp version,MC Lyte,1998-01-01,1,Cold Rock A Party,1997-04-12,True
johnny tillotson || judy judy judy,Johnny Tillotson,2007-01-01,0,,,True
star fucking hipsters || severance pay,Star Fucking Hipsters,2009-01-01,0,,,True
mind funk || fire,Mind Funk,1991-01-01,0,,,True
ernest tubb || hey la la,Ernest Tubb,1991-01-01,0,,,True
augie march || thin captain crackers,Augie March,2006-01-01,0,,,True
the aluminum group || note to self,The Aluminum Group,2008-01-01,0,,,True
paper lace || the blackeyed boys,Paper Lace,2000-01-01,0,,,True
yellowjackets || imperial strut,Yellowjackets,1999-01-01,0,,,True
nana kitade || antoinette blue,Nana Kitade,2007-01-01,0,,,True
siobhan fahey || bad blood ghp remix,Siobhan Fahey,2005-01-01,0,,,True
but alive || korrect,...But Alive,2005-01-01,0,,,True
the turtles || eve of destruction mono,The Turtles,1993-01-01,0,,,True
james chance the contortions || the splurge,James Chance & the Contortions,1996-01-01,0,,,True
kidz bop kids || float on,Kidz Bop Kids,2005-01-01,0,,,True
dir en grey || spilled milk,Dir en grey,2005-01-01,0,,,True
anouar brahem_ francois couturier_ jeanlouis matinier || les ailes du bourak,Anouar Brahem_ Francois Couturier_ Jean-Louis Matinier,2002-01-01,0,,,True
pokolgep || szarock ra,Pokolgép,2004-01-01,0,,,True
leatherwolf || dr wicked,Leatherwolf,2006-01-01,0,,,True
mr lif || collapse,Mr. Lif,2006-01-01,0,,,True
frank reyes || que voy a hacer sin ti,Frank Reyes,2005-01-01,0,,,True
ktl || benbbet,Ktl,2008-01-01,0,,,True
tocotronic || ich mochte teil einer jugendbewegung sein studio_ 1994,Tocotronic,1996-01-01,0,,,True
karsh kale || deepest blue,Karsh Kale,2001-01-01,0,,,True
watashi wa || father_ son,Watashi Wa,2006-01-01,0,,,True
morcheeba || public displays of affection,Morcheeba,2002-01-01,0,,,True
the high strung || rimbaud rambo,The High Strung,2007-01-01,0,,,True
slim whitman || it is no secret,Slim Whitman,1997-01-01,0,,,True
ben folds || effington,Ben Folds,2008-01-01,1,Bitches Ain't S**t,2005-04-02,True
manowar || the power,Manowar,1996-01-01,0,,,True
wordsworth || backstage,Wordsworth,2003-01-01,0,,,True
daniel wylie || because i,Daniel Wylie,2004-01-01,0,,,True
rivers cuomo || lover in the snow,Rivers Cuomo,2007-01-01,0,,,True
the future sound of london || central industrial,The Future Sound of London,1991-01-01,0,,,True
vic dana || distant drums,Vic Dana,2000-01-01,0,,,True
mikelyn roderick || copasetic is,Mikelyn Roderick,2007-01-01,0,,,True
anders manga || catastrophe,Anders Manga,2009-01-01,0,,,True
coheed and cambria || everything evil,Coheed and Cambria,2002-01-01,0,,,True
pink razors || sincerity is so pretentious,Pink Razors,2006-01-01,0,,,True
amparanoia || nada,Amparanoia,2006-01-01,0,,,True
mathias kaden || swahili,Mathias Kaden,2008-01-01,0,,,True
die fantastischen vier || dann mach doch mal,Die Fantastischen Vier,2010-01-01,0,,,True
nosferatu || somebody put something in my drink main mix,Nosferatu,2005-01-01,0,,,True
univers zero || emotions galactiques galactical emotions,Univers Zero,2002-01-01,0,,,True
klaus schulze || study for brian eno,Klaus Schulze,1997-01-01,0,,,True
revive || chorus of the saints,Revive,2009-01-01,0,,,True
luka bloom || june,Luka Bloom,2005-01-01,0,,,True
paul baloche || offering,Paul Baloche,2003-01-01,0,,,True
brownsville station || leavin here lp version,Brownsville Station,2005-01-01,0,,,True
blood stain child || another dimension,Blood Stain Child,2007-01-01,0,,,True
blue highway || vbottom boat,Blue Highway,2007-01-01,0,,,True
pep squad || its a no,Pep Squad,1999-01-01,0,,,True
khia || remember me,Khia,2002-01-01,0,,,True
primus || glass sandwich,Primus,1995-01-01,0,,,True
cece winans || falling in love,Cece Winans,2008-01-01,0,,,True
lisandro aristimuno || pluma,Lisandro Aristimuno,2007-01-01,0,,,True
the essex green || everything is green alt version,The Essex Green,2002-01-01,0,,,True
the tangent || the company car,The Tangent,2009-01-01,0,,,True
righteous pigs || open wound,Righteous Pigs,1993-01-01,0,,,True
marc korn || feel free,Marc Korn,2005-01-01,0,,,True
the black keys || something on my mind,The Black Keys,2008-01-01,0,,,True
the album leaf || we are,The Album Leaf,2010-01-01,0,,,True
spheric universe experience || down memory lane,Spheric Universe Experience,2009-01-01,0,,,True
benny goodman his sextet || ive found a new baby,Benny Goodman & His Sextet,2002-01-01,0,,,True
at the drivein || hulahoop wounds,At The Drive-In,1998-01-01,0,,,True
tom brosseau || the broken ukuele,Tom Brosseau,2006-01-01,0,,,True
cali agents || the good life,Cali Agents,2000-01-01,0,,,True
crumbsuckers || hubrun,Crumbsuckers,1999-01-01,0,,,True
allison moorer || im looking for blue eyes,Allison Moorer,2008-01-01,0,,,True
teen idols || every day is saturday,Teen Idols,2000-01-01,0,,,True
jacob miller || healing of a nation,Jacob Miller,1999-01-01,0,,,True
samael || polygames,Samael,2009-01-01,0,,,True
barbara mandrell || holdin on to the love i got,Barbara Mandrell,1997-01-01,0,,,True
rob zombie || twolane blacktop,Rob Zombie,2003-01-01,0,,,True
kicking k8 || glitch,Kicking K8,2009-01-01,0,,,True
the rutles || dont know why,The Rutles,1996-01-01,0,,,True
valient thorr || tough customer lp version,Valient Thorr,2005-01-01,0,,,True
cattivi pensieri || dai e vai,Cattivi Pensieri,1996-01-01,0,,,True
moving ninja || lost tribe,Moving Ninja,2005-01-01,0,,,True
teenage fanclub || december,Teenage Fanclub,1991-01-01,0,,,True
jonatha brooke || back in the circus,Jonatha Brooke,2004-01-01,0,,,True
moneybrother || reconsider me,Moneybrother,2003-01-01,0,,,True
clint mansell || xibalba,Clint Mansell,2006-01-01,0,,,True
it dies today || the caitiff choir defeatism,It Dies Today,2004-01-01,0,,,True
white rose transmission || love or just loveless,White Rose Transmission,2010-01-01,0,,,True
nobuko hori || hmmm,Nobuko Hori,2007-01-01,0,,,True
the sensational nightengales || somewhere to lay my head,The Sensational Nightengales,2000-01-01,0,,,True
hudson mohawke || shower melody,Hudson Mohawke,2009-01-01,0,,,True
ayub ogada || chiro,Ayub Ogada,1993-01-01,0,,,True
richie mcdonald || its the most wonderful time of the year,Richie McDonald,2009-01-01,0,,,True
david toop || dream fluid,David Toop,1995-01-01,0,,,True
elysian blaze || spirit night,Elysian Blaze,2006-01-01,0,,,True
willie mabon || i dont know,Willie Mabon,1993-01-01,0,,,True
juaninacka || el duermevela,Juaninacka,2004-01-01,0,,,True
miss derringer || confession,Miss Derringer,2004-01-01,0,,,True
anthrax || contact,Anthrax,2003-01-01,0,,,True
these arms are snakes || drinking from the necks of the ones you love,These Arms Are Snakes,2003-01-01,0,,,True
daath || silenced,Daath,2009-01-01,0,,,True
olga tanon || contigo o sin ti,Olga Tañon,1993-01-01,0,,,True
frenzal rhomb || writings on the wall,Frenzal Rhomb,1999-01-01,0,,,True
sting || la belle dame sans regrets,Sting,1996-01-01,1,When We Dance,1995-02-25,True
melanie c || immune,Melanie C,2007-01-01,0,,,True
banco de gaia || soufie blue mix,Banco De Gaia,2009-01-01,0,,,True
peggy zina || de goustaro na se vlepo,Peggy Zina,2006-01-01,0,,,True
mona mur || eintagsfliegen,Mona Mur,2004-01-01,0,,,True
frittenbude || das licht basslaster mensch meier remix,Frittenbude,2009-01-01,0,,,True
warren smith || rock n roll ruby,Warren Smith,1995-01-01,0,,,True
panteon rococo || estrella roja,Panteon Rococo,2007-01-01,0,,,True
bashy || rehab,Bashy,2008-01-01,0,,,True
tomas andersson wij || och en som vandrar,Tomas Andersson Wij,2004-01-01,0,,,True
love grocer || far as the i can see,Love Grocer,2000-01-01,0,,,True
digitalism || echoes digitalisms underwater sonar club mix,Digitalism,2008-01-01,0,,,True
fluke || phin,Fluke,1991-01-01,0,,,True
wibutee || we are in space_ so are you,Wibutee,2004-01-01,0,,,True
desree || caring world,Des'ree,1994-01-01,0,,,True
fminus || still,F-Minus,2001-01-01,0,,,True
symbyosis || acrid nebula,Symbyosis,2000-01-01,0,,,True
r crumb and his cheap suit serenaders || shopping mall,R. Crumb And His Cheap Suit Serenaders,1993-01-01,0,,,True
trace adkins || southern hallelujah,Trace Adkins,2006-01-01,1,Honky Tonk Badonkadonk,2005-12-31,True
florian silbereisen || berliner luft,Florian Silbereisen,2003-01-01,0,,,True
edenbridge || shine goth mix,Edenbridge,2004-01-01,0,,,True
holly palmer || different languages,Holly Palmer,1996-01-01,0,,,True
soko friedhof || sensenmann,Soko Friedhof,2009-01-01,0,,,True
bright || blue christian,BRiGHT,1998-01-01,0,,,True
headman || song 8,Headman,2008-01-01,0,,,True
essendon airport || lost in madagascar,Essendon Airport,2002-01-01,0,,,True
driver side impact || patience gave it up,Driver Side Impact,2008-01-01,0,,,True
robben ford || over my head,Robben Ford,2003-01-01,0,,,True
a hope for home || redemption a grief observed,A Hope For Home,2009-01-01,0,,,True
montauk p || if i original version,Montauk P,1998-01-01,0,,,True
the gossip || heartbeats,The Gossip,2001-01-01,0,,,True
anis || a la ramasse,Anis,2008-01-01,0,,,True
blues traveler || the gunfighter,Blues Traveler,1997-01-01,1,Hook,1996-05-25,True
john fahey || commemorative transfiguration and communion at mag,John Fahey,1999-01-01,0,,,True
charlotte hatherley || cinnabar,Charlotte Hatherley,2009-01-01,0,,,True
holly valance || hypnotic,Holly Valance,2003-01-01,0,,,True
a balladeer || herbst,A Balladeer,2006-01-01,0,,,True
infinite mass || sometimes,Infinite Mass,2007-01-01,0,,,True
mindless self indulgence || money,Mindless Self Indulgence,2007-01-01,0,,,True
ray dee ohh || tror du at jeg vil la dig ga,Ray Dee Ohh,1997-01-01,0,,,True
kristofer astrom || spinning,Kristofer Åström,2004-01-01,0,,,True
falsalarma || ley de vida,Falsalarma,2008-01-01,0,,,True
seafood || similar assassins,Seafood,2001-01-01,0,,,True
professor kazkaz || zirconium,Professor Kazkaz,2007-01-01,0,,,True
midor six4eight || mirage,Midor & Six4Eight,2005-01-01,0,,,True
jukka poika || muuli,JUKKA POIKA,2007-01-01,0,,,True
casper the cookies || things to do before we die,Casper & The Cookies,2006-01-01,0,,,True
catie curtis || patience,Catie Curtis,2001-01-01,0,,,True
beth gibbons rustin man || spider monkey,Beth Gibbons / Rustin Man,2002-01-01,0,,,True
skap || napaes,Ska-P,1997-01-01,0,,,True
slapshot || dealing with pennies,Slapshot,1993-01-01,0,,,True
lyres || we sell soul,Lyres,1991-01-01,0,,,True
stray cats || rev it up and go,Stray Cats,1992-01-01,0,,,True
mayday parade || center of attention,Mayday Parade,2009-01-01,0,,,True
fatals picards || lamour a la francaise en public,Fatals Picards,2008-01-01,0,,,True
noisettes || nothing to dread,Noisettes,2006-01-01,0,,,True
catfish haven || paper thin,Catfish Haven,2008-01-01,0,,,True
che sudaka || somos mas que dificil,Che Sudaka,2005-01-01,0,,,True
difuntos correa || pasaje en avion,Difuntos Correa,2005-01-01,0,,,True
the jazz butcher || shes a yoyo,The Jazz Butcher,2003-01-01,0,,,True
not breathing || silver dollar,Not Breathing,2000-01-01,0,,,True
june tabor || o my luves like a red red rose,June Tabor,2001-01-01,0,,,True
sean callery || vultures,Sean Callery,2008-01-01,0,,,True
mitchell akiyama || il ny a pas de silence,Mitchell Akiyama,2004-01-01,0,,,True
leigh nash || my idea of heaven panoptica remix,Leigh Nash,2006-01-01,0,,,True
quincy jones || the preacher,Quincy Jones,2007-01-01,1,The Secret Garden,1990-06-02,True
sweet coffee || outro face to face,Sweet Coffee,2010-01-01,0,,,True
set your goals || gaia bleeds make way for man,Set Your Goals,2009-01-01,0,,,True
say hi || apples for the innocent,Say Hi,2007-01-01,0,,,True
freestylers || dogs and sledges,Freestylers,2004-01-01,0,,,True
firehouse || get in touch,Firehouse,1992-01-01,1,All She Wrote,1991-12-28,True
linval thompson || dont cut off your dreadlocks original,Linval Thompson,1999-01-01,0,,,True
clubbticket || you got me club edit,Clubbticket,2003-01-01,0,,,True
30y || azt hittem erdemes,30Y,2008-01-01,0,,,True
wakefield || around,Wakefield,2005-01-01,0,,,True
giant sand || patsys blues,Giant Sand,1991-01-01,0,,,True
wax poetic || rebojo,Wax Poetic,2008-01-01,0,,,True
art pepper || the prisoner,Art Pepper,1994-01-01,0,,,True
darwin hobbs || lord_ we rejoice,Darwin Hobbs,2005-01-01,0,,,True
nerf herder || shes a sleestak,Nerf Herder,2000-01-01,0,,,True
alan silvestri || the rise of cobra,Alan Silvestri,2009-01-01,0,,,True
goatwhore || alchemy of the black sun cult,Goatwhore,2006-01-01,0,,,True
nappy roots || twang amended,Nappy Roots,2003-01-01,1,Awnaw,2002-07-20,True
last days of april || fast_ so fast,Last Days Of April,2004-01-01,0,,,True
ultra vivid scene || candida,Ultra Vivid Scene,1992-01-01,0,,,True
japancakes || toomsuba,Japancakes,1999-01-01,0,,,True
alexandra burke || overcome,Alexandra Burke,2009-01-01,0,,,True
sonata arctica || unopened,SONATA ARCTICA,1999-01-01,0,,,True
dario marianelli || denouement,Dario Marianelli,2007-01-01,0,,,True
david essex || the wind beneath my wings,David Essex,1998-01-01,0,,,True
two loons for tea || shes not worth the worry,Two Loons For Tea,2002-01-01,0,,,True
lfo || simon from sydney,LFO,1991-01-01,0,,,True
dub trees || butterfly trilogy i_ ii iii technicolour sun_ starship wadada and sine wave,Dub Trees,2000-01-01,0,,,True
theodore unit feat bone crusher_ ghostface trife || who are we,Theodore Unit feat. Bone Crusher_ Ghostface & Trife,2004-01-01,0,,,True
def con dos || macarra,Def Con Dos,2009-01-01,0,,,True
leevi and the leavings || matkalla omiin hautajaisiin,Leevi and the leavings,2003-01-01,0,,,True
dread zeppelin || i cant quit you baby,Dread Zeppelin,1990-01-01,0,,,True
gama bomb || ocp,Gama Bomb,2008-01-01,0,,,True
lowgold || clear the skies,Lowgold,2003-01-01,0,,,True
kristian anttila || sjalvmordsblond,Kristian Anttila,2003-01-01,0,,,True
pocket full of rocks || strong,Pocket Full Of Rocks,2010-01-01,0,,,True
mikel erentxun || dias,Mikel Erentxun,2003-01-01,0,,,True
cul de sac || stranger at coney island,Cul De Sac,1991-01-01,0,,,True
tocotronic || wir kommen um uns zu beschweren,Tocotronic,1996-01-01,0,,,True
nas featuring the bravehearts || quiet niggas,Nas featuring the Bravehearts,1999-01-01,0,,,True
isis || backlit,isis,2004-01-01,0,,,True
revolting cocks || fuck money,Revolting Cocks,2010-01-01,0,,,True
kids in glass houses || shameless,Kids In Glass Houses,2008-01-01,0,,,True
pig destroyer || synthetic utopia demo,Pig Destroyer,2000-01-01,0,,,True
hellbillies || darleg tid,Hellbillies,1996-01-01,0,,,True
spring heel jack || sweep,Spring Heel Jack,1996-01-01,0,,,True
pascal parisot || victime de lamour,Pascal Parisot,2003-01-01,0,,,True
raimundos || needles and pins,Raimundos,2001-01-01,0,,,True
mark lanegan || all night long,Mark Lanegan,2005-01-01,0,,,True
twinkle || take me to the dance,Twinkle,2001-01-01,0,,,True
kidz bop kids || waiting on the world to change,Kidz Bop Kids,2007-01-01,0,,,True
paul mauriat || say you say me,Paul Mauriat,1990-01-01,0,,,True
henry rollins || i wish someone had told me,Henry Rollins,1990-01-01,0,,,True
danny breaks || hey boo boo,Danny Breaks,2005-01-01,0,,,True
freibeuter ag || krieg,Freibeuter AG,2007-01-01,0,,,True
tony carreira || se me vais deixar,Tony Carreira,2008-01-01,0,,,True
symphorce || two seconds to,Symphorce,2004-01-01,0,,,True
cobra starship || living in the sky with diamonds,Cobra Starship,2009-01-01,0,,,True
rufus zuphall || a thousand mothers weeping,Rufus Zuphall,2005-01-01,0,,,True
devils whorehouse || shadows never change,Devils Whorehouse,2009-01-01,0,,,True
frank the baptist || come home,Frank The Baptist,2004-01-01,0,,,True
go west || the tracks of my tears,Go West,1993-01-01,1,Faithful,1992-12-26,True
seachange || the key,Seachange,2006-01-01,0,,,True
heather headley || fallin for you,Heather Headley,2003-01-01,1,He Is,2002-11-23,True
driveby argument || we techno prisoners,Drive-By Argument,2008-01-01,0,,,True
jc lodge || conversations,J.C. Lodge,1990-01-01,0,,,True
twenty 4 seven || take me to the limit,Twenty 4 Seven,2002-01-01,0,,,True
cannibal corpse || from skin to liquid,Cannibal Corpse,1998-01-01,0,,,True
thrice || like moths to flame,Thrice,2005-01-01,0,,,True
j b lenoir || when my left eye jumps,J. B. Lenoir,2003-01-01,0,,,True
voxtrot || real live version,Voxtrot,2007-01-01,0,,,True
electric skychurch || koi pond,Electric Skychurch,2001-01-01,0,,,True
playboy tre || i aint runnin,Playboy Tre,2009-01-01,0,,,True
gogol bordello || madagascar roumania tu jesty fata,Gogol Bordello,2005-01-01,0,,,True
jungle rot || immersed in pain,Jungle Rot,2001-01-01,0,,,True
the kings || im a little liar,The Kings,1995-01-01,0,,,True
lamps || anvil,Lamps,2007-01-01,0,,,True
pascal obispo || les meilleurs ennemis best ennemy rap,Pascal Obispo,2001-01-01,0,,,True
tiamat || best friend money can buy,Tiamat,1999-01-01,0,,,True
relaxed muscle || breal,Relaxed Muscle,2003-01-01,0,,,True
cherish || oooh,Cherish,2006-01-01,0,,,True
las ninas || quereme a mi na ma,Las Niñas,2003-01-01,0,,,True
martina mcbride || pick me up on your way down,Martina McBride,2005-01-01,1,How Far,2004-08-28,True
westlife || bop bop baby,Westlife,2001-01-01,1,Swear It Again,2000-08-12,True
dierks bentley || little heartwrecker,Dierks Bentley,2009-01-01,1,Feel That Fire,2008-12-27,True
hymies basement || ben and joey,Hymie's Basement,2003-01-01,0,,,True
ramesses || terrasaw,Ramesses,2010-01-01,0,,,True
ok go || the lovecats,Ok Go,2005-01-01,0,,,True
chulito camacho || los chicos del barrio,Chulito Camacho,2005-01-01,0,,,True
karen dalton || prettiest train,Karen Dalton,2007-01-01,0,,,True
henry threadgills zooid || do the needful,Henry Threadgill's Zooid,2001-01-01,0,,,True
maywood || rio,Maywood,1996-01-01,0,,,True
sophie milman || make someone happy,Sophie Milman,2007-01-01,0,,,True
david sanborn || basin street blues,David Sanborn,2008-01-01,1,Bang Bang,1992-11-07,True
candie hank || they call me hank,Candie Hank,2006-01-01,0,,,True
the independents || stalker,The Independents,1995-01-01,0,,,True
simple minds || cry,Simple Minds,2002-01-01,1,She's A River,1995-04-15,True
archive || veins,Archive,2006-01-01,0,,,True
atomic kitten || loving you,Atomic Kitten,2003-01-01,0,,,True
athlete || el salvador,Athlete,2003-01-01,0,,,True
nancys rubias || nancys rubias,Nancys Rubias,2005-01-01,0,,,True
days in grief || resentment disrespect,Days in Grief,2004-01-01,0,,,True
aerosmith || walk on down,Aerosmith,1993-01-01,1,The Other Side,1990-09-29,True
roosevelt sykes || mellow queen,Roosevelt Sykes,2005-01-01,0,,,True
strongarm || more bitter than death,Strongarm,1997-01-01,0,,,True
the lively ones || sleep walk lp version,The Lively Ones,1995-01-01,0,,,True
lyle mays || lincoln reviews his notes,Lyle Mays,1993-01-01,0,,,True
francisco mario || 3a guerra,Francisco Mário,1995-01-01,0,,,True
sondre lerche || its too late,Sondre Lerche,2004-01-01,0,,,True
tom petty || flirting with time,Tom Petty,2006-01-01,1,It's Good To Be King,1995-06-17,True
eric clapton || driftin live,Eric Clapton,1994-01-01,1,Layla,1993-02-13,True
peter green splinter group || albatross,Peter Green Splinter Group,2001-01-01,0,,,True
patricia manterola || take my heart,Patricia Manterola,2002-01-01,0,,,True
la gran orquesta republicana || los desiertos,La Gran Orquesta Republicana,2001-01-01,0,,,True
mundy || adios norea,Mundy,1997-01-01,0,,,True
woody guthrie || train 45,Woody Guthrie,1999-01-01,0,,,True
bardo pond || every man,Bardo Pond,2003-01-01,0,,,True
the watts prophets || pain,The Watts Prophets,2005-01-01,0,,,True
wesley willis || lotion,Wesley Willis,1996-01-01,0,,,True
westside connection featuring the hood || bangin at the party,Westside Connection Featuring The Hood,2003-01-01,0,,,True
brutal truth || sympathy kiss,Brutal Truth,1997-01-01,0,,,True
mundstuhl || dragan alder in 50 prozent,Mundstuhl,2004-01-01,0,,,True
the kooks || seaside,The Kooks,2006-01-01,0,,,True
emir kusturica the no smoking orchestra || ja volim te jos,Emir Kusturica & The No Smoking Orchestra,2005-01-01,0,,,True
azalia snail || honeysuckle,Azalia Snail,2006-01-01,0,,,True
ben tankard || stirred not shaken,Ben Tankard,2009-01-01,0,,,True
guns n roses || bad apples,Guns N' Roses,1991-01-01,1,Nightrain,1989-08-26,True
biz markie || chinese food,Biz Markie,2003-01-01,1,Just A Friend,1990-06-16,True
meanest man contest || sorry,Meanest Man Contest,2002-01-01,0,,,True
susana felix || luz de presenca,Susana Félix,2002-01-01,0,,,True
hugh masekela || thank you madiba,Hugh Masekela,2010-01-01,0,,,True
enigma || traces light and weight,Enigma,1999-01-01,1,Beyond The Invisible,1996-12-14,True
nickelback || one last run,Nickelback,1999-01-01,0,,,True
four year strong || if hes here_ whos running hell,Four Year Strong,2007-01-01,0,,,True
los piratas || gollum,Los Piratas,2003-01-01,0,,,True
beverlei brown || gonna get over you full flava mix,Beverlei Brown,2001-01-01,0,,,True
anthony b || fight,Anthony B,2006-01-01,0,,,True
dominique dalcan || 33,Dominique Dalcan,1998-01-01,0,,,True
anointed || now is the time,Anointed,2005-01-01,0,,,True
four tet || chia,Four Tet,2003-01-01,0,,,True
antony the johnsons || the lake,Antony & The Johnsons,2003-01-01,0,,,True
street brawl || charanga campesina,Street Brawl,2003-01-01,0,,,True
gary moore || merry go round,Gary Moore,1995-01-01,1,Still Got The Blues,1991-03-02,True
bertrand burgalat || vestibule dombres,Bertrand Burgalat,2005-01-01,0,,,True
les breastfeeders || hehe,Les Breastfeeders,2004-01-01,0,,,True
headhunter || baseflow,Headhunter,2008-01-01,0,,,True
delays || valentine,Delays,2006-01-01,0,,,True
alphaville || big in japan demo remix,Alphaville,1999-01-01,1,Forever Young,1989-01-28,True
camille || waves,Camille,2008-01-01,0,,,True
ayiesha woods || take me there,Ayiesha Woods,2008-01-01,0,,,True
reload || showroom dummies,Reload,2000-01-01,0,,,True
dee dee sharp || its a funny situation,Dee Dee Sharp,2002-01-01,0,,,True
anibal troilo || contrabajeando,ANIBAL TROILO,2006-01-01,0,,,True
billy bragg || sin city,Billy Bragg,2006-01-01,0,,,True
dub incorporation || for all di youth,Dub Incorporation,2008-01-01,0,,,True
spacetime continuum with terence mckenna || transient generator,Spacetime Continuum With Terence McKenna,1993-01-01,0,,,True
kannon || sal,Kannon,2002-01-01,0,,,True
tal bachman || you love like nobody loves me,Tal Bachman,1999-01-01,0,,,True
33miles || when i get where im going,33Miles,2007-01-01,0,,,True
coldplay || til kingdom come,Coldplay,2005-01-01,1,Clocks,2003-06-28,True
a hawk and a hacksaw || turkiye,A Hawk And A Hacksaw,2009-01-01,0,,,True
ibrahim ferrer || dos almas,Ibrahim Ferrer,2007-01-01,0,,,True
rekorder || rekorder 41,rekorder,2006-01-01,0,,,True
chatham county line || the legend of old 99,Chatham County Line,2003-01-01,0,,,True
eminem || ken kaniff,Eminem,1999-01-01,0,,,True
sinergy || the number of the beast,SINERGY,2002-01-01,0,,,True
de mens || ik was een wrak_ ik was een zombie,De Mens,1999-01-01,0,,,True
sleep research facility || 79os 83ow,Sleep Research Facility,2007-01-01,0,,,True
suns of arqa || quetzalcoatl,Suns Of Arqa,2005-01-01,0,,,True
shadows fall || prelude to disaster,Shadows Fall,2002-01-01,0,,,True
bel air academy || if life were as easy as you_ id stil get screwed,Bel Air Academy,2006-01-01,0,,,True
fanfare savale || ruseasca ludrgoi,Fanfare Savale,2004-01-01,0,,,True
christine anu || monkey the turtle,Christine Anu,1995-01-01,0,,,True
lo fidelity allstars || how to operate with a blown mind,Lo Fidelity Allstars,1998-01-01,0,,,True
wolfsheim || leading men,Wolfsheim,1991-01-01,0,,,True
eric burdon || freedom,Eric Burdon,1997-01-01,0,,,True
inspiral carpets || beast inside,Inspiral Carpets,1991-01-01,0,,,True
the honeydrips || in some distant future,The Honeydrips,2007-01-01,0,,,True
bruce springsteen || gave it a name,Bruce Springsteen,1998-01-01,1,Secret Garden,1997-07-05,True
vesta tilley || jolly good luck to the girl who loves a soldier,Vesta Tilley,2006-01-01,0,,,True
violet indiana || new girl,Violet Indiana,2004-01-01,0,,,True
throw me the statue || tag,Throw Me The Statue,2009-01-01,0,,,True
pernice brothers || cruelty to animals,Pernice Brothers,2006-01-01,0,,,True
dave eggar || dakota song,Dave Eggar,1998-01-01,0,,,True
high dependency unit || marsunrise,High Dependency Unit,1998-01-01,0,,,True
lifesavas || me,Lifesavas,2003-01-01,0,,,True
creaming jesus || a forest,Creaming Jesus,1990-01-01,0,,,True
patrick nuo || i cant tell,Patrick Nuo,2003-01-01,0,,,True
harvey mason || so near_ so far,Harvey Mason,2004-01-01,0,,,True
dl incognito || salad,DL Incognito,2004-01-01,0,,,True
daniel melingo andres calamaro || lejos,Daniel Melingo / Andrés Calamaro,1996-01-01,0,,,True
jo privat || mysterieuse,Jo Privat,2008-01-01,0,,,True
eisheilig || gold,Eisheilig,2007-01-01,0,,,True
cargo cult || ramanujan,Cargo Cult,2003-01-01,0,,,True
the kovenant || dragonheart,The Kovenant,1998-01-01,0,,,True
antonio aguilar || corazon abandonado,Antonio Aguilar,2004-01-01,0,,,True
breathe carolina || welcome to savannah,Breathe Carolina,2009-01-01,0,,,True
jeff timmons || angel eyes,Jeff Timmons,2004-01-01,0,,,True
bloodbound || twisted kind of fate,Bloodbound,2009-01-01,0,,,True
marvelous 3 || youre so yesterday lp version,Marvelous 3,1998-01-01,0,,,True
casuarina || laranja madura,Casuarina,2005-01-01,0,,,True
djswork || someday,DJs@Work,1999-01-01,0,,,True
pete seeger || sioux indians,Pete Seeger,2009-01-01,0,,,True
lou pride || its a mans world,Lou Pride,1999-01-01,0,,,True
marcy playground || gone crazy,Marcy Playground,1997-01-01,0,,,True
primal scream || i love to hurt you love to be hurt,Primal Scream,2008-01-01,0,,,True
binomio de oro de america || quien te enseno,Binomio de Oro de América,2005-01-01,0,,,True
luniz featuring dru down || put the lead on ya,Luniz featuring Dru Down,1995-01-01,0,,,True
the new pornographers || falling through your clothes,The New Pornographers,2005-01-01,0,,,True
ann beretta || bully me now,Ann Beretta,1999-01-01,0,,,True
raimundos || pinhead,Raimundos,2001-01-01,0,,,True
cosmic tramp || people are like mirrors,Cosmic Tramp,1996-01-01,0,,,True
sunshine || riot of misfits,Sunshine,2005-01-01,0,,,True
sibylle baier || william,Sibylle Baier,2006-01-01,0,,,True
gogol bordello || alcohol bbc sessions,Gogol Bordello,2009-01-01,0,,,True
raw power || what i want,Raw Power,1995-01-01,0,,,True
sonya kitchell || let me go,Sonya Kitchell,2006-01-01,0,,,True
alan silvestri || everything about you,Alan Silvestri,2000-01-01,0,,,True
revolting cocks || ten million ways to die,Revolting Cocks,2006-01-01,0,,,True
kaleth morales || ella es mi todo,Kaleth Morales,2005-01-01,0,,,True
enter shikari || no sleep tonight the qemists remix,Enter Shikari,2010-01-01,0,,,True
puressence || never be the same again,Puressence,1998-01-01,0,,,True
paul jackson jr || you always satisfy,Paul Jackson Jr.,2001-01-01,0,,,True
lichtenberg || tempers,Lichtenberg,2000-01-01,0,,,True
stephan micus || gates of fire,Stephan Micus,2000-01-01,0,,,True
punch words || da cipher,Punch / Words,1998-01-01,0,,,True
michael landau || johnny swing,Michael Landau,1990-01-01,0,,,True
nine pound hammer || aint nothin to do,Nine Pound Hammer,2005-01-01,0,,,True
ina muller || wir sanieren unsere beziehung,Ina Müller,2008-01-01,0,,,True
alex de grassi || littlle rootie tootie,Alex de Grassi,1999-01-01,0,,,True
maria mena || just a little bit,Maria Mena,2004-01-01,0,,,True
the swell season || the verb,The Swell Season,2009-01-01,0,,,True
the neon judgement || serve,The Neon Judgement,1995-01-01,0,,,True
thuja || track 03,Thuja,2004-01-01,0,,,True
dynamix ii featuring breezy beat mc || just give the dj a break,Dynamix II featuring Breezy Beat MC,1994-01-01,0,,,True
something happens || fellow feeling,Something Happens,1992-01-01,0,,,True
17 hippies || six green bottles,17 Hippies,2009-01-01,0,,,True
the berzerker || ode to nash,The Berzerker,2000-01-01,0,,,True
the cajun playboys || cowboy waltz,The Cajun Playboys,1992-01-01,0,,,True
thievery corporation || the time we lost our way featuring loulou,Thievery Corporation,2005-01-01,0,,,True
autechre || arch carrier,Autechre,1998-01-01,0,,,True
peter hammill || undone,Peter Hammill,2009-01-01,0,,,True
karen peck and new river || can you believe it,Karen Peck And New River,2001-01-01,0,,,True
feste fotre || banda sonora,Fes-te Fotre,2007-01-01,0,,,True
ursula rucker || catholic,Ursula Rucker,2009-01-01,0,,,True
donald mccollum || waiting in vain,Donald McCollum,2006-01-01,0,,,True
karrin allyson || give it up or let me go,Karrin Allyson,1996-01-01,0,,,True
sepultura || dead embryonic cells reissue,Sepultura,1991-01-01,0,,,True
max richter || the tartu piano,Max Richter,2008-01-01,0,,,True
legion of parasites || prison of life,Legion of Parasites,2008-01-01,0,,,True
course of nature || right before my eyes,Course Of Nature,2008-01-01,0,,,True
alvino rey and his orchestra || anitras boogie,Alvino Rey And His Orchestra,2005-01-01,0,,,True
homelife || wonderly,Homelife,2002-01-01,0,,,True
mclusky || day of the deadringers,Mclusky,2002-01-01,0,,,True
republica || dont you ever,Republica,1996-01-01,0,,,True
hawkwind || star cannibal,Hawkwind,1994-01-01,0,,,True
the bastard sons of dioniso || mi par che per adesso,The Bastard Sons Of Dioniso,2009-01-01,0,,,True
motograter || red main version,Motograter,2003-01-01,0,,,True
markus krunegard || jag ar en vampyr,Markus Krunegård,2008-01-01,0,,,True
stars like fleas || you are my memoir,Stars Like Fleas,2007-01-01,0,,,True
deckard || say something stupid,Deckard,2004-01-01,0,,,True
freedom for king kong || le syndrome de peter pan,Freedom For King Kong,2003-01-01,0,,,True
gas huffer || jungles of guam,Gas Huffer,1998-01-01,0,,,True
obrint pas || barricades,Obrint Pas,2007-01-01,0,,,True
fuck buttons || surf solar 7 edit,Fuck Buttons,2009-01-01,0,,,True
stereolab || les aimies des memes,Stereolab,1999-01-01,0,,,True
hidrogenesse || night to night and day to day,Hidrogenesse,2008-01-01,0,,,True
lunar aurora || augen aus nichts,Lunar Aurora,1998-01-01,0,,,True
bastian || so appealing,Bastian,2007-01-01,0,,,True
terrorvision || enter alter ego,Terrorvision,1996-01-01,0,,,True
francisco mario || choro novo,Francisco Mário,1994-01-01,0,,,True
stiff little fingers || big city nights,Stiff Little Fingers,2001-01-01,0,,,True
guardner || daydreamin,Guardner,2002-01-01,0,,,True
sup || machinations,S.U.P,1999-01-01,0,,,True
endo || suffer,Endo,2001-01-01,0,,,True
nightwish || meadows of heaven,Nightwish,2007-01-01,0,,,True
einstuerzende neubauten || sie,Einstuerzende Neubauten,1993-01-01,0,,,True
john legend || dont let me be misunderstood,John Legend,2004-01-01,0,,,True
sepultura || propaganda live,Sepultura,1997-01-01,0,,,True
marcus miller || ooh feat lalah hathaway,Marcus Miller,2008-01-01,0,,,True
unnatural helpers || tell me that you wanna,Unnatural Helpers,2010-01-01,0,,,True
the like || mrs actually,The Like,2005-01-01,0,,,True
pascal parisot || tralala pas toi,Pascal Parisot,2001-01-01,0,,,True
steven delopoulos || people come and go,Steven Delopoulos,2003-01-01,0,,,True
jojo || get it poppin,JoJo,2006-01-01,1,Leave (Get Out),2004-10-23,True
shape of broad minds || light years away,Shape Of Broad Minds,2007-01-01,0,,,True
michael stearns || baraka theme,Michael Stearns,1993-01-01,0,,,True
orishas || mujer,Orishas,2002-01-01,0,,,True
zola jesus || odessa live on wnyu,Zola Jesus,2009-01-01,0,,,True
sup || twins,S.U.P,2001-01-01,0,,,True
la banda del capitan canalla || que vuelva ya georgie dann,La Banda Del Capitan Canalla,2003-01-01,0,,,True
dominique a || un mauvais ami,Dominique A,1993-01-01,0,,,True
sesto sento || people,Sesto Sento,2006-01-01,0,,,True
juanes || destino,Juanes,2000-01-01,0,,,True
the dead weather || old mary,The Dead Weather,2010-01-01,0,,,True
soundgarden || burden in my hand,Soundgarden,1996-01-01,0,,,True
shihad || the happy meal,Shihad,1993-01-01,0,,,True
boris brejcha || cypress,Boris Brejcha,2007-01-01,0,,,True
melody gardot || gone,Melody Gardot,2008-01-01,0,,,True
batmobile || killerspeed,Batmobile,2008-01-01,0,,,True
charles musselwhite || 4 pm,Charles Musselwhite,1991-01-01,0,,,True
lowfish || 999,Lowfish,2007-01-01,0,,,True
springbok nude girls || i am your friend,Springbok Nude Girls,1995-01-01,0,,,True
wrecked machines || rhapsodie,Wrecked Machines,2005-01-01,0,,,True
zentriert ins antlitz || flesh flowers,Zentriert Ins Antlitz,2005-01-01,0,,,True
tahiti 80 || 1000 times,Tahiti 80,2002-01-01,0,,,True
carey bell_ lurrie bell || its so easy to love you,Carey Bell_ Lurrie Bell,1990-01-01,0,,,True
juana molina || j uh,Juana Molina,2004-01-01,0,,,True
the auteurs || home again,The Auteurs,1993-01-01,0,,,True
barney kessel || speak low,Barney Kessel,2007-01-01,0,,,True
the helio sequence || back to this album,The Helio Sequence,2008-01-01,0,,,True
wallis bird || bring me wine,Wallis Bird,2007-01-01,0,,,True
verjnuarmu || itkuvirsj,Verjnuarmu,2006-01-01,0,,,True
diana king || tick boom clean version,Diana King,2002-01-01,1,L-L-Lies,1998-02-28,True
kate anna mcgarrigle || wise men,Kate & Anna McGarrigle,2005-01-01,0,,,True
john zorn || sacred dance invocation,John Zorn,2010-01-01,0,,,True
zbigniew preisner || today is my birthday,Zbigniew Preisner,1994-01-01,0,,,True
london funk allstars || flesh eating disco zombies versus the bionic hookers from mars,London Funk Allstars,1996-01-01,0,,,True
entombed || morbid devourment,Entombed,1990-01-01,0,,,True
slam || positive education luke slater morgansitic mix 2,Slam,1993-01-01,0,,,True
bullion || rude effort,Bullion,2008-01-01,0,,,True
papas da lingua || falar de amor,Papas Da Língua,2008-01-01,0,,,True
motion city soundtrack || capital h,Motion City Soundtrack,2000-01-01,0,,,True
elliott sharps terraplane || falling,Elliott Sharp`s Terraplane,2008-01-01,0,,,True
the morning of || pilot to base,The Morning Of,2008-01-01,0,,,True
sonny stitt quartet || fine and dandy,Sonny Stitt Quartet,2005-01-01,0,,,True
pleymo || kubrick,Pleymo,2002-01-01,0,,,True
les savy fav || knowing how the world works,Les Savy Fav,2004-01-01,0,,,True
love jones || bacchus girl,Love Jones,1993-01-01,0,,,True
friday bridge || edward vii,Friday Bridge,2007-01-01,0,,,True
textures || messengers,Textures,2008-01-01,0,,,True
say no more || what you thought you knew,Say No More,2008-01-01,0,,,True
at the gates || the burning darkness,At The Gates,1993-01-01,0,,,True
jeanlouis murat || johnny frenchman,Jean-Louis Murat,1995-01-01,0,,,True
great lakes || the pinks and the purples,Great Lakes,2006-01-01,0,,,True
scorn || black box,Scorn,1995-01-01,0,,,True
the acorn || erster tag,The Acorn,2004-01-01,0,,,True
fito paez || lleva,Fito Paez,2000-01-01,0,,,True
domina noctis || lamia,Domina Noctis,2008-01-01,0,,,True
spalding rockwell || outro,Spalding Rockwell,2004-01-01,0,,,True
charred walls of the damned || manifestations,Charred Walls Of The Damned,2010-01-01,0,,,True
dr ringding the senior allstars || got my boogaloo,Dr. Ring-Ding & The Senior Allstars,1997-01-01,0,,,True
alejandro escovedo || break this time,Alejandro Escovedo,2004-01-01,0,,,True
damian jr gong marley || love and inity,"Damian ""Jr. Gong"" Marley",1997-01-01,0,,,True
stan getz || imagination,Stan Getz,1991-01-01,0,,,True
john heffron || mom haircuts,John Heffron,2005-01-01,0,,,True
unter null || third party,Unter Null,2010-01-01,0,,,True
take that || what you believe in,Take That,2006-01-01,1,Back For Good,1996-03-02,True
figurines || ambush,Figurines,2005-01-01,0,,,True
lay low || beauty,Lay Low,2006-01-01,0,,,True
maura oconnell || aint no good day for dying,Maura O'connell,2004-01-01,0,,,True
kollektiver brechreiz || brennendes herz,Kollektiver Brechreiz,2008-01-01,0,,,True
city high || a song for you,City High,2001-01-01,0,,,True
tim love lee || exit 747,Tim 'Love' Lee,2000-01-01,0,,,True
calibre || thoughtless,Calibre,2007-01-01,0,,,True
takaru || brodeo drive,TAKARU,2004-01-01,0,,,True
beausoleil || contredanse de doucet,BeauSoleil,1994-01-01,0,,,True
flat duo jets || intro,Flat Duo Jets,2008-01-01,0,,,True
faith no more || we care a lot 2009,Faith No More,2009-01-01,1,Easy,1993-05-08,True
chris botti || no ordinary love,Chris Botti,2004-01-01,0,,,True
scared of chaka || spitting quaters,Scared Of Chaka,1999-01-01,0,,,True
lynch mob || rain,Lynch Mob,1990-01-01,0,,,True
mad caddies || betty,Mad Caddies,1998-01-01,0,,,True
busdriver || ethereal driftwood,Busdriver,2007-01-01,0,,,True
mama ladilla || generacion espontanea,Mama Ladilla,1996-01-01,0,,,True
the ark || tired of being an object,The Ark,2002-01-01,0,,,True
kite flying society || stuck like chuck,Kite Flying Society,2006-01-01,0,,,True
seventh star || everyday,Seventh Star,2003-01-01,0,,,True
origin || reciprocal,Origin,2005-01-01,0,,,True
lo fidelity allstars || nightime story,Lo Fidelity Allstars,1998-01-01,0,,,True
bjorn svin || kan vil,Bjørn Svin,2001-01-01,0,,,True
chicken shack || you aint no good,Chicken Shack,1994-01-01,0,,,True
mainstay || am i keeping you,Mainstay,2007-01-01,0,,,True
los limones || no esta mal la soledad,Los Limones,1996-01-01,0,,,True
bleeding hearts || fear of the dark,Bleeding Hearts,2005-01-01,0,,,True
servotron || people mover maximum velocity wedway mix,Servotron,1997-01-01,0,,,True
lady saw || freak break,Lady Saw,2000-01-01,0,,,True
vicente fernandez || no me se rajar,Vicente Fernandez,1993-01-01,0,,,True
i am the world trade center || analogous,I Am The World Trade Center,2001-01-01,0,,,True
fury in the slaughterhouse || afternoon in the cemetery,Fury In The Slaughterhouse,1997-01-01,0,,,True
luniz featuring eightball mjg || in my nature,Luniz featuring Eightball & MJG,2000-01-01,0,,,True
frank black || i heard ramona sing,Frank Black,1993-01-01,0,,,True
yung joc || dont play wit it feat big gee amended,Yung Joc,2006-01-01,0,,,True
the gits || precious blood,The Gits,1994-01-01,0,,,True
bobby pulido || me vuelve loco,Bobby Pulido,2001-01-01,0,,,True
halou || we only love you,Halou,2001-01-01,0,,,True
leningrad cowboys || jupiter calling,Leningrad Cowboys,1996-01-01,0,,,True
goldblade || mutiny acoustic version,Goldblade,2008-01-01,0,,,True
pato fu || um ponto oito,Pato Fu,1999-01-01,0,,,True
motorpsycho || suite little lucid moments,Motorpsycho,2008-01-01,0,,,True
rocketship || i love you like the way that i used to do,Rocketship,1996-01-01,0,,,True
ronny jordan fay simpson || come with me,Ronny Jordan / Fay Simpson,1993-01-01,0,,,True
even in blackouts || curtain part 2,Even In Blackouts,2005-01-01,0,,,True
ernest tubb || a hundred and sixty acres,Ernest Tubb,1996-01-01,0,,,True
playdoe || metro,Playdoe,2008-01-01,0,,,True
autechre || uviol,Autechre,2001-01-01,0,,,True
hallelujah the hills || a guide to the worlds most fantastic monster,Hallelujah the Hills,2009-01-01,0,,,True
circle of dead children || starve_ beg_ die aka fuck you kill me,Circle Of Dead Children,2010-01-01,0,,,True
love battery || half past you album,Love Battery,1993-01-01,0,,,True
bongra || the rush long time coming,Bong-ra,2006-01-01,0,,,True
uochi toki || il cinico,Uochi Toki,2009-01-01,0,,,True
baby grandmothers || raw diamond,Baby Grandmothers,2007-01-01,0,,,True
johnny corporate || sunday shoutin tms rub tug mix,Johnny Corporate,2000-01-01,0,,,True
the young lovers || this is what its all about,The Young Lovers,2008-01-01,0,,,True
crop circles || full mental jackpot etnica remix ii,Crop Circles,2008-01-01,0,,,True
rebekka bakken || say goodbye to what is gone,Rebekka Bakken,2003-01-01,0,,,True
morcheeba || fragments of freedom,Morcheeba,2000-01-01,0,,,True
bossk || ii,Bossk,2005-01-01,0,,,True
voivod || phobos,Voivod,1997-01-01,0,,,True
jeanlouis aubert || ailleurs,Jean-Louis Aubert,2005-01-01,0,,,True
keith john adams || elizabeth hodgkinson warzone,Keith John Adams,2008-01-01,0,,,True
jahmali || never let a thing go,Jahmali,2000-01-01,0,,,True
bic runga || blue blue heart,Bic Runga,2005-01-01,0,,,True
nuclear blast allstars || death is a,Nuclear Blast Allstars,2007-01-01,0,,,True
spacehog || anonymous lp version,Spacehog,1998-01-01,1,In The Meantime,1996-08-17,True
radar brothers || quarry,Radar Brothers,2010-01-01,0,,,True
xiu xiu || over over,XIU XIU,2002-01-01,0,,,True
the defloristics || givin up,The Defloristics,2005-01-01,0,,,True
psychic tv || just because,Psychic TV,2007-01-01,0,,,True
dragonwyck || relics,Dragonwyck,2008-01-01,0,,,True
colby odonis || under my nose,Colby O'Donis,2008-01-01,0,,,True
kultiration || mellan hjartslag,Kultiration,2007-01-01,0,,,True
tori amos || winters carol,Tori Amos,2009-01-01,1,Bliss,1999-09-18,True
magic sam || love me this way,Magic Sam,1992-01-01,0,,,True
jaz klash featuring the angel and brian auger || thru the haze,Jaz Klash featuring The Angel and Brian Auger,1997-01-01,0,,,True
the balanescu quartet || autobahn,The Balanescu Quartet,1992-01-01,0,,,True
mad caddies || the dirge,Mad Caddies,2007-01-01,0,,,True
lightspeed champion || everyone i know is listening to crunk,Lightspeed Champion,2007-01-01,0,,,True
alastair moock || death dont have no mercy,Alastair Moock,2004-01-01,0,,,True
chris zippel || again,Chris Zippel,2008-01-01,0,,,True
the chameleons uk || tears,The Chameleons UK,1993-01-01,0,,,True
miss pooja || nachdi de pairan vich the td mix,Miss Pooja,2009-01-01,0,,,True
popa chubby || you rub me the wrong way,Popa Chubby,1995-01-01,0,,,True
mugison || to the bank,Mugison,2004-01-01,0,,,True
mystery jets || little bag of hair,Mystery Jets,2006-01-01,0,,,True
kotipelto || sleep well,Kotipelto,2007-01-01,0,,,True
kiln || airplaneshadows,Kiln,2007-01-01,0,,,True
thione seck || woyatina,Thione Seck,2005-01-01,0,,,True
sylver || sympathy,Sylver,2004-01-01,0,,,True
darren styles || baby ill let you know,Darren Styles,2008-01-01,0,,,True
they might be giants || rat patrol,They Might Be Giants,1999-01-01,0,,,True
jose padilla || adios ayer,Jose Padilla,2001-01-01,0,,,True
iris dement || fill my way with love,Iris Dement,2004-01-01,0,,,True
oli brown || keeping my options open,Oli Brown,2010-01-01,0,,,True
gustavo lamas || esperanza,Gustavo Lamas,2004-01-01,0,,,True
lucky fonz iii || dont knock on my door,Lucky Fonz III,2007-01-01,0,,,True
nick cave the bad seeds || i let love in,Nick Cave & The Bad Seeds,1994-01-01,0,,,True
happy apple || paulies quick temper has gotten him into a few ja,Happy Apple,2005-01-01,0,,,True
jaci velasquez || you dont miss a thing lp version,Jaci Velasquez,2000-01-01,0,,,True
mikey dread || autobiography,Mikey Dread,1998-01-01,0,,,True
jiggy dje || noahs ark,Jiggy Djé,2006-01-01,0,,,True
sonny rollins || first moves,Sonny Rollins,1998-01-01,0,,,True
bb king || everyday i have the blues,B.B. King,1998-01-01,0,,,True
jehst || dirty check me out,Jehst,2003-01-01,0,,,True
exilia || destroy my eyes,Exilia,2006-01-01,0,,,True
los autenticos decadentes || un beso,Los Auténticos Decadentes,1997-01-01,0,,,True
i killed the prom queen || portraits dreams memories,I Killed The Prom Queen,2003-01-01,0,,,True
concreterage || kontrollverlust,concreteRage,2008-01-01,0,,,True
the gonads || the growler,The Gonads,2008-01-01,0,,,True
blegit featuring daryl hall || ghetto smile,B-Legit featuring Daryl Hall,1996-01-01,0,,,True
polkaholix || aber manchmal,Polkaholix,2010-01-01,0,,,True
lamb of god || terror and hubris in the house of frank pollard,Lamb Of God,2000-01-01,0,,,True
nosotrash || agarradita,Nosoträsh,2002-01-01,0,,,True
christian prommers drumlesson || trans europa express,Christian Prommer's Drumlesson,2008-01-01,0,,,True
chateau flight || autotrak 2,Chateau Flight,2004-01-01,0,,,True
medeski martin wood || part 21,Medeski Martin & Wood,1997-01-01,0,,,True
josh rouse || duerme,Josh Rouse,2010-01-01,0,,,True
bongra || apocalypse riddim,Bong-ra,2004-01-01,0,,,True
tuck patti || as time goes by,Tuck & Patti,1991-01-01,0,,,True
b12 || go with the hiss,B12,2009-01-01,0,,,True
screaming mechanical brain || meet me in the digital afterlife,Screaming Mechanical Brain,2006-01-01,0,,,True
brian vander ark || lily white way,Brian Vander Ark,2008-01-01,0,,,True
console || by this river,CONSOLE,2006-01-01,0,,,True
hot club de paris || everybody called,Hot Club De Paris,2008-01-01,0,,,True
mccoy tyner || desert cry,McCoy Tyner,2002-01-01,0,,,True
joya landis || angel of the morning,Joya Landis,2000-01-01,0,,,True
trisha yearwood || how do i,Trisha Yearwood,1997-01-01,1,The Song Remembers When,1994-01-22,True
zakk wylde || road back home,Zakk Wylde,1997-01-01,0,,,True
martin denny || sim sim,Martin Denny,1996-01-01,0,,,True
greeley estates || the offer,Greeley Estates,2010-01-01,0,,,True
body count || body counts in the house,Body Count,1994-01-01,0,,,True
bjorn eidsvag || intimitetstyranniet,Bjørn Eidsvåg,2004-01-01,0,,,True
david usher || final thoughts and the last day on earth,David Usher,1998-01-01,0,,,True
stacey kent || it might as well be spring,Stacey Kent,2002-01-01,0,,,True
farm fresh || motivation,Farm Fresh,1999-01-01,0,,,True
sharissa || i got love,Sharissa,2005-01-01,1,Any Other Night,2002-05-11,True
andrew bird || unfolding fans,Andrew Bird,2009-01-01,0,,,True
karen o and the kids || food is still hot,Karen O And The Kids,2009-01-01,0,,,True
hardknox || attitude,Hardknox,1999-01-01,0,,,True
revive || distant memories,Revive,2009-01-01,0,,,True
the daredevil christopher wright || bury you a,The Daredevil Christopher Wright,2009-01-01,0,,,True
eumir deodato || tempinho bom,Eumir Deodato,2003-01-01,0,,,True
jan jelinek computer soup || straight life,Jan Jelinek + Computer Soup,2002-01-01,0,,,True
pursuit grooves || start somethin,Pursuit Grooves,2010-01-01,0,,,True
jean f cochois || back to myself again,Jean F. Cochois,2003-01-01,0,,,True
tin hat trio || rubies_ pearls_ and emeralds,Tin Hat Trio,2002-01-01,0,,,True
joakim || the minimum of life,Joakim,2003-01-01,0,,,True
iroy || clappers tail,I-Roy,2007-01-01,0,,,True
joe maneriquartet || behop,Joe ManeriQuartet,1995-01-01,0,,,True
kingdom of sorrow || begging for the truth,Kingdom of Sorrow,2008-01-01,0,,,True
chris sligh || something beautiful,Chris Sligh,2008-01-01,0,,,True
javier krahe || tal como eres,Javier Krahe,2006-01-01,0,,,True
uffie || pop the glock,Uffie,2006-01-01,0,,,True
jawbreaker || seethruskin,Jawbreaker,1990-01-01,0,,,True
steve coleman five elements || kabbalah,Steve Coleman & Five Elements,2004-01-01,0,,,True
mauro picotto || like this like that higate remix,Mauro Picotto,2001-01-01,0,,,True
james taylor quartet || decoding the pyramids,James Taylor Quartet,2001-01-01,0,,,True
painted thin || tearing down my clubhouse,Painted Thin,2006-01-01,0,,,True
with honor || small dreams,With Honor,2005-01-01,0,,,True
they might be giants || how can i sing like a girl lp version,They Might Be Giants,1996-01-01,0,,,True
ektomorf || burn,Ektomorf,2005-01-01,0,,,True
general surgery || the league of extraordinarygrave robbers,General Surgery,2006-01-01,0,,,True
ayo || these days,Ayo,2006-01-01,0,,,True
squad five0 || turn it up squad five0,Squad Five-0,2002-01-01,0,,,True
cody mccarver || look what youve done,Cody McCarver,2007-01-01,0,,,True
metabass n breath || this is a dialogue,Metabass 'N' Breath,1997-01-01,0,,,True
daniele silvestri || sulle rive dellarrone,Daniele Silvestri,2007-01-01,0,,,True
teenage bottlerocket || do what,Teenage Bottlerocket,2009-01-01,0,,,True
susheela raman || love trap,Susheela Raman,2003-01-01,0,,,True
goldfrapp || beautiful,Goldfrapp,2005-01-01,0,,,True
katy perry || i kissed a girl jason nevins funkrokr edit,Katy Perry,2008-01-01,0,,,True
tutto matto || take my hand,Tutto Matto,2000-01-01,0,,,True
christophe beck || winning is everything,Christophe Beck,2006-01-01,0,,,True
jayz || dope man,Jay-Z,1999-01-01,1,Hard Knock Life (Ghetto Anthem),1998-12-26,True
the albion band || hearts of coal,The Albion Band,1998-01-01,0,,,True
paint by numbers || seventh story,Paint By Numbers,2005-01-01,0,,,True
mantic ritual || panic,Mantic Ritual,2009-01-01,0,,,True
devils whorehouse || snakes out the mouth of hell,Devils Whorehouse,2009-01-01,0,,,True
wynton marsalis septet || little redhaired girl,Wynton Marsalis Septet,1995-01-01,0,,,True
at the gates || the dying,At The Gates,2002-01-01,0,,,True
floex || pay no mind barber mix,Floex,2001-01-01,0,,,True
fliehende sturme || strahlen,Fliehende Stürme,2009-01-01,0,,,True
transbeauce || a secret lullaby,Transbeauce,2006-01-01,0,,,True
pharaohs daughter || enpesare,Pharaoh's Daughter,2007-01-01,0,,,True
the van jets || damage,The Van Jets,2010-01-01,0,,,True
james keelaghan || somewhere ahead,James Keelaghan,2004-01-01,0,,,True
sunspot jonz || king ov bump,Sunspot Jonz,2005-01-01,0,,,True
craig urquhart || secret spaces,Craig Urquhart,2007-01-01,0,,,True
fito paez || saliendo de tu prision,Fito Paez,2010-01-01,0,,,True
senking || common business,Senking,2007-01-01,0,,,True
la phaze || couleurs,La Phaze,2005-01-01,0,,,True
les mccann || les by night,Les McCann,2002-01-01,0,,,True
mike v20 || belief in the basic,Mike V2.0,2002-01-01,0,,,True
pohjannaula || kuljettu matka,Pohjannaula,2002-01-01,0,,,True
fred falke || last wave,Fred Falke,2008-01-01,0,,,True
ott || billy the kid strikes back,OTT,2003-01-01,0,,,True
keziah jones || beautiful emilie,Keziah Jones,2003-01-01,0,,,True
slaraffenland || away,Slaraffenland,2009-01-01,0,,,True
days of the new || freak,Days Of The New,1997-01-01,0,,,True
shawnna || cant do it like me,Shawnna,2006-01-01,0,,,True
verdcel || larribada,Verdcel,2006-01-01,0,,,True
howard shore || becky,Howard Shore,2000-01-01,0,,,True
seekonk || armstrong,Seekonk,2006-01-01,0,,,True
j holiday || run into my arms,J. Holiday,2009-01-01,1,Suffocate,2008-05-03,True
sparks the rescue || my heart radio,Sparks The Rescue,2009-01-01,0,,,True
kill ii this || generation speech,Kill II This,1998-01-01,0,,,True
funkadelic || uncle jam original,Funkadelic,1994-01-01,0,,,True
ov wright || into something cant shake loose,O.V. Wright,1999-01-01,0,,,True
rodolphe burger || je tourne,Rodolphe Burger,2008-01-01,0,,,True
morellas forest || lime velvet love seat,Morella's Forest,1996-01-01,0,,,True
monica featuring ludacris || still standing,Monica featuring Ludacris,2010-01-01,0,,,True
i dream calvin goldspink jay asforis || beautiful thing,I Dream / Calvin Goldspink / Jay Asforis,2004-01-01,0,,,True
rotary connection minnie riperton || love me now,Rotary Connection / Minnie Riperton,1999-01-01,0,,,True
paul rodgers || deep blue,Paul Rodgers,2000-01-01,0,,,True
our lady peace || sell my soul,Our Lady Peace,2002-01-01,0,,,True
cataract || deathwish,Cataract,2008-01-01,0,,,True
gallows || misery,Gallows,2009-01-01,0,,,True
steve miller band || my dark hour digitally remastered 90,Steve Miller Band,1991-01-01,0,,,True
caitlin cary thad cockrell || two different things,Caitlin Cary & Thad Cockrell,2005-01-01,0,,,True
nerf herder || vivian,Nerf Herder,2000-01-01,0,,,True
jim boggia || that_ for me_ is you,Jim Boggia,2001-01-01,0,,,True
a perfect murder || rapture,A Perfect Murder,2007-01-01,0,,,True
bell biv devoe || breezy,Bell Biv DeVoe,2001-01-01,1,Something In Your Eyes,1993-12-25,True
shawn colvin || a matter of minutes,Shawn Colvin,2001-01-01,1,Sunny Came Home,1998-02-14,True
pop will eat itself || 1000 x no,Pop Will Eat Itself,1990-01-01,0,,,True
tinariwen || desert wind,Tinariwen,2009-01-01,0,,,True
joe mcbride || all in,Joe McBride,2005-01-01,0,,,True
liberty n justice || malice in wonderland,Liberty N Justice,2005-01-01,0,,,True
bodo wartke || pcdenzfal,Bodo Wartke,2007-01-01,0,,,True
remi nicole || come find me,Remi Nicole,2009-01-01,0,,,True
ruck rover || vampire,Ruck Rover,2004-01-01,0,,,True
kites || exploded face,Kites,2005-01-01,0,,,True
kenny g || youre beautiful,Kenny G,2006-01-01,1,Auld Lang Syne,2000-01-22,True
transcending bizarre || wolves may savely graze,Transcending Bizarre?,2003-01-01,0,,,True
mokoma || sirppi,Mokoma,2006-01-01,0,,,True
robin guthrie || petals,Robin Guthrie,2010-01-01,0,,,True
the glorious unseen || wrapped up in you,The Glorious Unseen,2008-01-01,0,,,True
the brooklyn tabernacle choir || im not afraid,The Brooklyn Tabernacle Choir,1995-01-01,0,,,True
vincent gallo || glad to be unhappy,Vincent Gallo,1992-01-01,0,,,True
cosmosis || psychofunk,Cosmosis,1996-01-01,0,,,True
elek bacsik || loin du bresil,Elek Bacsik,2000-01-01,0,,,True
ariel rot || dos de corazones,Ariel Rot,2001-01-01,0,,,True
sammy turner || right now,Sammy Turner,2006-01-01,0,,,True
jesus wept || human wasteland,Jesus Wept,2006-01-01,0,,,True
curse ov dialect || runaway tears,Curse Ov Dialect,2009-01-01,0,,,True
dirty projectors || room 13,Dirty Projectors,2007-01-01,0,,,True
the field mice || star of david,The Field Mice,1991-01-01,0,,,True
johnny hartman || the nearness of you 1995 digital,Johnny Hartman,1995-01-01,0,,,True
katri ylander || en koskaan,Katri Ylander,2006-01-01,0,,,True
david holmes presents the free association || le baggage,David Holmes presents The Free Association,2002-01-01,0,,,True
radioactiveman || uranium,Radioactiveman,2001-01-01,0,,,True
david the citizens || family gathering,David & The Citizens,2001-01-01,0,,,True
sj esau || queezy beliefs,SJ Esau,2007-01-01,0,,,True
green day || before the lobotomy,Green Day,2009-01-01,1,Working Class Hero,2007-07-07,True
pelle miljoona || che,Pelle Miljoona,2005-01-01,0,,,True
sophie ellisbextor || making music,Sophie Ellis-Bextor,2003-01-01,0,,,True
dj jazzy jeff || practice feat j,DJ Jazzy Jeff,2007-01-01,0,,,True
the strike boys || world of dreams,The Strike Boys,1998-01-01,0,,,True
michael hoenig || majestic headquarters,Michael Hoenig,2006-01-01,0,,,True
lou rhodes || chase all my winters away,Lou Rhodes,2007-01-01,0,,,True
brian augers oblivion express || splatch,Brian Auger's Oblivion Express,1999-01-01,0,,,True
trace adkins || one of those nights,Trace Adkins,2003-01-01,1,Help Me Understand,2002-08-10,True
milton nascimento || lamento no morro,Milton Nascimento,1999-01-01,0,,,True
anggun || over their walls,Anggun,1997-01-01,0,,,True
cutty ranks || bush tonic,Cutty Ranks,1996-01-01,0,,,True
quoit || that way,Quoit,1996-01-01,0,,,True
the quakes || strike out king,The Quakes,1990-01-01,0,,,True
saigon feat scram jones_ grafh_ curtains_ lg || when animals attack,Saigon Feat. Scram Jones_ Grafh_ Curtains_ LG.,2007-01-01,0,,,True
holy fuck || casio bossa nova,Holy Fuck,2005-01-01,0,,,True
chris standring || march of the bowler hats,Chris Standring,2010-01-01,0,,,True
atomic hooligan || spitball,Atomic Hooligan,2005-01-01,0,,,True
project 86 || cavity king,Project 86,2005-01-01,0,,,True
all that remains || behind silence and solitude,All That Remains,2002-01-01,0,,,True
winston mcanuff_ the bazbaz orchestra || common sense,Winston McAnuff_ The Bazbaz Orchestra,2005-01-01,0,,,True
rl burnside the sound machine || crosscut saw,R.L. Burnside & The Sound Machine,1992-01-01,0,,,True
rilo kiley || close call,Rilo Kiley,2007-01-01,0,,,True
front range || the hills that i call home,Front Range,1995-01-01,0,,,True
mafia k1 fry || jai la rime,Mafia K'1 Fry,2009-01-01,0,,,True
chris smither || rattlesnake preacher,Chris Smither,2005-01-01,0,,,True
laura fygi || girltalk,Laura Fygi,2001-01-01,0,,,True
bombshell rocks || crossroads,Bombshell Rocks,2002-01-01,0,,,True
david ford || requiem,David Ford,2007-01-01,0,,,True
barleyjuice || whiskeybaileysguinness,Barleyjuice,2006-01-01,0,,,True
mikel erentxun || levanto el vuelo,Mikel Erentxun,1995-01-01,0,,,True
98o || hell never be what i used to be to you,98º,2000-01-01,0,,,True
ian gillan || wasted sunsets,Ian Gillan,2008-01-01,0,,,True
broadcast || corporeal,Broadcast,2005-01-01,0,,,True
evergrey || the curtain fall,Evergrey,2006-01-01,0,,,True
at vance || time,At Vance,2002-01-01,0,,,True
la sonrisa de julia || libres,La Sonrisa De Julia,2008-01-01,0,,,True
the verlaines || midlife crisis,The Verlaines,2007-01-01,0,,,True
huffamoose || semper fi,Huffamoose,2000-01-01,0,,,True
whiskeytown || factory girl,Whiskeytown,1997-01-01,0,,,True
party pimpz || give it up,Party Pimpz,2005-01-01,0,,,True
ultravox || monument,Ultravox,2004-01-01,0,,,True
adorned brood || outro,Adorned Brood,1996-01-01,0,,,True
comfort fit || hanham vs steinitz feat klangstabil,Comfort Fit,2009-01-01,0,,,True
unwed sailor || aurora,Unwed Sailor,2008-01-01,0,,,True
mettle music featuring sandi thom || better days deep mix,Mettle Music featuring Sandi Thom,2003-01-01,0,,,True
black moth super rainbow || the fields are breathing,Black Moth Super Rainbow,2009-01-01,0,,,True
thin lizzy || sarah version 2,Thin Lizzy,2007-01-01,0,,,True
michael learns to rock || complicated heart,Michael Learns To Rock,1993-01-01,0,,,True
alterkicks || the cannibal hiking disaster,Alterkicks,2005-01-01,0,,,True
bebel gilberto || samba da bencao,Bebel Gilberto,2010-01-01,0,,,True
vibronics || world of dub,Vibronics,2008-01-01,0,,,True
sparks || ive never been high,Sparks,2008-01-01,0,,,True
alexia || happy,Alexia,1999-01-01,0,,,True
keimzeit || alfred,Keimzeit,1993-01-01,0,,,True
slick shoes || this is your life wake up screaming,Slick Shoes,2000-01-01,0,,,True
francis cabrel || samedi soir sur la terre,Francis Cabrel,1994-01-01,0,,,True
kevin tihistas red terror || youre going to kill me lp version,Kevin Tihista's Red Terror,2001-01-01,0,,,True
bunji garlin || brrrt,Bunji Garlin,2007-01-01,0,,,True
d bridge || true romance,D Bridge,2006-01-01,0,,,True
stereolab || the black arts lp version,Stereolab,2001-01-01,0,,,True
rein sanction || brocs cabin album,Rein Sanction,1991-01-01,0,,,True
the rascals || fear invicted into the perfect stranger,The Rascals,2008-01-01,0,,,True
manzanita || sobrevivire,Manzanita,2000-01-01,0,,,True
jason the scorchers || 19th nervous breakdown,Jason & The Scorchers,1998-01-01,0,,,True
tbone || its ok,T-Bone,2005-01-01,0,,,True
zeni geva || desire for agony,Zeni Geva,1993-01-01,0,,,True
pigeon john || upside down rotten,Pigeon John,2005-01-01,0,,,True
little brother || get enough pt 2 feat khrysis,Little Brother,2010-01-01,0,,,True
shaggy || sexy body girls,Shaggy,2003-01-01,1,Boombastic/In The Summertime,1995-12-02,True
de saloon || a dormir,De Saloon,2006-01-01,0,,,True
the hold steady || hot soft light,The Hold Steady,2006-01-01,0,,,True
eumir deodato || deus brasileiro,Eumir Deodato,2003-01-01,0,,,True
trio los panchos || no_ no y no,Trio Los Panchos,1992-01-01,0,,,True
schweisser || morgen retten wir die welt,Schweisser,2000-01-01,0,,,True
kenny wayne shepherd band || everybody gets the blues,Kenny Wayne Shepherd Band,1995-01-01,0,,,True
spice 1 || thug thang,SPICE 1,2005-01-01,0,,,True
out of the grey || what love is,Out Of The Grey,1994-01-01,0,,,True
dinosaur jr || muck,Dinosaur Jr,1991-01-01,0,,,True
caliban || in the name of progression,Caliban,2009-01-01,0,,,True
sylvie lewis || something to dream to,Sylvie Lewis,2007-01-01,0,,,True
ruzsa magdi || nekem nem szabad,Rúzsa Magdi,2006-01-01,0,,,True
doctor ross || come back baby,Doctor Ross,1994-01-01,0,,,True
tantric || mind control,Tantric,2009-01-01,0,,,True
tarkan || vay anam vay,Tarkan,2007-01-01,0,,,True
premonitions of war || night soil,Premonitions Of War,2004-01-01,0,,,True
blackguard || cinder,Blackguard,2009-01-01,0,,,True
diams || interlude,Diam's,1999-01-01,0,,,True
act || out of ideas,A.C.T,2006-01-01,0,,,True
souad massi || hayati,Souad Massi,2001-01-01,0,,,True
poundhound || eventime,Poundhound,2001-01-01,0,,,True
echoes of eternity || garden of the gods,Echoes Of Eternity,2007-01-01,0,,,True
download || muscaria,Download,2000-01-01,0,,,True
new limit || smile,New Limit,1999-01-01,0,,,True
cara dillon || green grows the laurel,Cara Dillon,2001-01-01,0,,,True
radiohead || india rubber,Radiohead,1995-01-01,1,Creep,1993-11-06,True
zyklon || two thousand years,Zyklon,2003-01-01,0,,,True
mustard plug || puddle of blood,Mustard Plug,2007-01-01,0,,,True
amy macdonald || rock bottom,Amy MacDonald,2007-01-01,0,,,True
shooter jennings || old friend,Shooter Jennings,2007-01-01,0,,,True
the golden filter || frejyas ghost,The Golden Filter,2010-01-01,0,,,True
ministry || palestina,Ministry,2006-01-01,0,,,True
larry the cable guy || i pissed my pants,Larry The Cable Guy,2004-01-01,0,,,True
steelheart || cabernet,STEELHEART,1996-01-01,1,She's Gone (Lady),1991-10-19,True
brand new sin || days are numbered,Brand New Sin,2005-01-01,0,,,True
rage against the machine || people of the sun,Rage Against The Machine,1994-01-01,0,,,True
oliver kalkofe || kapitel 2,Oliver Kalkofe,2008-01-01,0,,,True
blitzen trapper || whiskey kisser kittenz remix,Blitzen Trapper,2006-01-01,0,,,True
trapt || curiosity kills,Trapt,2008-01-01,1,Still Frame,2004-03-27,True
mziq || onoff,µ-ziq,2003-01-01,0,,,True
elvis presley || its impossible,Elvis Presley,1996-01-01,0,,,True
kimya dawson || everythings alright,Kimya Dawson,2002-01-01,0,,,True
xzibit || last words interlude,Xzibit,1996-01-01,0,,,True
4lyn || drama queen,4LYN,2004-01-01,0,,,True
carnal forge || slaves,Carnal Forge,2001-01-01,0,,,True
bablicon || at the birthday party,Bablicon,1999-01-01,0,,,True
tin cup prophette || go dig my grave,Tin Cup Prophette,2007-01-01,0,,,True
new generation superstars || always gonna be,New Generation Superstars,2007-01-01,0,,,True
kidz bop kids || when i grow up,Kidz Bop Kids,2009-01-01,0,,,True
and also the trees || paradiso,And Also the Trees,1996-01-01,0,,,True
dark funeral || dead skin mask bonus track,Dark Funeral,2001-01-01,0,,,True
linkin park || ntrmssion,Linkin Park,2002-01-01,1,In The End,2001-12-29,True
stephanie mcintosh || the night of my life,Stephanie McIntosh,2006-01-01,0,,,True
accu || who is who,Accu,2006-01-01,0,,,True
diplomats of solid sound || cookie time,Diplomats of Solid Sound,2001-01-01,0,,,True
lynch mob || breaking the chains,Lynch Mob,2003-01-01,0,,,True
david honeyboy edwards || every now and then,"David ""Honeyboy"" Edwards",1997-01-01,0,,,True
bo kaspers orkester || lika radd som du,Bo Kaspers Orkester,1996-01-01,0,,,True
nasio fontaine || armed dangerous,Nasio Fontaine,1994-01-01,0,,,True
yeah yeah yeahs || pin,Yeah Yeah Yeahs,2003-01-01,0,,,True
tspoon || someone loves you honey,T-Spoon,1996-01-01,0,,,True
irma thomas || river is waiting,Irma Thomas,2008-01-01,0,,,True
fun lovin criminals || ill be seeing you includes hidden track up on the hill,Fun Lovin' Criminals,1999-01-01,0,,,True
omara portuondo || nada para ti,Omara Portuondo,2005-01-01,0,,,True
deftones || simple man remastered,Deftones,2005-01-01,0,,,True
orbital || way out,Orbital,1999-01-01,0,,,True
stabbing westward || when im dead,Stabbing Westward,1998-01-01,0,,,True
steriogram || be good to me,Steriogram,2004-01-01,0,,,True
paul kalkbrenner || dockyard,Paul Kalkbrenner,2004-01-01,0,,,True
terra naomi || say its possible,Terra Naomi,2006-01-01,0,,,True
christopher oriley || everything means nothing to me,Christopher O'Riley,2006-01-01,0,,,True
the click five || jenny,The Click Five,2007-01-01,1,Just The Girl,2005-12-10,True
axxis || astoria,Axxis,2007-01-01,0,,,True
windsor for the derby || a spring like sixty,Windsor For The Derby,2004-01-01,0,,,True
nwa || she swallowed it,N.W.A.,1991-01-01,0,,,True
famous l renfroe || circle,Famous L. Renfroe,2008-01-01,0,,,True
patti page || cross over the bridge,Patti Page,1992-01-01,0,,,True
les malpolis || un couple libre,Les Malpolis,2001-01-01,0,,,True
andre verchuren || simple tango,Andre Verchuren,2001-01-01,0,,,True
sir elwoodin hiljaiset varit || kekkonen,Sir Elwoodin Hiljaiset Varit,2001-01-01,0,,,True
redshift || turning towards us,Redshift,2008-01-01,0,,,True
lisa marie presley || raven,Lisa Marie Presley,2005-01-01,0,,,True
government issue || mad at myself,Government Issue,1991-01-01,0,,,True
sightings || a rest,Sightings,2007-01-01,0,,,True
bablicon || oodles of noodles,Bablicon,1999-01-01,0,,,True
stereo mcs || running,Stereo MC's,2001-01-01,1,Step It Up,1993-10-02,True
edith marquez || la memoria del corazon,Edith Márquez,2007-01-01,0,,,True
flotsam and jetsam || dream scape,Flotsam and Jetsam,1999-01-01,0,,,True
flying || oneeyed son,Flying,2007-01-01,0,,,True
mercan dede || abi lal,Mercan Dede,2004-01-01,0,,,True
belbury poly || and the cuckoo comes to belbury,Belbury Poly,2010-01-01,0,,,True
arab strap || if theres no hope for us,Arab Strap,2006-01-01,0,,,True
arthur russell || the name of the next song,Arthur Russell,2004-01-01,0,,,True
guano apes || dick,Guano Apes,2003-01-01,0,,,True
doc merle watson || honey please dont go,Doc & Merle Watson,1993-01-01,0,,,True
tara maclean || red,Tara MacLean,1996-01-01,0,,,True
the loud family || last honest face,The Loud Family,1993-01-01,0,,,True
christopher oriley || black star,Christopher O'Riley,2003-01-01,0,,,True
kalimba || nina primavera,KALIMBA,2008-01-01,0,,,True
goldmund || will,Goldmund,2007-01-01,0,,,True
luar na lubre || romance de bernaldino e sabelina,Luar Na Lubre,1997-01-01,0,,,True
pet shop boys || king of rome,Pet Shop Boys,2009-01-01,1,Where The Streets Have No Name,1991-07-06,True
era || enae volare mezzo,Era,1997-01-01,0,,,True
something with numbers || dont spend forever,Something With Numbers,2008-01-01,0,,,True
simon webbe || no worries,Simon Webbe,2005-01-01,0,,,True
banaroo || uh mamma retro filter mix,Banaroo,2006-01-01,0,,,True
not breathing || digenetic dub,Not Breathing,1998-01-01,0,,,True
balsagoth || callisto rising,BAL-SAGOTH,1999-01-01,0,,,True
kimmo liskomaen pitkat kalsarit || kropassa karvoja,Kimmo Liskomäen Pitkät Kalsarit,2008-01-01,0,,,True
m people || landscape of love,M People,1991-01-01,0,,,True
59 times the pain || something youre not,59 Times the Pain,1995-01-01,0,,,True
we are the world || not in death,We Are The World,2010-01-01,0,,,True
marc ford || other side_ the,Marc Ford,2007-01-01,0,,,True
darin || doin dirt,Darin,2005-01-01,0,,,True
artificial funk || together,Artificial Funk,2003-01-01,0,,,True
angel witch || twist of the knief,Angel Witch,2003-01-01,0,,,True
kathleen edwards || independent thief,Kathleen Edwards,2005-01-01,0,,,True
tomte || das orchester spielt einen walzer,Tomte,2008-01-01,0,,,True
delays || winters memory of summer,Delays,2006-01-01,0,,,True
because of ghosts || in 2050_ when we know well all be dead anyway,Because of Ghosts,2008-01-01,0,,,True
xdream || thorazin,X-Dream,2002-01-01,0,,,True
korpiklaani || korven kuningas,Korpiklaani,2008-01-01,0,,,True
the gasman || titled,The Gasman,2003-01-01,0,,,True
ass ponys || kung fu reference,Ass Ponys,2001-01-01,0,,,True
bad astronaut || our greatest year,Bad Astronaut,2002-01-01,0,,,True
stephen kellogg the sixers || the bear,Stephen Kellogg & The Sixers,2009-01-01,0,,,True
minsk || circle of ashes,Minsk,2007-01-01,0,,,True
a place to bury strangers || never going down,A Place to Bury Strangers,2008-01-01,0,,,True
the rippingtons || age of reason,The Rippingtons,2009-01-01,0,,,True
dilated peoples featuring defari || olde english,Dilated Peoples Featuring Defari,2006-01-01,0,,,True
wisdom in chains || violent assault,Wisdom In Chains,2007-01-01,0,,,True
zadera || search for you,Zadera,2004-01-01,0,,,True
christy moore || different love song,Christy Moore,2004-01-01,0,,,True
turnstiles || the mountain,Turnstiles,2009-01-01,0,,,True
todd barry || per capita lp version,Todd Barry,2004-01-01,0,,,True
thyrfing || valdr galga,Thyrfing,1999-01-01,0,,,True
markus krunegard || maria jag,Markus Krunegård,2008-01-01,0,,,True
the innocence mission || sonata no 8,The Innocence Mission,2004-01-01,0,,,True
kmaro || million dollar boy,K.Maro,2005-01-01,0,,,True
primitive radio gods || the rise and fall of ooo mau,Primitive Radio Gods,1996-01-01,0,,,True
two banks of four || shadowlands,Two Banks Of Four,2008-01-01,0,,,True
lenny kravitz || battlefield of love,Lenny Kravitz,2001-01-01,1,Again,2000-12-30,True
max pashm || maneak,Max Pashm,2005-01-01,0,,,True
soesja citroen || lush life,Soesja Citroen,1996-01-01,0,,,True
pep love and jay biz || anasthesia,Pep Love and Jay Biz,2003-01-01,0,,,True
a small good thing || someplace south of here,A Small Good Thing,1994-01-01,0,,,True
fase || because i can,Fase,2006-01-01,0,,,True
boards of canada || julie and candy,Boards of Canada,2002-01-01,0,,,True
rise against || minor threat,Rise Against,2008-01-01,0,,,True
dirty faces || untitled,Dirty Faces,2006-01-01,0,,,True
5 bugs || anyway,5 Bugs,2005-01-01,0,,,True
tha liks featuring xzibit || bar code,Tha Liks featuring Xzibit,2001-01-01,0,,,True
havana 3 am || reach the rock,Havana 3 A.M.,1991-01-01,0,,,True
emf || perfect day,EMF,1995-01-01,1,Lies,1991-12-28,True
letzte instanz || rapunzel,Letzte Instanz,1999-01-01,0,,,True
orphanage || my masters master,ORPHANAGE,2004-01-01,0,,,True
carrie newcomer || alice and roy,Carrie Newcomer,2005-01-01,0,,,True
yellowcard || cut me_ mick,Yellowcard,2007-01-01,1,Lights And Sounds,2006-04-08,True
kinski || let me know when were poor demo,Kinski,2005-01-01,0,,,True
ganglians || candy girl,Ganglians,2009-01-01,0,,,True
revolverheld || ich werd die welt verandern,Revolverheld,2007-01-01,0,,,True
monica zetterlundgunnar svenssons orkester || the things we did last summer,Monica Zetterlund/Gunnar Svenssons Orkester,1993-01-01,0,,,True
uochi toki || il ballerino,Uochi Toki,2009-01-01,0,,,True
phantom planet || jabberjaw,Phantom Planet,2004-01-01,0,,,True
mount sims || somnambulist,Mount Sims,2005-01-01,0,,,True
the statler brothers || a place on calvary,The Statler Brothers,2002-01-01,0,,,True
les baxter orchestra and chorus || dark river,Les Baxter - Orchestra And Chorus,1991-01-01,0,,,True
maria taylor || song beneath the song,Maria Taylor,2005-01-01,0,,,True
klaus schulze || and then i woke up,Klaus Schulze,2009-01-01,0,,,True
konceptual dominance || 427s interlude no1,Konceptual Dominance,2000-01-01,0,,,True
marilyn monroe || down in the meadow,Marilyn Monroe,1993-01-01,0,,,True
pinetop perkins || kidney stew,Pinetop Perkins,1998-01-01,0,,,True
cristina dona || senza disturbare,Cristina Donà,1997-01-01,0,,,True
kuhn_ dieter thomas || musik ist trumpf,Kuhn_ Dieter Thomas,1997-01-01,0,,,True
start trouble || retaliate,Start Trouble,2004-01-01,0,,,True
the cardigans || celia inside,The Cardigans,1994-01-01,0,,,True
immortal technique || crimes of the heart,Immortal Technique,2008-01-01,0,,,True
jill scott || love rain,Jill Scott,2000-01-01,0,,,True
carolyn dawn johnson || my little secret,Carolyn Dawn Johnson,2004-01-01,1,I Don't Want You To Go,2002-07-13,True
el columpio asesino || floto,El Columpio Asesino,2004-01-01,0,,,True
rocazino || den lille rodhvide bil,Rocazino,1995-01-01,0,,,True
tieum || program complete,Tieum,2004-01-01,0,,,True
on thorns i lay || moving cities,On Thorns I Lay,2001-01-01,0,,,True
dinosaur jr || turnip farm,Dinosaur Jr,1992-01-01,0,,,True
shadow project || working on beyond,SHADOW PROJECT,1991-01-01,0,,,True
career suicide || saving face,Career Suicide,2006-01-01,0,,,True
killradio || feeding the rich,KillRadio,2004-01-01,0,,,True
priestess || time will cut you down,Priestess,2005-01-01,0,,,True
freezepop || frontload designer drugs remix,Freezepop,2009-01-01,0,,,True
ayo || help is coming,Ayo,2006-01-01,0,,,True
plump djs feat eddie bo || the funk hits the fan,Plump DJs feat. Eddie Bo,2003-01-01,0,,,True
day26 || co star,DAY26,2008-01-01,0,,,True
yourcodenameismilo || fivefour,YOURCODENAMEIS:MILO,2005-01-01,0,,,True
cecilia bartoli il giardino armonico giovanni antonini || usignolo sventurato,Cecilia Bartoli / Il Giardino Armonico / Giovanni Antonini,2009-01-01,0,,,True
air supply || we the people,Air Supply,1997-01-01,1,Lonely Is The Night,1986-09-27,True
eastern lane || no 5,Eastern Lane,2005-01-01,0,,,True
blind boy fuller || three ball blues,Blind Boy Fuller,1990-01-01,0,,,True
god forbid || walk alone,God Forbid,2009-01-01,0,,,True
meltbanana || feedback deficiency,Melt-Banana,2009-01-01,0,,,True
alfio antico || pitti petti,Alfio Antico,2003-01-01,0,,,True
otep || selfmade,Otep,2004-01-01,0,,,True
we are the world || foot follows foot,We Are The World,2010-01-01,0,,,True
hitomi yaida || andante,Hitomi Yaida,2002-01-01,0,,,True
spezializtz feat dflame || prioritaten,Spezializtz feat. D-Flame,2007-01-01,0,,,True
cachaito lopez || siempre con swing intro,Cachaito Lopez,2001-01-01,0,,,True
hala strana || the great season,Hala Strana,2004-01-01,0,,,True
karrin allyson || samba 88,Karrin Allyson,1995-01-01,0,,,True
ana laura || water,Ana Laura,2006-01-01,0,,,True
newsong || rhythm of the world,Newsong,2000-01-01,0,,,True
jantje smit || ein sonntag am meer,Jantje Smit,2000-01-01,0,,,True
mungo jerry || pushbike song,Mungo Jerry,2001-01-01,0,,,True
obie bermudez || como decirle,Obie Bermudez,2004-01-01,0,,,True
orphanage || enders game,ORPHANAGE,2004-01-01,0,,,True
stephen sondheim || gold,Stephen Sondheim,2009-01-01,0,,,True
beneath the sky || the glamour of corruption,Beneath The Sky,2007-01-01,0,,,True
murcof || marmol,Murcof,2002-01-01,0,,,True
choclair || situation 9,Choclair,1999-01-01,0,,,True
lars demian || konungens skal,Lars Demian,2002-01-01,0,,,True
tipper || just as the sun went down,Tipper,2003-01-01,0,,,True
shpongle || when shall i be free,Shpongle,2005-01-01,0,,,True
owsley || class clowngood old days reprise,Owsley,1999-01-01,0,,,True
lfo || groovy distortion,LFO,1991-01-01,0,,,True
hala strana || time,Hala Strana,2005-01-01,0,,,True
meat katie and aquasky || feathers marco bailey remix,Meat Katie and Aquasky,2006-01-01,0,,,True
charlie ace the upsetters || cow thief skank,Charlie Ace / The Upsetters,2000-01-01,0,,,True
vanessa da mata || a forca que nunca seca,Vanessa Da Mata,2003-01-01,0,,,True
seguridad social || tierra de suenos,Seguridad Social,1999-01-01,0,,,True
jose merce || aire buleria,José Mercé,2007-01-01,0,,,True
samara lubelski || guarding the sun,Samara Lubelski,2004-01-01,0,,,True
matthias tanzmann || beausoleil,Matthias Tanzmann,2000-01-01,0,,,True
fun lovin criminals || battle on the golf course,Fun Lovin' Criminals,2004-01-01,0,,,True
klaus badelt || moonlight serenade,Klaus Badelt,2003-01-01,0,,,True
rl burnside || come on in part 2,R.L. Burnside,1998-01-01,0,,,True
dudu nobre || a grande familia,Dudu Nobre,2008-01-01,0,,,True
tim wilson || the michael vick song,Tim Wilson,2005-01-01,0,,,True
warren hill || still in love,Warren Hill,2005-01-01,0,,,True
lone catalysts || bad music feat mix master ice,Lone Catalysts,2005-01-01,0,,,True
sahara hotnights || the difference between love and hell,Sahara Hotnights,2004-01-01,0,,,True
juana molina || medlong,Juana Molina,2003-01-01,0,,,True
the futureheads || man made a mistake,The Futureheads,2005-01-01,0,,,True
barry white || cant get enough of your love_ babe,Barry White,2003-01-01,1,Come On,1995-04-29,True
autechre || corc,Autechre,1998-01-01,0,,,True
pocahaunted || ghetto ballet,Pocahaunted,2008-01-01,0,,,True
slow gherkin || hes gotta go,Slow Gherkin,2002-01-01,0,,,True
linda eder || havana lp version,Linda Eder,1999-01-01,0,,,True
kerry livgren || take us to the water,Kerry Livgren,1992-01-01,0,,,True
new mexican disaster squad || vultures,New Mexican Disaster Squad,2003-01-01,0,,,True
larry donn || shake rattle and roll studio,Larry Donn,1996-01-01,0,,,True
sean lennon || tomorrow,Sean Lennon,2006-01-01,0,,,True
the neon judgement || tv treated 1995,The Neon Judgement,1995-01-01,0,,,True
kris menace || jupiter short edit,Kris Menace,2006-01-01,0,,,True
dazzling killmen || serpentarium,Dazzling Killmen,1996-01-01,0,,,True
illuminate || intro im alten haus,Illuminate,1997-01-01,0,,,True
astrix || artcore,Astrix,2004-01-01,0,,,True
valencia || will we ever know how,Valencia,2005-01-01,0,,,True
vitalic || newman,Vitalic,2005-01-01,0,,,True
cheap trick || that 70s song based on in the street,Cheap Trick,2000-01-01,1,Wherever Would I Be,1990-12-29,True
unkle || in a state,UNKLE,2003-01-01,0,,,True
the bitters || warrior,The Bitters,2009-01-01,0,,,True
cardopusher || pollo ronco,Cardopusher,2008-01-01,0,,,True
colossal yes || theres red dirt in wine,Colossal Yes,2006-01-01,0,,,True
evan olson || shelly,Evan Olson,2003-01-01,0,,,True
naughty by nature || its on lp version,Naughty By Nature,1993-01-01,1,Everything's Gonna Be Alright,1992-06-20,True
incognito || positivity,Incognito,1993-01-01,0,,,True
luiz bonfa || samba de duas notas,Luiz Bonfa,2005-01-01,0,,,True
cock sparrer || runaway johnny,Cock Sparrer,2004-01-01,0,,,True
deerhunter || little kids,Deerhunter,2008-01-01,0,,,True
jacks mannequin || kill the messenger,Jack's Mannequin,2005-01-01,0,,,True
we shot the moon || amarillo,We Shot the Moon,2009-01-01,0,,,True
jack mcduff || i want a little girl,Jack McDuff,2007-01-01,0,,,True
susan mckeown || eggs in her basket,Susan McKeown,2004-01-01,0,,,True
stanley turrentine || ill take you all the way there,Stanley Turrentine,2000-01-01,0,,,True
gripin || sustuklarin buyur icinde,Gripin,2007-01-01,0,,,True
ben tankard || what is this,Ben Tankard,1994-01-01,0,,,True
diplo || smash a kangaroo,Diplo,2009-01-01,0,,,True
the unicorns || ghost mountain,The Unicorns,2001-01-01,0,,,True
coburn || we reinterrupt this programme,Coburn,2010-01-01,0,,,True
photon project || enlightenment,Photon Project,2000-01-01,0,,,True
miss kittin the hacker || 1000 dreams,Miss Kittin & The Hacker,2009-01-01,0,,,True
michel camilo || on the other hand,Michel Camilo,1994-01-01,0,,,True
eyedea abilities || sky diver,Eyedea & Abilities,2009-01-01,0,,,True
the string cheese incident || elijah,The String Cheese Incident,2003-01-01,0,,,True
ac acoustics || hand passes empty,Ac Acoustics,1997-01-01,0,,,True
avoid one thing || fillmore east,Avoid One Thing,2004-01-01,0,,,True
sarah johns || the one in the middle,Sarah Johns,2007-01-01,0,,,True
books on tape || kingston,Books On Tape,2005-01-01,0,,,True
taking back sunday || everything must go,Taking Back Sunday,2009-01-01,1,MakeDamnSure,2006-09-02,True
muddy waters || iodine in my coffee,Muddy Waters,1991-01-01,0,,,True
jeff mills || condor to mallorca,Jeff Mills,1994-01-01,0,,,True
theaudience || i got the wherewithal,TheAudience,1998-01-01,0,,,True
le volume courbe || who are you,Le Volume Courbe,2005-01-01,0,,,True
aids wolf || tiedup in paper,AIDS Wolf,2008-01-01,0,,,True
pocahaunted || iron shirt,Pocahaunted,2008-01-01,0,,,True
sheryl crow || cmon cmon,Sheryl Crow,2002-01-01,1,Anything But Down,1999-07-03,True
ursula rucker || call to axiom,Ursula Rucker,2009-01-01,0,,,True
the nomads || i dont knowi dont care,The Nomads,2002-01-01,0,,,True
friendly fires || your love,Friendly Fires,2006-01-01,0,,,True
halou || before there was color,Halou,2001-01-01,0,,,True
ryoji ikeda || test pattern 1000,Ryoji Ikeda,2008-01-01,0,,,True
espen lind || baby youre so cool,Espen Lind,1997-01-01,0,,,True
transglobal underground || efred massalan yaani,Transglobal Underground,2008-01-01,0,,,True
children of bodom || trashed_ lost and strungout,Children Of Bodom,2005-01-01,0,,,True
winifred phillips || world in need,Winifred Phillips,2009-01-01,0,,,True
battle of the future buddhas || hippy crack panic,Battle of The Future Buddhas,2002-01-01,0,,,True
infadels || a million pieces,Infadels,2008-01-01,0,,,True
sidney polak || szachmat,Sidney Polak,2009-01-01,0,,,True
louise hoffsten || sucker,Louise Hoffsten,2002-01-01,0,,,True
krystal meyers || stand and scream,Krystal Meyers,2006-01-01,0,,,True
mark knopfler || get lucky,Mark Knopfler,2009-01-01,0,,,True
razors edge || save our rights,Razors Edge,2005-01-01,0,,,True
shed seven || immobilise,Shed Seven,1994-01-01,0,,,True
al fatz || came down explicit,Al Fatz,2007-01-01,0,,,True
the b52s || pump,The B-52s,2008-01-01,1,Good Stuff,1992-09-12,True
david allan coe || cheap thrills,David Allan Coe,1999-01-01,0,,,True
black devil disco club || on just foot,Black Devil Disco Club,2006-01-01,0,,,True
israel new breed || say so,ISRAEL & NEW BREED,2007-01-01,0,,,True
susana baca || maria lando,Susana Baca,1997-01-01,0,,,True
the konki duet || do family,The Konki Duet,2004-01-01,0,,,True
bouncing souls || lamar vannoy,Bouncing Souls,1996-01-01,0,,,True
115 || the way i was raised,11/5,1995-01-01,0,,,True
maximus dan || soca train,Maximus Dan,2004-01-01,0,,,True
diesel boy || rock anthem,Diesel Boy,2001-01-01,0,,,True
karunesh || breathing silence,Karunesh,2001-01-01,0,,,True
jb hutto || jbs crawl,J.B. Hutto,2002-01-01,0,,,True
my awesome mixtape || hilarious,My Awesome Mixtape,2007-01-01,0,,,True
mark mallman || we only have each other in the night,Mark Mallman,2005-01-01,0,,,True
lovehatehero || red dress,Lovehatehero,2007-01-01,0,,,True
windsor for the derby || shaker,Windsor For The Derby,1999-01-01,0,,,True
nick moss the flip tops || my love strikes like lightning,Nick Moss & The Flip Tops,2002-01-01,0,,,True
drumattic twins || feelin kinda strange bass kleph nick thayer remix,Drumattic Twins,2005-01-01,0,,,True
raoul sinier || 256,Raoul Sinier,2008-01-01,0,,,True
garage a trois || interpretive ape dance,Garage a Trois,2003-01-01,0,,,True
shelby lynne || it might be me,Shelby Lynne,1991-01-01,0,,,True
daddy freddy || we are the champions,Daddy Freddy,1991-01-01,0,,,True
militant cheerleaders on the move || third base,Militant Cheerleaders On The Move,2006-01-01,0,,,True
girls on film || track 01,Girls On Film,2005-01-01,0,,,True
guerilla black || hearts of fire explicit,Guerilla Black,2004-01-01,0,,,True
jeff wahl || repetition,Jeff Wahl,2003-01-01,0,,,True
harlan t bobo || too much love,Harlan T. Bobo,2004-01-01,0,,,True
black label society || queen of sorrow,Black Label Society,2004-01-01,0,,,True
foals || black gold,Foals,2010-01-01,0,,,True
the dresden dolls || sing,The Dresden Dolls,2006-01-01,0,,,True
downhere || how they love each other,Downhere,2003-01-01,0,,,True
helstar || rhapsody in black baptized in blood,Helstar,2007-01-01,0,,,True
airiel || blowin cool,Airiel,2005-01-01,0,,,True
die fantastischen vier || einfach sein,Die Fantastischen Vier,2007-01-01,0,,,True
oforia || psycho sonic,Oforia,1998-01-01,0,,,True
mr vegas || dem fraid,Mr. Vegas,2002-01-01,0,,,True
floating action || cinder cone,Floating Action,2009-01-01,0,,,True
combichrist || sent to destroy,Combichrist,2008-01-01,0,,,True
sonny criss || day dream,Sonny Criss,2000-01-01,0,,,True
man man || tunneling through the guy,Man Man,2006-01-01,0,,,True
letters to cleo || hes got an answer,Letters To Cleo,1995-01-01,0,,,True
stefano bollani || impro iii,Stefano Bollani,2006-01-01,0,,,True
articolo 31 || lasciami fare,Articolo 31,1994-01-01,0,,,True
frederic galliano || plis infinis ndeg2,Frederic Galliano,1997-01-01,0,,,True
red aunts || baby tough luck,Red Aunts,1994-01-01,0,,,True
sleeping states || the cartographer,Sleeping States,2009-01-01,0,,,True
divine styler and dj shadow || divine intervention,Divine Styler and DJ Shadow,1999-01-01,0,,,True
buddy guy || sweet black angel black angel blues,Buddy Guy,1996-01-01,0,,,True
octolab || tvspell,Octolab,2007-01-01,0,,,True
forteba || something new,Forteba,2006-01-01,0,,,True
the special goodness || in the sun,The Special Goodness,2003-01-01,0,,,True
madball || youre gone,Madball,2007-01-01,0,,,True
cursor miner || virus,Cursor Miner,2001-01-01,0,,,True
joss stone || mr wankerman,Joss Stone,2009-01-01,1,Tell Me 'Bout It,2007-04-07,True
veronica falls || found love in a graveyard,Veronica Falls,2010-01-01,0,,,True
2 skinnee js || brew ha ha,2 Skinnee J's,2004-01-01,0,,,True
sadistik exekution || outer spiritual,Sadistik Exekution,2004-01-01,0,,,True
end of fashion || in denial live acoustic,End Of Fashion,2006-01-01,0,,,True
fergie || break in,Fergie,2009-01-01,1,Clumsy,2008-04-12,True
bullet for my valentine || just another star,Bullet For My Valentine,2004-01-01,0,,,True
tommy castro || if you believe in what you do,Tommy Castro,2007-01-01,0,,,True
nas || sly fox,Nas,2008-01-01,1,I Can,2003-07-12,True
triage || weak mind,Triage,2009-01-01,0,,,True
quit your dayjob || ebay ghetto,Quit Your Dayjob,2005-01-01,0,,,True
zombie girl || prey,Zombie Girl,2007-01-01,0,,,True
rodrigo leao || a tragedia,Rodrigo Leão,2000-01-01,0,,,True
art of noise || dreaming in colour,Art Of Noise,1999-01-01,0,,,True
nickel creek || scotch chocolate,Nickel Creek,2005-01-01,0,,,True
xavier rudd || in transit,Xavier Rudd,2004-01-01,0,,,True
joe henderson || black is the color of my true loves mind,Joe Henderson,1994-01-01,0,,,True
lukie d || too many wars,Lukie D,2006-01-01,0,,,True
dragonforce || heroes of our time,Dragonforce,2008-01-01,0,,,True
10000 maniacs || green children,10000 Maniacs,1997-01-01,1,Because The Night,1994-05-21,True
the go team || flashlight fight,The Go! Team,2007-01-01,0,,,True
bruno sanfilippo || intro world,Bruno Sanfilippo,2006-01-01,0,,,True
todd barry || hbo crank documentary lp version,Todd Barry,2004-01-01,0,,,True
smash hit combo || in memory,Smash hit combo,2006-01-01,0,,,True
gorgoroth || teeth grinding,GORGOROTH,2003-01-01,0,,,True
peter pan speedrock || pay the fuckin bill,Peter Pan Speedrock,2005-01-01,0,,,True
gwar || the issue of tissue spacecake,GWAR,1994-01-01,0,,,True
david lee roth || youre breathin it 2007 remastered,David Lee Roth,1994-01-01,1,Stand Up,1988-06-04,True
saafir || crawl before you ball,Saafir,1999-01-01,0,,,True
horse the band || pols voice,Horse The Band,2003-01-01,0,,,True
iron savior || cybernatic queen,Iron Savior,2007-01-01,0,,,True
dr elmo || goin on a date with santa,Dr. Elmo,2000-01-01,0,,,True
el barrio || vientos de otras tierras,El Barrio,2007-01-01,0,,,True
girls aloud || wake me up,Girls Aloud,2004-01-01,0,,,True
pfr || fare thee well the late great pfr,PFR,1997-01-01,0,,,True
juggy d || nasheh,Juggy D,2004-01-01,0,,,True
automatic 7 || bury me,Automatic 7,1995-01-01,0,,,True
deckard || conversation,Deckard,2000-01-01,0,,,True
danny elfman || sleuthing,Danny Elfman,2002-01-01,0,,,True
lee scratch perry || jungle fever,"Lee ""Scratch"" Perry",1999-01-01,0,,,True
arrogant worms || rocks and trees,Arrogant Worms,1999-01-01,0,,,True
311 || crack the code,311,2003-01-01,0,,,True
izz || where i belong,IZZ,1999-01-01,0,,,True
dandi wind || safety dance,Dandi Wind,2005-01-01,0,,,True
windsor for the derby || seven,Windsor For The Derby,1996-01-01,0,,,True
at the drivein || for nowwe toast,At The Drive-In,1998-01-01,0,,,True
tetine || entertainment no 249,Tetine,2008-01-01,0,,,True
gerald albright || and the beat goes on,Gerald Albright,2006-01-01,0,,,True
the subdudes || break down these walls,The Subdudes,1996-01-01,0,,,True
asylum street spankers || hot lunch,Asylum Street Spankers,1999-01-01,0,,,True
cibo matto || sunday part ii,Cibo Matto,1999-01-01,0,,,True
the j geils band || southside shuffle lp version,The J. Geils Band,2006-01-01,0,,,True
todd agnew || kindness,Todd Agnew,2003-01-01,0,,,True
snog || the fruits,Snog,2003-01-01,0,,,True
lou barlow || one note tone,Lou Barlow,2009-01-01,0,,,True
netzwerk || i feel love,Netzwerk,1995-01-01,0,,,True
yeah yeah yeahs || the sweets,Yeah Yeah Yeahs,2006-01-01,1,Maps,2004-06-05,True
richard galliano || heavy tango,Richard Galliano,1999-01-01,0,,,True
enigma || age of loneliness,Enigma,1994-01-01,1,Sadeness Part 1,1991-06-08,True
tau factor || retrospection,Tau Factor,2002-01-01,0,,,True
kurd maverick || strings of tortuga,Kurd Maverick,2007-01-01,0,,,True
kelpe || age sculpture,Kelpe,2004-01-01,0,,,True
sister sin || death will greet us,Sister Sin,2008-01-01,0,,,True
ben sidran || lets make a deal,Ben Sidran,2004-01-01,0,,,True
texas in july || i am yours,Texas In July,2009-01-01,0,,,True
peter case || million dollars bail,Peter Case,2007-01-01,0,,,True
annett louisan || lauft alles perfekt,Annett Louisan,2005-01-01,0,,,True
lo borges || pra onde vai voce,Lô Borges,2002-01-01,0,,,True
spongebob squarepants || goofy goober rock,Spongebob Squarepants,2009-01-01,0,,,True
swell || at long last,Swell,1992-01-01,0,,,True
spike jones his city slickers || my pretty girl,Spike Jones & His City Slickers,2006-01-01,0,,,True
israel new breed || theres a liftin of the hands,ISRAEL & NEW BREED,2001-01-01,0,,,True
neneh cherry || telephone pole demo,Neneh Cherry,1998-01-01,1,Buddy X,1993-06-12,True
venetian snares || einsteinrosen bridge,Venetian Snares,2003-01-01,0,,,True
anna nalick || consider this,Anna Nalick,2005-01-01,0,,,True
taproot || promise,Taproot,2005-01-01,0,,,True
wes || awa awa,WES,1996-01-01,0,,,True
us bombs || rumble fishers,U.S. Bombs,2001-01-01,0,,,True
dave brockie experience || the march of the faggot soldiers,Dave Brockie Experience,2003-01-01,0,,,True
yung joc || dope boy magic feat nicholas play boy nick smith_ corey black owned c bone andrews and chino dolla amended,Yung Joc,2006-01-01,0,,,True
oscar lima || doing it like before,Oscar Lima,2000-01-01,0,,,True
kate campbell || delmus jackson,Kate Campbell,1997-01-01,0,,,True
helalyn flowers || voices psyaviah rmx,Helalyn Flowers,2007-01-01,0,,,True
northern state || girl for all seasons,Northern State,2004-01-01,0,,,True
rhonda vincent || good thing going,Rhonda Vincent,2008-01-01,0,,,True
lovehatehero || to the end,Lovehatehero,2007-01-01,0,,,True
luis fonsi || tell her tonight,Luis Fonsi,2002-01-01,0,,,True
david mead || what i want to do,David Mead,2001-01-01,0,,,True
old crow medicine show || lift him up,Old Crow Medicine Show,2008-01-01,0,,,True
duncan sheik || mr chess,DUNCAN SHEIK,2001-01-01,1,Barely Breathing,1997-12-13,True
stanley turrentine || pieces of dreams,Stanley Turrentine,1990-01-01,0,,,True
vicki vomit || mutter teresa,Vicki Vomit,2005-01-01,0,,,True
9 lazy 9 || golden oldie,9 Lazy 9,1994-01-01,0,,,True
youssou ndour || without a smile,Youssou N'Dour,2004-01-01,0,,,True
a global threat || the way it is,A Global Threat,1997-01-01,0,,,True
kaisercartel || the flood,KaiserCartel,2008-01-01,0,,,True
peachfuzz || king of scandinavia,Peachfuzz,2003-01-01,0,,,True
newsboys || the mission go,Newsboys,2006-01-01,0,,,True
yellowcard || holly wood died,Yellowcard,2006-01-01,1,Ocean Avenue,2004-09-25,True
faze action || mas,Faze Action,1999-01-01,0,,,True
charger || god made us in the image of his ass,Charger,2003-01-01,0,,,True
pernice brothers || one foot in the grave,Pernice Brothers,2003-01-01,0,,,True
nasum || masshypnosis,Nasum,2008-01-01,0,,,True
expatriate || play a part,Expatriate,2007-01-01,0,,,True
pornopop || little kafka,Pornopop,2006-01-01,0,,,True
yellowcard || gifts and curses live acoustic,Yellowcard,2007-01-01,1,Lights And Sounds,2006-04-08,True
stanley jordan || autumn leaves,Stanley Jordan,1990-01-01,0,,,True
toenut || 3 days dirt,Toenut,1995-01-01,0,,,True
the years gone by || stay close,The Years Gone By,2008-01-01,0,,,True
battle || the other way,Battle,2007-01-01,0,,,True
asie payton || back to the bridge 2002,Asie Payton,2002-01-01,0,,,True
tracy chapman || smoke and ashes lp version,Tracy Chapman,1995-01-01,1,Crossroads,1989-11-18,True
will smith snoop dogg || pump ya brakes,Will Smith / Snoop Dogg,2005-01-01,0,,,True
nevermore || the learning,Nevermore,1996-01-01,0,,,True
tim bowman || love_ joy_ peace,Tim Bowman,1996-01-01,0,,,True
secret chiefs 3 || drunk at the gates,Secret Chiefs 3,1996-01-01,0,,,True
marc reece || no time to breathe,Marc Reece,2009-01-01,0,,,True
the junior varsity || anti climatic demo version,The Junior Varsity,2004-01-01,0,,,True
jori hulkkonen featuring nick triani || scienceoriginal version,Jori Hulkkonen Featuring Nick Triani,2005-01-01,0,,,True
girlschool || im the leader of the gang,Girlschool,1993-01-01,0,,,True
jope ruonansuu || kaiken takana on piilossa,Jope Ruonansuu,1993-01-01,0,,,True
judas iscariot || reign,Judas Iscariot,1992-01-01,0,,,True
andreas johnson || seven days,Andreas Johnson,2007-01-01,0,,,True
doleful lions || auld lang syne,Doleful Lions,2000-01-01,0,,,True
macka b || get conscious,Macka B,1990-01-01,0,,,True
they live by night || still we are young,They Live By Night,2008-01-01,0,,,True
the provenance || deadened,The Provenance,2006-01-01,0,,,True
kat deluna || love confusion,Kat DeLuna,2007-01-01,0,,,True
supreme ntm || questce quon attend,Suprême NTM,1995-01-01,0,,,True
tuesdays || wird schon werden,Tuesdays,2002-01-01,0,,,True
julia fordham || east west,Julia Fordham,1997-01-01,0,,,True
joey negro || love fantasy,Joey Negro,1993-01-01,0,,,True
heathen || hypnotized,HEATHEN,1991-01-01,0,,,True
amoral || decrowning,Amoral,2005-01-01,0,,,True
northern kings || rebel yell,Northern Kings,2007-01-01,0,,,True
kinski || montgomery,Kinski,2001-01-01,0,,,True
luciano pavarotti || bella nice che damore,Luciano Pavarotti,2005-01-01,0,,,True
the business || do they owe us a living,The Business,1997-01-01,0,,,True
in flames || in flames,In Flames,1993-01-01,0,,,True
16 horsepower || i gotta gal,16 Horsepower,1995-01-01,0,,,True
nightwish || the kinslayer,Nightwish,2000-01-01,0,,,True
donnie brooks || sweet lorraine,Donnie Brooks,2001-01-01,0,,,True
we ragazzi || why does the world have to modernize,We Ragazzi,1999-01-01,0,,,True
ben kweller || wasted ready,Ben Kweller,2002-01-01,0,,,True
mira craig || nightingale,Mira Craig,2009-01-01,0,,,True
the red thread || the getaway,The Red Thread,2004-01-01,0,,,True
cowboy junkies || you will be loved again,Cowboy Junkies,1990-01-01,0,,,True
the duke spirit || the step and the walk,The Duke Spirit,2008-01-01,0,,,True
separate || zahltag,Separate,2005-01-01,0,,,True
matmatah || la grande cuisine,Matmatah,2004-01-01,0,,,True
bleed the sky || borrelia mass,BLEED THE SKY,2005-01-01,0,,,True
sam phillips || strawberry road,Sam Phillips,1994-01-01,0,,,True
poncho sanchez || lip smacker,Poncho Sanchez,2004-01-01,0,,,True
ten kens || i really hope you get to retire,Ten Kens,2008-01-01,0,,,True
dekapitator || deathstrike command,Dekapitator,2007-01-01,0,,,True
gbh || junkies,GBH,1996-01-01,0,,,True
moly || violine,Moly,2006-01-01,0,,,True
ec8or || im a tomorrow,Ec8or,2000-01-01,0,,,True
shy fx tpower || run along,Shy FX & T-Power,2002-01-01,0,,,True
earlimart || we drink on the job,Earlimart,2003-01-01,0,,,True
mons leidvin takle || navnet jesus,Mons Leidvin Takle,2001-01-01,0,,,True
fermin muguruza || la fille du quartier populaire,Fermin Muguruza,2006-01-01,0,,,True
mick moloney || the pipe on the hob,Mick Moloney,1991-01-01,0,,,True
peixeaviao || sabujo,Peixe:Avião,2008-01-01,0,,,True
blueboy || so catch him,Blueboy,1994-01-01,0,,,True
solomon burke || let your love flow,Solomon Burke,1992-01-01,0,,,True
big tymers tq mikkey jazze pha gilly || im comin,Big Tymers / TQ / Mikkey / Jazze Pha / Gilly,2002-01-01,0,,,True
the disco boys || goliath extended version,The Disco Boys,2007-01-01,0,,,True
mindi abair || flirt,Mindi Abair,2003-01-01,0,,,True
daedelus || sunrise,Daedelus,2006-01-01,0,,,True
the watersons || the lincolnshire shepherd,The Watersons,1998-01-01,0,,,True
sciflyer || burn sell,Sciflyer,2003-01-01,0,,,True
the monas || ya me voy,The Monas,2000-01-01,0,,,True
ricochet || daddys money,Ricochet,1998-01-01,0,,,True
5 bugs || 5 bucks to happiness,5 Bugs,2005-01-01,0,,,True
hblockx || step back,H-Blockx,1996-01-01,0,,,True
smash tv || sad,Smash TV,2004-01-01,0,,,True
david devant and his spirit wife || one thing,David Devant and His Spirit Wife,2004-01-01,0,,,True
krisiun || united in deception,Krisiun,2006-01-01,0,,,True
the autumn offering || dystopiate,The Autumn Offering,2007-01-01,0,,,True
the most serene republic || multiplication desks,The Most Serene Republic,2007-01-01,0,,,True
silverchair || learn to hate,Silverchair,1997-01-01,0,,,True
billy sheehan || a million tears ago bonus track,Billy Sheehan,2005-01-01,0,,,True
syl johnson || anyone but you,Syl Johnson,2000-01-01,0,,,True
tracy gang pussy || teenage years,Tracy Gang Pussy,2009-01-01,0,,,True
the tyde || too many kims,The Tyde,2006-01-01,0,,,True
silje nergaard || shame on you,Silje Nergaard,2000-01-01,0,,,True
joseph arthur || i come down,Joseph Arthur,2008-01-01,0,,,True
coparck || waiting for,Coparck,2009-01-01,0,,,True
tennessee ernie ford || shot gun boogie,Tennessee Ernie Ford,1993-01-01,0,,,True
ladyhawke || crazy world,Ladyhawke,2008-01-01,0,,,True
martin solveig || dont waste another day,Martin Solveig,2005-01-01,0,,,True
electric universe || one love,Electric Universe,1995-01-01,0,,,True
kidz bop kids || the 59th street bridge song feeling groovy,Kidz Bop Kids,2004-01-01,0,,,True
la grande sophie || on savait devenir grand,La Grande Sophie,2003-01-01,0,,,True
boys noize || down extended mix,Boys Noize,2007-01-01,0,,,True
etran finatawa || duuniyaaru dillii,Etran Finatawa,2010-01-01,0,,,True
patrick doyle || black arrival,Patrick Doyle,2007-01-01,0,,,True
liquid soul || black earth,Liquid Soul,1996-01-01,0,,,True
dabrye || special,Dabrye,2006-01-01,0,,,True
ninos mutantes || globo,Niños Mutantes,1998-01-01,0,,,True
kath bloom || a homeless dream,Kath Bloom,2005-01-01,0,,,True
hot club of cowtown || carry me close,Hot Club Of Cowtown,2009-01-01,0,,,True
time passing || dance with me,Time Passing,2001-01-01,0,,,True
the ladybug transistor || for no other,The Ladybug Transistor,2007-01-01,0,,,True
diana king || hey jude,Diana King,1995-01-01,0,,,True
roc c || hear me now,Roc 'C',2006-01-01,0,,,True
kristin hersh || silver sun,Kristin Hersh,2003-01-01,0,,,True
flink || you and i and you,Flink,2005-01-01,0,,,True
little boots || love kills,Little Boots,2009-01-01,0,,,True
go fish || lullaby parade,Go Fish,2003-01-01,0,,,True
tricky || record companies,Tricky,1998-01-01,0,,,True
la oreja de van gogh || dos cristales,La Oreja de Van Gogh,1998-01-01,0,,,True
inspiral carpets || sun dont shine,Inspiral Carpets,1990-01-01,0,,,True
rollerskate skinny || speed to my side 2006 remastered lp version,Rollerskate Skinny,1996-01-01,0,,,True
avail || southbound 95,Avail,1994-01-01,0,,,True
extremoduro || dulce introduccion al caos,Extremoduro,2008-01-01,0,,,True
rufus wainwright || sonnet 43,Rufus Wainwright,2010-01-01,0,,,True
korn || coming undone aol sessions,Korn,2006-01-01,1,Twisted Transistor,2005-12-31,True
the joe richardson express || kill me quickly,The Joe Richardson Express,2001-01-01,0,,,True
bloodpit || one more time,Bloodpit,2005-01-01,0,,,True
jj cale || if i had a rocket,J.J. Cale,1996-01-01,0,,,True
the viceroys || walkie talkie,The Viceroys,2003-01-01,0,,,True
orange blue || but i do,Orange Blue,2005-01-01,0,,,True
steps || when i said goodbye,Steps,1999-01-01,0,,,True
asyl || pierres brulantes,ASYL,2005-01-01,0,,,True
quinoline yellow || offgroundtouch,Quinoline Yellow,2005-01-01,0,,,True
mazarin || deed to drugs,Mazarin,1999-01-01,0,,,True
tony joe white || let the healing begin,Tony Joe White,1999-01-01,0,,,True
big drill car || nagaina,Big Drill Car,1994-01-01,0,,,True
mojave 3 || bringin me home,Mojave 3,2000-01-01,0,,,True
fun lovin criminals || the fun lovin criminal dj bombjack remix,Fun Lovin' Criminals,2002-01-01,0,,,True
mercan dede || abi hayat,Mercan Dede,2005-01-01,0,,,True
jennifer love hewitt || no ordinary love lp version,Jennifer Love Hewitt,1996-01-01,0,,,True
ottmar liebert || barcelona nights,Ottmar Liebert,1990-01-01,0,,,True
el cuarteto de nos || me hace bien_ me hace mal,El Cuarteto De Nos,2006-01-01,0,,,True
massari || something stopping me,Massari,2009-01-01,0,,,True
homelife || windytreehouserollerdisco,Homelife,2004-01-01,0,,,True
chuck ragan || ole diesel,Chuck Ragan,2009-01-01,0,,,True
swirlies || bonus track,Swirlies,1996-01-01,0,,,True
the aquabats || pinch and roll,The Aquabats,1995-01-01,0,,,True
cock sparrer || why cant you see,Cock Sparrer,1997-01-01,0,,,True
primal fear || nuclear fire,PRIMAL FEAR,2000-01-01,0,,,True
spiral architect || cloud constructor,Spiral Architect,1999-01-01,0,,,True
the dolly rocker movement || go go getter,The Dolly Rocker Movement,2006-01-01,0,,,True
falling sickness || hard enough,Falling Sickness,1996-01-01,0,,,True
choking victim || war story,Choking Victim,1999-01-01,0,,,True
lms || think twice,LMS,1999-01-01,0,,,True
bright light fever || crowded street in may,Bright Light Fever,2006-01-01,0,,,True
alela diane || the ocean,Alela Diane,2009-01-01,0,,,True
karl denson || i want the funk,Karl Denson,2001-01-01,0,,,True
transmotion || blue,Transmotion,1998-01-01,0,,,True
nina simone || my sweet lord today is a killer,Nina Simone,2002-01-01,0,,,True
patti labelle || i dont go shopping,Patti LaBelle,2005-01-01,1,New Day,2004-08-28,True
blackstreet ol dirty bastard || fix,Blackstreet / Ol' Dirty Bastard,1996-01-01,0,,,True
the boxmasters feat billy bob thornton || the kids are alright,The Boxmasters feat. Billy Bob Thornton,2008-01-01,0,,,True
big bill broonzy || worrying you off my mindpart i,Big Bill Broonzy,1990-01-01,0,,,True
beth gibbons rustin man || sand river,Beth Gibbons / Rustin Man,2002-01-01,0,,,True
kroke || desert,Kroke,2003-01-01,0,,,True
stabbing westward || save yourself,Stabbing Westward,1998-01-01,0,,,True
carnival in coal || ring my bell,Carnival in Coal,2001-01-01,0,,,True
bobby || dancing in los angeles,Bobby,2008-01-01,0,,,True
crosby nash || penguin in a palm tree,Crosby & Nash,2004-01-01,0,,,True
hanna marsh || little bird,Hanna Marsh,2006-01-01,0,,,True
firehouse || helpless,Firehouse,1990-01-01,0,,,True
jody watley || i want your love,Jody Watley,2006-01-01,1,Off The Hook,1998-05-16,True
golden smog || tarpit,Golden Smog,2007-01-01,0,,,True
the honor system || i want candy,The Honor System,2003-01-01,0,,,True
blessid union of souls || jelly,Blessid Union Of Souls,1997-01-01,1,All Along,1996-10-12,True
j church || case number,J Church,1995-01-01,0,,,True
sophie b hawkins || help me breathe,Sophie B. Hawkins,1999-01-01,1,Only Love (The Ballad Of Sleeping Beauty),1996-05-11,True
impious || hate killing project,Impious,2009-01-01,0,,,True
meg dia || masterpiece,Meg & Dia,2006-01-01,0,,,True
new flesh || trouble,New Flesh,2006-01-01,0,,,True
ras kass || drama explicit,Ras Kass,1996-01-01,0,,,True
thousand foot krutch || small town,Thousand Foot Krutch,1997-01-01,0,,,True
the mendoza line || molly_ please stop touching me,The Mendoza Line,2003-01-01,0,,,True
harmonica shah || the sky is crying,Harmonica Shah,2000-01-01,0,,,True
grant lee buffalo || last days of tecumseh,Grant Lee Buffalo,1994-01-01,0,,,True
die apokalyptischen reiter || seemann,Die Apokalyptischen Reiter,2006-01-01,0,,,True
eliane elias || jazz influence influencia do jazz,Eliane Elias,1993-01-01,0,,,True
crime mob || if you gonna try me explicit,Crime Mob,2004-01-01,0,,,True
terry stafford || margarita,Terry Stafford,1994-01-01,0,,,True
lee ryan || how do i,Lee Ryan,2005-01-01,0,,,True
karamelo santo || tu pa mi,Karamelo Santo,2004-01-01,0,,,True
ffh || watching over me,FFH,2001-01-01,0,,,True
destroid || silent world sitd remix,Destroid,2010-01-01,0,,,True
the breeders || night of joy,The Breeders,2008-01-01,1,Cannonball,1994-04-16,True
ledisi || love never changes,Ledisi,2009-01-01,0,,,True
carter the unstoppable sex machine || say it with flowers,Carter The Unstoppable Sex Machine,1991-01-01,0,,,True
blue states || theme from within,Blue States,2000-01-01,0,,,True
joe south || fool me 2002 digital,Joe South,2002-01-01,0,,,True
christopher franke || mystical experience on the mountain,Christopher Franke,1996-01-01,0,,,True
rui reininho || laika virgem,Rui Reininho,2008-01-01,0,,,True
the reverend peytons big damn band || my soul to keep,The Reverend Peyton's Big Damn Band,2006-01-01,0,,,True
sheryl crow || hard to make a stand,Sheryl Crow,1996-01-01,1,Can't Cry Anymore,1995-11-04,True
ghostland observatory || all you rock rollers,Ghostland Observatory,2006-01-01,0,,,True
glenn hughes || o come all ye faithful,Glenn Hughes,2000-01-01,0,,,True
connie francis || lullaby of broadway,Connie Francis,2004-01-01,0,,,True
andres calamaro || flaca,Andres Calamaro,1997-01-01,0,,,True
ewigkeit || how to conquer the world,Ewigkeit,2005-01-01,0,,,True
illegal 2001 || auweia,Illegal 2001,1994-01-01,0,,,True
brutal truth || fisting,Brutal Truth,1997-01-01,0,,,True
def con dos || fin de siglo,Def Con Dos,1998-01-01,0,,,True
lenny mac dowell || fasten seat belts,Lenny Mac Dowell,1991-01-01,0,,,True
arctic monkeys || temptation greets you like your naughty friend,Arctic Monkeys,2007-01-01,0,,,True
sintax the terrific || firefly syndrome,Sintax the Terrific,2004-01-01,0,,,True
tomcats in tokyo || turbid liquor,Tomcats in Tokyo,2003-01-01,0,,,True
medhy custos || tant de nous,Medhy Custos,2006-01-01,0,,,True
a skylit drive || knights of the round,A Skylit Drive,2008-01-01,0,,,True
hall of fame || sooner seeing eyes,Hall Of Fame,2000-01-01,0,,,True
destruction || no one shall survive,DESTRUCTION,2008-01-01,0,,,True
mariano yanani || childrens crusade,Mariano Yanani,2005-01-01,0,,,True
francisco cespedes || lloviendo ausencia,Francisco Céspedes,2004-01-01,0,,,True
jedi mind tricks || before the great collapse,Jedi Mind Tricks,2004-01-01,0,,,True
eugene mcguinness || disneyfied,Eugene McGuinness,2008-01-01,0,,,True
anibal troilo || te llaman malevo,Aníbal Troilo,2006-01-01,0,,,True
the white birch || storm broken tree,The White Birch,2005-01-01,0,,,True
sebkhachott || tapisserie xiv territorial talion pissings,Sebkha-Chott,2008-01-01,0,,,True
sarah blasko || down on love,Sarah Blasko,2009-01-01,0,,,True
chiens de paille || sincerement feat masar,Chiens De Paille,2004-01-01,0,,,True
nellie mckay || respectable,Nellie McKay,2004-01-01,0,,,True
dr sapo || taka_ taka,Dr. Sapo,2004-01-01,0,,,True
kaija koo || ei yksi paasky kesaa tee,Kaija Koo,1997-01-01,0,,,True
zelia duncan || benditas,Zélia Duncan,2005-01-01,0,,,True
devendra banhart || foolin,Devendra Banhart,2009-01-01,0,,,True
7 notas 7 colores || les gano a todos,7 Notas 7 Colores,1997-01-01,0,,,True
noze || le spleen du lemurien,Nôze,2005-01-01,0,,,True
baron zen || walked in line,Baron Zen,2006-01-01,0,,,True
superfamily || teens of the 70s,Superfamily,2007-01-01,0,,,True
velvet cacoon || perched on a neverending peak,Velvet Cacoon,2002-01-01,0,,,True
the hunches || explosion,The Hunches,2002-01-01,0,,,True
stille volk || le chant des faunes,Stille Volk,2003-01-01,0,,,True
velvet crush || hold me up,Velvet Crush,1994-01-01,0,,,True
stadio || acqua e sapone,Stadio,1996-01-01,0,,,True
atb || the first tones,ATB,1999-01-01,0,,,True
wilt || i found out,Wilt,2000-01-01,0,,,True
marina lima || tempestade,Marina Lima,1996-01-01,0,,,True
leona lewis || dont let me down,Leona Lewis,2009-01-01,1,Better In Time,2008-12-27,True
dessert sessions || subcutaneous phat,Dessert Sessions,2003-01-01,0,,,True
dido || never want to say its love,Dido,2008-01-01,1,White Flag,2004-06-26,True
alkaline trio || 53104,Alkaline Trio,2000-01-01,0,,,True
jesse malin || love streams,Jesse Malin,2007-01-01,0,,,True
mission of burma || possession,Mission Of Burma,2009-01-01,0,,,True
jenny piccolo || hand that feeds,Jenny Piccolo,2003-01-01,0,,,True
black ghosts || face philipe de boyar remix,Black Ghosts,2007-01-01,0,,,True
daryl hall || wildfire,Daryl Hall,1993-01-01,1,Someone Like You,1987-03-14,True
estatuas de sol || los versos del juglar,Estatuas De Sol,2003-01-01,0,,,True
source direct || technical warfare,Source Direct,1999-01-01,0,,,True
scared of chaka || whos to know,Scared Of Chaka,2001-01-01,0,,,True
corey glover || johnny heartbreak,Corey Glover,1994-01-01,0,,,True
jukebox the ghost || hold it in,Jukebox The Ghost,2007-01-01,0,,,True
inhume || genetic intervention,Inhume,2003-01-01,0,,,True
diana ross || but beautiful,Diana Ross,2006-01-01,1,Chain Reaction,1986-06-21,True
cyan velvet project || the chant,Cyan Velvet Project,2006-01-01,0,,,True
sivert hoyem || going for gold,Sivert Höyem,2009-01-01,0,,,True
buckcherry || frontside,Buckcherry,2001-01-01,0,,,True
peter brotzmann || machine gun,Peter Brotzmann,1996-01-01,0,,,True
silje nergaard || who goes there,Silje Nergaard,2007-01-01,0,,,True
cher || what about the moonlight,Cher,1995-01-01,1,Save Up All Your Tears,1992-02-29,True
craig armstrong || rochester,Craig Armstrong,1999-01-01,0,,,True
the rebirth || evil vibrations,The Rebirth,2005-01-01,0,,,True
delerium || flatlands,Delerium,1994-01-01,0,,,True
kingsbury manx || simplify,Kingsbury Manx,2001-01-01,0,,,True
a la carte brass percussion || san pedro,A La Carte Brass & Percussion,1997-01-01,0,,,True
diana krall || it was a beautiful day in august you can depend on me,Diana Krall,2006-01-01,0,,,True
sworn enemy || lies,Sworn Enemy,2009-01-01,0,,,True
the mars volta || cavalettas,The Mars Volta,2008-01-01,1,The Widow,2005-03-26,True
spray || we are the people our parents warned us about alternate,Spray,2006-01-01,0,,,True
marina rei || noi,Marina Rei,2007-01-01,0,,,True
erika || kingdom,Erika,2010-01-01,0,,,True
toufic farroukh || destins et desirs,Toufic Farroukh,2007-01-01,0,,,True
silje nergaard || arent you cured yet,Silje Nergaard,2007-01-01,0,,,True
siobhan donaghy || dont know why,Siobhan Donaghy,2003-01-01,0,,,True
socialburn || everyone lp version,Socialburn,2003-01-01,0,,,True
patrick doyle || galileo helps jack,Patrick Doyle,2008-01-01,0,,,True
seth lakeman || sound of a drum,Seth Lakeman,2008-01-01,0,,,True
kofi || in love with a dreadlock,Kofi,2008-01-01,0,,,True
substantial || 4dozdatdonkno,Substantial,2007-01-01,0,,,True
mustard plug || suburban homesick blues,Mustard Plug,1997-01-01,0,,,True
chimene badi || repondezmoi,Chimène Badi,2003-01-01,0,,,True
three 6 mafia featuring la chat || 2way freak,Three 6 Mafia featuring La Chat,2005-01-01,0,,,True
filter || so i quit clean,Filter,2002-01-01,1,Take A Picture,2000-04-08,True
martires del compas || serengueti,MARTIRES DEL COMPAS,2004-01-01,0,,,True
aphex twin || schottkey 7th path,Aphex Twin,1992-01-01,0,,,True
the ramones || wart hog,The Ramones,2001-01-01,0,,,True
absynthe minded || stuck in reverse,Absynthe Minded,2007-01-01,0,,,True
gemelli diversi || oggi come ieri rmx,Gemelli Diversi,1998-01-01,0,,,True
aiden || goodbye were falling fast,Aiden,2005-01-01,0,,,True
a perfect circle || counting bodies like sheep to the rhythm of the war drums explicit version,A Perfect Circle,2004-01-01,1,Weak And Powerless,2003-12-27,True
judie tzuke || while she sleeps,Judie Tzuke,2008-01-01,0,,,True
ana popovic || hungry,Ana Popovic,2007-01-01,0,,,True
motorpsycho || junior,Motorpsycho,1993-01-01,0,,,True
babylon bombs || delirious,Babylon Bombs,2005-01-01,0,,,True
dean martin || nevertheless im in love with you,Dean Martin,1998-01-01,0,,,True
jesper kyd || welcome to fyrestone,Jesper Kyd,2009-01-01,0,,,True
greg dulli || the killer,Greg Dulli,2008-01-01,0,,,True
demolition hammer || carnivorous obsession,Demolition Hammer,1992-01-01,0,,,True
am i blood || determined anger,Am I Blood,1997-01-01,0,,,True
john cafferty || hearts on fire,John Cafferty,1991-01-01,1,Heart's On Fire,1986-04-05,True
readymade || the tease,Readymade,2002-01-01,0,,,True
cultus sanguine || silent tunes of falling blood,Cultus Sanguine,1997-01-01,0,,,True
fatals picards || la securite de lemploi en public,Fatals Picards,2008-01-01,0,,,True
voo voo || czlowiek wozkow,Voo Voo,2006-01-01,0,,,True
eric roberson || if i had a chance,Eric Roberson,2007-01-01,0,,,True
chumbawamba || fade away i dont want to,Chumbawamba,2006-01-01,1,Tubthumping,1998-04-11,True
vulgar pigeons || the pollution of history,Vulgar Pigeons,2004-01-01,0,,,True
cheju || camellia richard houghten remix,Cheju,2005-01-01,0,,,True
claude nougaro || les bas,Claude Nougaro,2000-01-01,0,,,True
blof || de geest,Bløf,2003-01-01,0,,,True
pearl jam || johnny guitar,Pearl Jam,2009-01-01,1,World Wide Suicide,2006-05-27,True
claude francois || les choses de la maison,Claude François,1996-01-01,0,,,True
benediction || artefacted irreligion,BENEDICTION,1990-01-01,0,,,True
pastor troy || stay true,Pastor Troy,2006-01-01,0,,,True
dmx || make a move,DMX,1999-01-01,1,Stop Being Greedy,1998-09-19,True
abdel ali slimani || zeyna,Abdel Ali Slimani,1996-01-01,0,,,True
pastora soler || la nina de puerta oscura,Pastora Soler,1994-01-01,0,,,True
microwave dave and the nukes || peace in the alley,Microwave Dave and the Nukes,1995-01-01,0,,,True
urban priol || steuersparmodel,Urban Priol,2007-01-01,0,,,True
tranzas || i wanna go,Tranzas,2000-01-01,0,,,True
epic soundtracks || wild situation,Epic Soundtracks,1992-01-01,0,,,True
the funky lowlives || berceuse,The Funky Lowlives,2002-01-01,0,,,True
arcady || the sally gardens_ miss mcleods reel_ the foxhunters_ the bucks of oranmore,Arcady,1995-01-01,0,,,True
thievery corporation || incident at gate 7,Thievery Corporation,1998-01-01,0,,,True
giuseppe ottaviani john ocallaghan || our dimension,Giuseppe Ottaviani & John O'Callaghan,2010-01-01,0,,,True
yungchen lhamo || lhasa pumo,Yungchen Lhamo,1999-01-01,0,,,True
leo garcia || aunque estes con el,Leo García,2005-01-01,0,,,True
la rumeur || live 1,La Rumeur,2007-01-01,0,,,True
joy denalane || mamani,Joy Denalane,2004-01-01,0,,,True
tuatara || smoke rings,Tuatara,1997-01-01,0,,,True
mani spinx || juliette,Mani Spinx,2003-01-01,0,,,True
jonathan rhys meyers || this time,Jonathan Rhys Meyers,2007-01-01,0,,,True
beanfield || corso,Beanfield,1999-01-01,0,,,True
modey lemon || countries,Modey Lemon,2005-01-01,0,,,True
controlled bleeding || the talking drum,Controlled Bleeding,1999-01-01,0,,,True
alice coltrane || jagadishwar,Alice Coltrane,2004-01-01,0,,,True
shark attack || blood in the water,Shark Attack,2001-01-01,0,,,True
kings of leon || rememo,Kings Of Leon,2004-01-01,0,,,True
mousse t || fire,Mousse T.,2002-01-01,0,,,True
gym class heroes || kid nothing boy vs the echo factor,Gym Class Heroes,2005-01-01,0,,,True
4lyn || one love,4LYN,2005-01-01,0,,,True
cappadonna || slang editorial,Cappadonna,1998-01-01,0,,,True
the beatnuts || fluid,The Beatnuts,2008-01-01,0,,,True
peggy lee || ive got your number,Peggy Lee,2006-01-01,0,,,True
blyth power || bomber harris,Blyth Power,1999-01-01,0,,,True
keaton simons || burch mog,Keaton Simons,2008-01-01,0,,,True
blood red shoes || this is not for you,Blood Red Shoes,2008-01-01,0,,,True
arrested development || give a man a fish live unplugged,ARRESTED DEVELOPMENT,1993-01-01,1,"Revolution (From ""Malcolm X"")",1992-12-26,True
han bennink and terrie ex || tuk,Han Bennink and Terrie Ex,2001-01-01,0,,,True
sister hazel || all for you acoustic,Sister Hazel,1997-01-01,0,,,True
hail social || the strangest things cd,Hail Social,2007-01-01,0,,,True
clifton chenier || johnny cant dance,Clifton Chenier,2001-01-01,0,,,True
jan leyers || as close as ill get,Jan Leyers,2006-01-01,0,,,True
andrew strong || too many cooks spoil the soup,Andrew Strong,1993-01-01,0,,,True
riserva moac || riassunto,Riserva Moac,2009-01-01,0,,,True
west indian girl || what are you afraid of dert remix,West Indian Girl,2006-01-01,0,,,True
phil wickham || after your heart,Phil Wickham,2007-01-01,0,,,True
native nod || crossings,Native Nod,1996-01-01,0,,,True
babasonicos || egocripta,Babasonicos,1997-01-01,0,,,True
pennywise || one voice,Pennywise,1999-01-01,0,,,True
steve howe || js theme,Steve Howe,2001-01-01,0,,,True
big maceo || i got the blues,Big Maceo,1994-01-01,0,,,True
cockney rejects || fists of fury,Cockney Rejects,2007-01-01,0,,,True
doug stone || these lips dont know how to say goodbye,Doug Stone,1992-01-01,0,,,True
mundstuhl || hiller bitte steh auf,Mundstuhl,2004-01-01,0,,,True
ghastly city sleep || subtle orsaster,Ghastly City Sleep,2007-01-01,0,,,True
paul carrack || where did i go wrong lp version,Paul Carrack,2003-01-01,1,I Live By The Groove,1990-01-20,True
griffin house || liberty line,Griffin House,2004-01-01,0,,,True
maurice chevalier || ma pomme,Maurice Chevalier,1992-01-01,0,,,True
sitd || mortal,SITD,2002-01-01,0,,,True
seelenkrank || victim of war,Seelenkrank,1996-01-01,0,,,True
ultraviolence || birth jessica,Ultraviolence,1995-01-01,0,,,True
jonny lang || save yourself,Jonny Lang,2003-01-01,0,,,True
phil perry || ready for love,Phil Perry,2008-01-01,0,,,True
five finger death punch || never enough,Five Finger Death Punch,2008-01-01,0,,,True
november process || stability,November Process,2004-01-01,0,,,True
the mojomatics || right or wrong,The Mojomatics,2006-01-01,0,,,True
booka shade || regenerate,Booka Shade,2010-01-01,0,,,True
gob || everyone pushed down,Gob,2001-01-01,0,,,True
den gale pose || definitionen af en stodder klub version,Den Gale Pose,2001-01-01,0,,,True
silencio absoluto || en la noche,Silencio Absoluto,1997-01-01,0,,,True
doug stanhope || end the hate,Doug Stanhope,2000-01-01,0,,,True
harald kloser || cutting the rope,Harald Kloser,2004-01-01,0,,,True
bennie motens kansas city orchestra || tulsa blues,Bennie Moten's Kansas City Orchestra,1990-01-01,0,,,True
kay d smith || die reise,Kay D. Smith,2002-01-01,0,,,True
the chap || surgery,The Chap,2008-01-01,0,,,True
mysterymen || is it real,Mysterymen,2004-01-01,0,,,True
miika kuisma || trying my new wings,Miika Kuisma,2007-01-01,0,,,True
robert rich || serpent,Robert Rich,1991-01-01,0,,,True
kelly joe phelps || not so far to go,Kelly Joe Phelps,2003-01-01,0,,,True
excalion || firewood,Excalion,2010-01-01,0,,,True
zeke || t500,Zeke,1996-01-01,0,,,True
horse feathers || like lavender,Horse Feathers,2006-01-01,0,,,True
beres hammond || they gonna talk,Beres Hammond,2000-01-01,0,,,True
bram vermeulen || ik schaam me zo,Bram Vermeulen,1995-01-01,0,,,True
reach the sky || she really loved you,Reach The Sky,1999-01-01,0,,,True
marilyn scott || close enough,Marilyn Scott,1996-01-01,0,,,True
the wedding || the call new version,The Wedding,2007-01-01,0,,,True
doves || lifelines instrumental,Doves,2009-01-01,0,,,True
suburban tribe || ill trees,Sub-Urban Tribe,1997-01-01,0,,,True
the sundresses || us_ asshole,The Sundresses,2003-01-01,0,,,True
the radio dept || deliverance,The Radio Dept.,2005-01-01,0,,,True
xploding plastix || bulldozer butterfly,Xploding Plastix,2008-01-01,0,,,True
les wampas || paolo,Les Wampas,1996-01-01,0,,,True
falsalarma || el padre de familia,Falsalarma,2002-01-01,0,,,True
unicorn kid || animal city,Unicorn Kid,2009-01-01,0,,,True
five iron frenzy || spartan,Five Iron Frenzy,2001-01-01,0,,,True
mull historical society || the final arrears,Mull Historical Society,2003-01-01,0,,,True
a faith called chaos || forgive nothing lp version,A Faith Called Chaos,2004-01-01,0,,,True
old mans child || born of the flickering,Old Man's Child,1995-01-01,0,,,True
rio reiser || okay,Rio Reiser,1993-01-01,0,,,True
didier super || jai encore reve delle,Didier Super,2009-01-01,0,,,True
bob baldwin || street sounds,Bob Baldwin,2004-01-01,0,,,True
earl zinger || song 2wo,Earl Zinger,2002-01-01,0,,,True
tok || money 2 burn,T.O.K.,2001-01-01,0,,,True
senser || brightest rays,Senser,2009-01-01,0,,,True
drums tuba || the notorious rumpler,Drums & Tuba,1999-01-01,0,,,True
calexico || victor jaras hands,Calexico,2008-01-01,0,,,True
blind melon || soup,Blind Melon,1994-01-01,1,No Rain,1993-12-25,True
hillstomp || rollin and tumblin,Hillstomp,2007-01-01,0,,,True
psychopomps || rock around the cock,Psychopomps,1996-01-01,0,,,True
sightings || we all amplify,Sightings,2010-01-01,0,,,True
daniela mercury || quero voltar pra bahia,Daniela Mercury,2004-01-01,0,,,True
antonio carlos jobim || samba de aviao lp version,Antonio Carlos Jobim,1996-01-01,0,,,True
lostep || family tennis,Lostep,2006-01-01,0,,,True
manchester orchestra || my friend marcus,Manchester Orchestra,2009-01-01,0,,,True
blackhawk || spirit dancer,BlackHawk,2002-01-01,1,There You Have It,1999-03-06,True
king missile || im sorry lp version,King Missile,1992-01-01,0,,,True
susan tedeschi || the danger zone,Susan Tedeschi,2005-01-01,0,,,True
minnie riperton || light my fire digitally remastered 93,Minnie Riperton,1993-01-01,0,,,True
the hokum boys || gin mill blues,The Hokum Boys,1992-01-01,0,,,True
frumpies || whatshisname hearts the frumpies,Frumpies,1998-01-01,0,,,True
reverend and the makers || the state of things,Reverend And The Makers,2007-01-01,0,,,True
in extremo || nur ihr allein,In Extremo,2005-01-01,0,,,True
bad brains || to the heavens,Bad Brains,1995-01-01,0,,,True
chants of maldoror || interlude ii,Chants Of Maldoror,2005-01-01,0,,,True
sweet trip || forever,Sweet Trip,2009-01-01,0,,,True
hootie and the blowfish || dream baby,Hootie And The Blowfish,1995-01-01,0,,,True
paolo meneguzzi || por un amor mas grande in nome dellamore,Paolo Meneguzzi,2008-01-01,0,,,True
psapp || apple block,Psapp,2006-01-01,0,,,True
ti dj drama || look at all these rumors,T.I. & DJ Drama,2006-01-01,0,,,True
andreas johnson || peoplewwd mix,Andreas Johnson,1999-01-01,0,,,True
sister hazel || save myself album,Sister Hazel,2010-01-01,1,Change Your Mind,2000-11-25,True
mike stern || with a twist lp version,Mike Stern,1996-01-01,0,,,True
weinland || i feel wasted,Weinland,2009-01-01,0,,,True
sieges even || eyes wide open,Sieges Even,2007-01-01,0,,,True
laura cantrell || silver wings,Laura Cantrell,2008-01-01,0,,,True
waldeck || defenceless,Waldeck,1999-01-01,0,,,True
friends like these || moving_ hanging,Friends Like These,2002-01-01,0,,,True
the aluminum group || milligram of happiness,The Aluminum Group,2008-01-01,0,,,True
the business || drinking and driving live and loud,The Business,2005-01-01,0,,,True
marea || como el viento de poniente,Marea,2002-01-01,0,,,True
richard thompson featuring teddy thompson || persuasion,Richard Thompson Featuring Teddy Thompson,1992-01-01,0,,,True
eternal flight || real,Eternal Flight,2004-01-01,0,,,True
lalah hathaway || smile,Lalah Hathaway,1990-01-01,0,,,True
falling up || the dark side of indoor track meets,Falling Up,2007-01-01,0,,,True
pretty ricky || go getta feat meat bones amended,Pretty Ricky,2007-01-01,1,Your Body,2005-12-17,True
karen souza || creep,Karen Souza,2006-01-01,0,,,True
blues traveler || the queen of sarajevo,Blues Traveler,2008-01-01,1,Hook,1996-05-25,True
freq nasty || la machina latina,FreQ Nasty,2003-01-01,0,,,True
jack dangers || meteor ride,Jack Dangers,2004-01-01,0,,,True
jolly music || with love,Jolly Music,2000-01-01,0,,,True
corvus corax || mille anni passi sunt,Corvus Corax,2000-01-01,0,,,True
texas tornados || the gardens lp version,Texas Tornados,1996-01-01,0,,,True
los violadores || ellos son,Los Violadores,1990-01-01,0,,,True
ben ricour || le risque,Ben Ricour,2005-01-01,0,,,True
hacienda || flannel sunset,Hacienda,1998-01-01,0,,,True
pieces of a dream || theme from mahogany,Pieces Of A Dream,2001-01-01,0,,,True
restoring poetry in music || intro,Restoring Poetry in Music,2004-01-01,0,,,True
brownsville station || lovin lady lee lp version,Brownsville Station,2005-01-01,0,,,True
the tangent || perdu dans paris,The Tangent,2009-01-01,0,,,True
brian mcknight || last dance,Brian McKnight,1999-01-01,1,On The Down Low,1995-10-14,True
dub wiser || neo selecta,Dub Wiser,2005-01-01,0,,,True
la oreja de van gogh || bonustrack,La Oreja de Van Gogh,2004-01-01,0,,,True
strung out || jackieo,Strung Out,2000-01-01,0,,,True
destinys child || bad habit,Destiny's Child,2004-01-01,1,Emotion,2002-02-09,True
good shoes || times change,Good Shoes,2010-01-01,0,,,True
amel larrieux || no one else,Amel Larrieux,2006-01-01,1,Get Up,2000-03-18,True
adelaide hall || that old feeling,Adelaide Hall,2006-01-01,0,,,True
nonpoint || excessive reaction,Nonpoint,2002-01-01,0,,,True
mani spinx || run_ run_ baby run_ run,Mani Spinx,2003-01-01,0,,,True
ana carolina || garganta,Ana Carolina,1999-01-01,0,,,True
for today || words of hope,For Today,2008-01-01,0,,,True
kristin chenoweth || it will be me,Kristin Chenoweth,2005-01-01,0,,,True
neikka rpm || twist the blade feat len lemiere of implant,Neikka RPM,2004-01-01,0,,,True
donald lawrence the tricity singers || in the presence of a king,Donald Lawrence & The Tri-City Singers,2005-01-01,0,,,True
mens recovery project || new years party in a sweltering apartment,Men's Recovery Project,2000-01-01,0,,,True
michael w smith || eagles fly,Michael W. Smith,2004-01-01,1,Love Me Good,1998-05-23,True
ruxpin || moment with you,Ruxpin,2003-01-01,0,,,True
eight legs || i dont have the time,Eight Legs,2009-01-01,0,,,True
primus || the pressman,Primus,1993-01-01,0,,,True
mariusz lubomski || spacerologia,Mariusz Lubomski,1998-01-01,0,,,True
tapes n tapes || conquest,Tapes n Tapes,2008-01-01,0,,,True
the chemical brothers featuring kos || get yourself high felix da housecats chemical meltdown mix feat kos,The Chemical Brothers Featuring K-OS,2004-01-01,0,,,True
malcolm middleton || stay,Malcolm Middleton,2008-01-01,0,,,True
crionics || episode of the falling star,Crionics,2000-01-01,0,,,True
baphomet engine || preludio,Baphomet Engine,2006-01-01,0,,,True
guitar wolf || sparkle baby,Guitar Wolf,2002-01-01,0,,,True
neal morse || so long goodbye blues,Neal Morse,2001-01-01,0,,,True
mokoma || sudet ihmisten vaatteissa,Mokoma,2004-01-01,0,,,True
roachford || do we wanna live together,Roachford,1994-01-01,1,Cuddly Toy (Feel For Me),1989-07-15,True
captain planet || hols stockchen_ bitte,Captain Planet,2007-01-01,0,,,True
ec8or || unable to balance,Ec8or,1998-01-01,0,,,True
peto tazok karaoke tundra || tomas tocaky,Peto Tazok & Karaoke Tundra,2008-01-01,0,,,True
regenerator || the grave,Regenerator,2005-01-01,0,,,True
kathy troccoli || thats how much i love you,Kathy Troccoli,1995-01-01,1,Tell Me Where It Hurts,1994-08-13,True
2raumwohnung || da stehst du,2raumwohnung,2002-01-01,0,,,True
royal flush || intro,Royal Flush,1997-01-01,0,,,True
nutone feat natalie williams || system accapella,Nu:Tone feat. Natalie Williams,2008-01-01,0,,,True
streetwize || sorry 2004,Streetwize,2004-01-01,0,,,True
jeremy jordan || try my love lp version,Jeremy Jordan,1993-01-01,1,"The Right Kind Of Love (From ""Beverly Hills, 90210"")",1992-12-26,True
alton ellis || let him try,Alton Ellis,2005-01-01,0,,,True
louis chedid || si madame nature a les nerfs,Louis Chedid,2004-01-01,0,,,True
kinderzimmer productions || i didnt know what time it was,Kinderzimmer Productions,1999-01-01,0,,,True
accuface || the suns meridian,Accuface,2005-01-01,0,,,True
impaled || sickness is health,Impaled,2007-01-01,0,,,True
fantasma 3 || todo puede ser,Fantasma #3,2006-01-01,0,,,True
sioen || communicate,Sioen,2007-01-01,0,,,True
jennifer lopez || amarte es todo,Jennifer Lopez,2007-01-01,1,Get Right,2005-05-14,True
jackson 5 || la la means i love you,Jackson 5,2008-01-01,0,,,True
tatrai band || valami fogva tart,Tátrai Band,1994-01-01,0,,,True
mariah carey featuring busta rhymes_ fabulous and dj clue || last night a dj saved my life,Mariah Carey Featuring Busta Rhymes_ Fabulous And  DJ Clue,2001-01-01,0,,,True
balkan beat box || habibi min zaman,Balkan Beat Box,2007-01-01,0,,,True
